{"credit": "MadebyPolygonMC", "textures": {"1": "oceanset/animation_axe", "2": "oceanset/axe", "particle": "oceanset/axe"}, "elements": [{"from": [7.5, 2.45, 7.5], "to": [8.5, 4.95, 8.5], "rotation": {"angle": 0, "axis": "y", "origin": [7.5, -0.05, 7.5]}, "faces": {"north": {"uv": [2, 9.33333, 2.66667, 11], "texture": "#2"}, "east": {"uv": [2.66667, 9.33333, 3.33333, 11], "texture": "#2"}, "south": {"uv": [9.33333, 2.66667, 10, 4.33333], "texture": "#2"}, "west": {"uv": [3.33333, 9.33333, 4, 11], "texture": "#2"}, "down": {"uv": [2, 10.66667, 1.33333, 11.33333], "texture": "#2"}}}, {"from": [7.6, -0.05, 7.6], "to": [8.4, 2.45, 8.4], "rotation": {"angle": 0, "axis": "y", "origin": [7.5, -2.55, 7.5]}, "faces": {"north": {"uv": [4, 9.33333, 4.66667, 11], "texture": "#2"}, "east": {"uv": [4.66667, 9.33333, 5.33333, 11], "texture": "#2"}, "south": {"uv": [9.33333, 4.66667, 10, 6.33333], "texture": "#2"}, "west": {"uv": [5.33333, 9.33333, 6, 11], "texture": "#2"}}}, {"from": [7.475, -1.3, 7.25], "to": [8.525, 0.2, 8.75], "rotation": {"angle": -45, "axis": "x", "origin": [8, -0.55, 8]}, "faces": {"north": {"uv": [10.66667, 12, 11.33333, 13], "texture": "#2"}, "east": {"uv": [9.33333, 6.66667, 10.33333, 7.66667], "texture": "#2"}, "south": {"uv": [11.33333, 12, 12, 13], "texture": "#2"}, "west": {"uv": [7.33333, 9.33333, 8.33333, 10.33333], "texture": "#2"}, "up": {"uv": [12.66667, 12.33333, 12, 11.33333], "texture": "#2"}, "down": {"uv": [13.33333, 0, 12.66667, 1], "texture": "#2"}}}, {"from": [7.275, -1, 7.55], "to": [8.725, -0.1, 8.45], "rotation": {"angle": -45, "axis": "x", "origin": [8, -0.55, 8]}, "faces": {"north": {"uv": [1.33333, 12.66667, 2.33333, 13.33333], "texture": "#2"}, "east": {"uv": [12.66667, 7.33333, 13.33333, 8], "texture": "#2"}, "south": {"uv": [12.66667, 1.33333, 13.66667, 2], "texture": "#2"}, "west": {"uv": [8.66667, 12.66667, 9.33333, 13.33333], "texture": "#2"}, "up": {"uv": [13.66667, 2.66667, 12.66667, 2], "texture": "#2"}, "down": {"uv": [3.66667, 12.66667, 2.66667, 13.33333], "texture": "#2"}}}, {"from": [7.25, 4.95, 7.25], "to": [8.75, 6.2, 8.75], "rotation": {"angle": 0, "axis": "y", "origin": [7.5, -0.05, 7.5]}, "faces": {"north": {"uv": [8.66667, 9.33333, 9.66667, 10.33333], "texture": "#2"}, "east": {"uv": [10, 2.66667, 11, 3.66667], "texture": "#2"}, "south": {"uv": [10, 4, 11, 5], "texture": "#2"}, "west": {"uv": [10, 5.33333, 11, 6.33333], "texture": "#2"}, "up": {"uv": [11, 9, 10, 8], "texture": "#2"}, "down": {"uv": [11, 9.33333, 10, 10.33333], "texture": "#2"}}}, {"from": [7.25, 11.95, 7.25], "to": [8.75, 13.2, 8.75], "rotation": {"angle": 0, "axis": "y", "origin": [7.5, 6.95, 7.5]}, "faces": {"north": {"uv": [0, 10.66667, 1, 11.66667], "texture": "#2"}, "east": {"uv": [10.66667, 0, 11.66667, 1], "texture": "#2"}, "south": {"uv": [10.66667, 1.33333, 11.66667, 2.33333], "texture": "#2"}, "west": {"uv": [10.66667, 6.66667, 11.66667, 7.66667], "texture": "#2"}, "up": {"uv": [8.33333, 11.66667, 7.33333, 10.66667], "texture": "#2"}, "down": {"uv": [9.66667, 10.66667, 8.66667, 11.66667], "texture": "#2"}}}, {"from": [7.4, 12.5, 7], "to": [8.6, 14.5, 9], "rotation": {"angle": -45, "axis": "x", "origin": [8, 13.5, 8]}, "faces": {"north": {"uv": [11.33333, 10.66667, 12, 12], "texture": "#2"}, "east": {"uv": [0, 8, 1.33333, 9.33333], "texture": "#2"}, "south": {"uv": [0, 12, 0.66667, 13.33333], "texture": "#2"}, "west": {"uv": [1.33333, 8, 2.66667, 9.33333], "texture": "#2"}, "up": {"uv": [12.66667, 1.33333, 12, 0], "texture": "#2"}, "down": {"uv": [1.33333, 12, 0.66667, 13.33333], "texture": "#2"}}}, {"from": [7.15, 12.75, 7.25], "to": [8.85, 14.25, 8.75], "rotation": {"angle": -45, "axis": "x", "origin": [8, 13.5, 8]}, "faces": {"north": {"uv": [10, 10.66667, 11, 11.66667], "texture": "#2"}, "east": {"uv": [1.33333, 11.33333, 2.33333, 12.33333], "texture": "#2"}, "south": {"uv": [2.66667, 11.33333, 3.66667, 12.33333], "texture": "#2"}, "west": {"uv": [11.33333, 2.66667, 12.33333, 3.66667], "texture": "#2"}, "up": {"uv": [5, 12.33333, 4, 11.33333], "texture": "#2"}, "down": {"uv": [12.33333, 4, 11.33333, 5], "texture": "#2"}}}, {"from": [7.5, 14, 7], "to": [8.5, 16, 9], "rotation": {"angle": -45, "axis": "x", "origin": [8, 15, 8]}, "faces": {"north": {"uv": [12, 1.33333, 12.66667, 2.66667], "texture": "#2"}, "east": {"uv": [2.66667, 8, 4, 9.33333], "texture": "#2"}, "south": {"uv": [12, 6.66667, 12.66667, 8], "texture": "#2"}, "west": {"uv": [4, 8, 5.33333, 9.33333], "texture": "#2"}, "up": {"uv": [8, 13.33333, 7.33333, 12], "texture": "#2"}, "down": {"uv": [8.66667, 12, 8, 13.33333], "texture": "#2"}}}, {"from": [7.65, 15.5, 7], "to": [8.35, 17, 8.5], "rotation": {"angle": -45, "axis": "x", "origin": [8, 16.5, 8]}, "faces": {"north": {"uv": [12.66667, 8.66667, 13, 9.66667], "texture": "#2"}, "east": {"uv": [5.33333, 11.33333, 6.33333, 12.33333], "texture": "#2"}, "south": {"uv": [9.33333, 12.66667, 9.66667, 13.66667], "texture": "#2"}, "west": {"uv": [11.33333, 5.33333, 12.33333, 6.33333], "texture": "#2"}, "up": {"uv": [13, 11, 12.66667, 10], "texture": "#2"}, "down": {"uv": [13, 11.33333, 12.66667, 12.33333], "texture": "#2"}}}, {"from": [7.5, 14.25, 4.75], "to": [8.5, 15.75, 7.25], "rotation": {"angle": 22.5, "axis": "x", "origin": [7.5, 14.25, 3.25]}, "faces": {"north": {"uv": [12.66667, 2.66667, 13.33333, 3.66667], "texture": "#2"}, "east": {"uv": [8, 8, 9.66667, 9], "texture": "#2"}, "south": {"uv": [4, 12.66667, 4.66667, 13.66667], "texture": "#2"}, "west": {"uv": [0, 9.33333, 1.66667, 10.33333], "texture": "#2"}, "up": {"uv": [6.66667, 11, 6, 9.33333], "texture": "#2"}, "down": {"uv": [7.33333, 9.33333, 6.66667, 11], "texture": "#2"}}}, {"from": [7.25, 14.25, 4.875], "to": [8.75, 15.25, 6.75], "rotation": {"angle": 22.5, "axis": "x", "origin": [8, 15, 4]}, "faces": {"north": {"uv": [12.66667, 4, 13.66667, 4.66667], "texture": "#2"}, "east": {"uv": [12, 8, 13.33333, 8.66667], "texture": "#2"}, "south": {"uv": [4.66667, 12.66667, 5.66667, 13.33333], "texture": "#2"}, "west": {"uv": [8.66667, 12, 10, 12.66667], "texture": "#2"}, "up": {"uv": [10.33333, 1.33333, 9.33333, 0], "texture": "#2"}, "down": {"uv": [10.33333, 1.33333, 9.33333, 2.66667], "texture": "#2"}}}, {"from": [8, -3, 6.5], "to": [8, 0, 9.5], "rotation": {"angle": -45, "axis": "x", "origin": [8, -1.5, 8]}, "faces": {"north": {"uv": [0, 0, 0, 2], "texture": "#2"}, "east": {"uv": [0, 6, 2, 8], "texture": "#2"}, "south": {"uv": [0, 0, 0, 2], "texture": "#2"}, "west": {"uv": [2, 6, 4, 8], "texture": "#2"}, "up": {"uv": [0, 2, 0, 0], "texture": "#2"}, "down": {"uv": [0, 0, 0, 2], "texture": "#2"}}}, {"from": [7.1, 6, 7.1], "to": [8.9, 12, 8.9], "rotation": {"angle": 0, "axis": "y", "origin": [7, 6, 7]}, "faces": {"north": {"uv": [4, 0, 5.33333, 4], "texture": "#2"}, "east": {"uv": [4, 4, 5.33333, 8], "texture": "#2"}, "south": {"uv": [5.33333, 0, 6.66667, 4], "texture": "#2"}, "west": {"uv": [5.33333, 4, 6.66667, 8], "texture": "#2"}, "up": {"uv": [6.66667, 9.33333, 5.33333, 8], "texture": "#2"}, "down": {"uv": [8, 8, 6.66667, 9.33333], "texture": "#2"}}}, {"from": [7.78, 11.03943, 3.6126], "to": [8.22, 12.79943, 7.7926], "rotation": {"angle": 0, "axis": "x", "origin": [8, 11.65028, 4.32654]}, "faces": {"north": {"uv": [12.66667, 4.66667, 13, 6], "texture": "#2"}, "east": {"uv": [6.66667, 0, 9.33333, 1.33333], "texture": "#2"}, "west": {"uv": [6.66667, 1.33333, 9.33333, 2.66667], "texture": "#2"}, "up": {"uv": [7, 14, 6.66667, 11.33333], "texture": "#2"}, "down": {"uv": [11.66667, 8, 11.33333, 10.66667], "texture": "#2"}}}, {"from": [7.7888, 9.45012, 3.99801], "to": [8.2112, 11.40012, 7.38801], "rotation": {"angle": -22.5, "axis": "x", "origin": [8.0088, 10.25097, 4.71196]}, "faces": {"north": {"uv": [6, 12.66667, 6.33333, 14], "texture": "#2"}, "east": {"uv": [6.66667, 2.66667, 9, 4], "texture": "#2"}, "south": {"uv": [14, 1, 14.33333, 2.33333], "texture": "#2"}, "west": {"uv": [6.66667, 4, 9, 5.33333], "texture": "#2"}, "up": {"uv": [0, 0, 0, 0], "texture": "#2"}, "down": {"uv": [12.33333, 8.66667, 12, 11], "texture": "#2"}}}, {"from": [7.7888, 12.43874, 3.99801], "to": [8.2112, 14.53874, 7.38801], "rotation": {"angle": 22.5, "axis": "x", "origin": [8.0088, 13.58789, 4.71196]}, "faces": {"north": {"uv": [12.66667, 6, 13, 7.33333], "texture": "#2"}, "east": {"uv": [6.66667, 5.33333, 9, 6.66667], "texture": "#2"}, "south": {"uv": [14, 0, 14.33333, 1.33333], "texture": "#2"}, "west": {"uv": [6.66667, 6.66667, 9, 8], "texture": "#2"}, "up": {"uv": [10.33333, 14.33333, 10, 12], "texture": "#2"}}}, {"from": [8, 7.54333, 0.71135], "to": [8, 16.34333, 6.21135], "rotation": {"angle": 0, "axis": "y", "origin": [8, 8.42333, -0.16865]}, "faces": {"north": {"uv": [0, 0, 0, 6], "texture": "#2"}, "east": {"uv": [3.66667, 0, 0, 6], "texture": "#2"}, "south": {"uv": [0, 0, 0, 6], "texture": "#2"}, "west": {"uv": [0, 0, 3.66667, 6], "texture": "#2"}, "up": {"uv": [0, 3.66667, 0, 0], "texture": "#2"}, "down": {"uv": [0, 0, 0, 3.66667], "texture": "#2"}}}, {"from": [7.725, 7.11833, 0.56135], "to": [7.725, 15.91833, 5.56135], "rotation": {"angle": -22.5, "axis": "x", "origin": [7.725, 11.51833, 3.06135]}, "faces": {"north": {"uv": [0, 0, 0, 9], "texture": "#1"}, "south": {"uv": [0, 0, 0, 9], "texture": "#1"}, "west": {"uv": [0, 0, 5, 9], "texture": "#1"}, "up": {"uv": [0, 5, 0, 0], "texture": "#1"}, "down": {"uv": [0, 0, 0, 5], "texture": "#1"}}}, {"from": [7.725, 7.11833, 10.43865], "to": [7.725, 15.91833, 15.43865], "rotation": {"angle": 22.5, "axis": "x", "origin": [7.725, 11.51833, 12.93865]}, "faces": {"north": {"uv": [0, 0, 0, 9], "texture": "#1"}, "south": {"uv": [0, 0, 0, 9], "texture": "#1"}, "west": {"uv": [5, 0, 0, 9], "texture": "#1"}, "up": {"uv": [0, 0, 0, 5], "texture": "#1"}, "down": {"uv": [0, 5, 0, 0], "texture": "#1"}}}, {"from": [8.275, 7.11833, 0.56135], "to": [8.275, 15.91833, 5.56135], "rotation": {"angle": -22.5, "axis": "x", "origin": [8.275, 11.51833, 3.06135]}, "faces": {"north": {"uv": [0, 0, 0, 9], "texture": "#1"}, "east": {"uv": [5, 0, 0, 9], "texture": "#1"}, "south": {"uv": [0, 0, 0, 9], "texture": "#1"}, "up": {"uv": [0, 5, 0, 0], "texture": "#1"}, "down": {"uv": [0, 0, 0, 5], "texture": "#1"}}}, {"from": [8.275, 7.11833, 10.43865], "to": [8.275, 15.91833, 15.43865], "rotation": {"angle": 22.5, "axis": "x", "origin": [8.275, 11.51833, 12.93865]}, "faces": {"north": {"uv": [0, 0, 0, 9], "texture": "#1"}, "east": {"uv": [0, 0, 5, 9], "texture": "#1"}, "south": {"uv": [0, 0, 0, 9], "texture": "#1"}, "up": {"uv": [0, 0, 0, 5], "texture": "#1"}, "down": {"uv": [0, 5, 0, 0], "texture": "#1"}}}, {"from": [7.5, 14.25, 8.75], "to": [8.5, 15.75, 11.25], "rotation": {"angle": -22.5, "axis": "x", "origin": [7.5, 14.25, 12.75]}, "faces": {"north": {"uv": [4.66667, 12.66667, 4, 13.66667], "texture": "#2"}, "east": {"uv": [9.66667, 8, 8, 9], "texture": "#2"}, "south": {"uv": [13.33333, 2.66667, 12.66667, 3.66667], "texture": "#2"}, "west": {"uv": [1.66667, 9.33333, 0, 10.33333], "texture": "#2"}, "up": {"uv": [6.66667, 9.33333, 6, 11], "texture": "#2"}, "down": {"uv": [7.33333, 11, 6.66667, 9.33333], "texture": "#2"}}}, {"from": [7.25, 14.25, 9.25], "to": [8.75, 15.25, 11.125], "rotation": {"angle": -22.5, "axis": "x", "origin": [8, 15, 12]}, "faces": {"north": {"uv": [5.66667, 12.66667, 4.66667, 13.33333], "texture": "#2"}, "east": {"uv": [13.33333, 8, 12, 8.66667], "texture": "#2"}, "south": {"uv": [13.66667, 4, 12.66667, 4.66667], "texture": "#2"}, "west": {"uv": [10, 12, 8.66667, 12.66667], "texture": "#2"}, "up": {"uv": [10.33333, 0, 9.33333, 1.33333], "texture": "#2"}, "down": {"uv": [10.33333, 2.66667, 9.33333, 1.33333], "texture": "#2"}}}, {"from": [7.78, 11.03943, 8.2074], "to": [8.22, 12.79943, 12.3874], "rotation": {"angle": 0, "axis": "x", "origin": [8, 11.65028, 11.67346]}, "faces": {"east": {"uv": [9.33333, 0, 6.66667, 1.33333], "texture": "#2"}, "south": {"uv": [13, 4.66667, 12.66667, 6], "texture": "#2"}, "west": {"uv": [9.33333, 1.33333, 6.66667, 2.66667], "texture": "#2"}, "up": {"uv": [7, 11.33333, 6.66667, 14], "texture": "#2"}, "down": {"uv": [11.66667, 10.66667, 11.33333, 8], "texture": "#2"}}}, {"from": [7.7888, 9.45012, 8.61199], "to": [8.2112, 11.40012, 12.00199], "rotation": {"angle": 22.5, "axis": "x", "origin": [8.0088, 10.25097, 11.28804]}, "faces": {"north": {"uv": [14.33333, 1, 14, 2.33333], "texture": "#2"}, "east": {"uv": [9, 2.66667, 6.66667, 4], "texture": "#2"}, "south": {"uv": [6.33333, 12.66667, 6, 14], "texture": "#2"}, "west": {"uv": [9, 4, 6.66667, 5.33333], "texture": "#2"}, "up": {"uv": [0, 0, 0, 0], "texture": "#2"}, "down": {"uv": [12.33333, 11, 12, 8.66667], "texture": "#2"}}}, {"from": [7.7888, 12.43874, 8.61199], "to": [8.2112, 14.53874, 12.00199], "rotation": {"angle": -22.5, "axis": "x", "origin": [8.0088, 13.58789, 11.28804]}, "faces": {"north": {"uv": [14.33333, 0, 14, 1.33333], "texture": "#2"}, "east": {"uv": [9, 5.33333, 6.66667, 6.66667], "texture": "#2"}, "south": {"uv": [13, 6, 12.66667, 7.33333], "texture": "#2"}, "west": {"uv": [9, 6.66667, 6.66667, 8], "texture": "#2"}, "up": {"uv": [10.33333, 12, 10, 14.33333], "texture": "#2"}}}, {"from": [8, 7.54333, 9.78865], "to": [8, 16.34333, 15.28865], "rotation": {"angle": 0, "axis": "y", "origin": [8, 8.42333, 16.16865]}, "faces": {"north": {"uv": [0, 0, 0, 6], "texture": "#2"}, "east": {"uv": [0, 0, 3.66667, 6], "texture": "#2"}, "south": {"uv": [0, 0, 0, 6], "texture": "#2"}, "west": {"uv": [3.66667, 0, 0, 6], "texture": "#2"}, "up": {"uv": [0, 0, 0, 3.66667], "texture": "#2"}, "down": {"uv": [0, 3.66667, 0, 0], "texture": "#2"}}}], "gui_light": "front", "display": {"thirdperson_righthand": {"translation": [0, 2.75, 1]}, "thirdperson_lefthand": {"translation": [0, 2.75, 1]}, "firstperson_righthand": {"rotation": [-10, 0, 0], "translation": [-1.75, 5, 1.5]}, "firstperson_lefthand": {"rotation": [-10, 0, 0], "translation": [-1.75, 5, 1.5]}, "ground": {"translation": [0, 12.5, 0]}, "gui": {"rotation": [90, -45, 90], "translation": [0, 0, -0.5], "scale": [1.0586, 1.0586, 1.0586]}, "head": {"scale": [1.5, 1.5, 1.5], "rotation": [0, 90, 0]}, "fixed": {"rotation": [90, -135, 90], "translation": [-0.5, -0.5, -0.5], "scale": [1.13672, 1.13672, 1.13672]}}}