{"credit": "MadebyPolygonMC", "texture_size": [24, 24], "textures": {"0": "oceanset/backpack", "particle": "oceanset/backpack"}, "elements": [{"from": [5.5, 3.0005, 7.625], "to": [10.5, 7.0005, 11.625], "rotation": {"angle": 0, "axis": "y", "origin": [5.5, 3.0005, 7.625]}, "faces": {"north": {"uv": [0, 0, 3.33333, 2.66667], "texture": "#0"}, "east": {"uv": [0, 5.33333, 2.66667, 8], "texture": "#0"}, "south": {"uv": [0, 2.66667, 3.33333, 5.33333], "texture": "#0"}, "west": {"uv": [2.66667, 5.33333, 5.33333, 8], "texture": "#0"}, "up": {"uv": [6.66667, 2.66667, 3.33333, 0], "texture": "#0"}, "down": {"uv": [6.66667, 2.66667, 3.33333, 5.33333], "texture": "#0"}}}, {"from": [5.5, 7.0005, 7.625], "to": [10.5, 10.0005, 10.625], "rotation": {"angle": 0, "axis": "y", "origin": [5.5, 3.0005, 7.625]}, "faces": {"north": {"uv": [5.33333, 5.33333, 8.66667, 7.33333], "texture": "#0"}, "east": {"uv": [0, 8, 2, 10], "texture": "#0"}, "south": {"uv": [6.66667, 0, 10, 2], "texture": "#0"}, "west": {"uv": [2, 8, 4, 10], "texture": "#0"}, "up": {"uv": [10, 4, 6.66667, 2], "texture": "#0"}}}, {"from": [10.5, 4.0005, 8.625], "to": [11.5, 6.0005, 10.625], "rotation": {"angle": 0, "axis": "y", "origin": [12.5, 5.0005, 7.625]}, "faces": {"north": {"uv": [8.66667, 5.33333, 9.33333, 6.66667], "texture": "#0"}, "east": {"uv": [8, 7.33333, 9.33333, 8.66667], "texture": "#0"}, "south": {"uv": [8, 8.66667, 8.66667, 10], "texture": "#0"}, "up": {"uv": [9.33333, 10, 8.66667, 8.66667], "texture": "#0"}, "down": {"uv": [10, 4, 9.33333, 5.33333], "texture": "#0"}}}, {"from": [4.5, 4.0005, 8.625], "to": [5.5, 6.0005, 10.625], "rotation": {"angle": 0, "axis": "y", "origin": [3.5, 5.0005, 7.625]}, "faces": {"north": {"uv": [9.33333, 5.33333, 8.66667, 6.66667], "texture": "#0"}, "south": {"uv": [8.66667, 8.66667, 8, 10], "texture": "#0"}, "west": {"uv": [9.33333, 7.33333, 8, 8.66667], "texture": "#0"}, "up": {"uv": [8.66667, 10, 9.33333, 8.66667], "texture": "#0"}, "down": {"uv": [9.33333, 4, 10, 5.33333], "texture": "#0"}}}, {"from": [5.5, 10.0005, 7.625], "to": [6.5, 11.0005, 7.625], "rotation": {"angle": 0, "axis": "y", "origin": [3, 9.0005, 5.625]}, "faces": {"north": {"uv": [10, 8, 9.33333, 8.66667], "texture": "#0"}, "east": {"uv": [0, 0, 0, 0.66667], "texture": "#0"}, "south": {"uv": [9.33333, 8, 10, 8.66667], "texture": "#0"}, "west": {"uv": [0, 0, 0, 0.66667], "texture": "#0"}, "up": {"uv": [0.66667, 0, 0, 0], "texture": "#0"}, "down": {"uv": [0.66667, 0, 0, 0], "texture": "#0"}}}, {"from": [5.5, 6.0005, 5.125], "to": [6.5, 11.0005, 5.125], "rotation": {"angle": 0, "axis": "y", "origin": [3, 9.0005, 6.125]}, "faces": {"north": {"uv": [4, 8, 4.66667, 11.33333], "texture": "#0"}, "east": {"uv": [0, 0, 0, 3.33333], "texture": "#0"}, "south": {"uv": [4.66667, 8, 4, 11.33333], "texture": "#0"}, "west": {"uv": [0, 0, 0, 3.33333], "texture": "#0"}, "up": {"uv": [0.66667, 0, 0, 0], "texture": "#0"}, "down": {"uv": [0.66667, 0, 0, 0], "texture": "#0"}}}, {"from": [5.5, 10.9995, 5.125], "to": [6.5, 10.9995, 7.625], "rotation": {"angle": 0, "axis": "x", "origin": [3, 9.9995, 5.625]}, "faces": {"north": {"uv": [0, 0, 0.66667, 0], "texture": "#0"}, "east": {"uv": [0, 0, 1.66667, 0], "texture": "#0"}, "south": {"uv": [0, 0, 0.66667, 0], "texture": "#0"}, "west": {"uv": [0, 0, 1.66667, 0], "texture": "#0"}, "up": {"uv": [5.33333, 9.66667, 4.66667, 8], "texture": "#0"}, "down": {"uv": [5.33333, 8, 4.66667, 9.66667], "texture": "#0"}}}, {"from": [5.5, 5.9995, 5.125], "to": [6.5, 5.9995, 7.625], "rotation": {"angle": 0, "axis": "x", "origin": [3, 9.9995, 5.625]}, "faces": {"north": {"uv": [0, 0, 0.66667, 0], "texture": "#0"}, "east": {"uv": [0, 0, 1.66667, 0], "texture": "#0"}, "south": {"uv": [0, 0, 0.66667, 0], "texture": "#0"}, "west": {"uv": [0, 0, 1.66667, 0], "texture": "#0"}, "up": {"uv": [5.33333, 9.66667, 4.66667, 8], "texture": "#0"}, "down": {"uv": [5.33333, 8, 4.66667, 9.66667], "texture": "#0"}}}, {"from": [9.5, 10.9995, 5.125], "to": [10.5, 10.9995, 7.625], "rotation": {"angle": 0, "axis": "x", "origin": [13, 9.9995, 5.625]}, "faces": {"north": {"uv": [0.66667, 0, 0, 0], "texture": "#0"}, "east": {"uv": [1.66667, 0, 0, 0], "texture": "#0"}, "south": {"uv": [0.66667, 0, 0, 0], "texture": "#0"}, "west": {"uv": [1.66667, 0, 0, 0], "texture": "#0"}, "up": {"uv": [4.66667, 9.66667, 5.33333, 8], "texture": "#0"}, "down": {"uv": [4.66667, 8, 5.33333, 9.66667], "texture": "#0"}}}, {"from": [9.5, 6.0005, 5.125], "to": [10.5, 11.0005, 5.125], "rotation": {"angle": 0, "axis": "y", "origin": [13, 9.0005, 6.125]}, "faces": {"north": {"uv": [4.66667, 8, 4, 11.33333], "texture": "#0"}, "east": {"uv": [0, 0, 0, 3.33333], "texture": "#0"}, "south": {"uv": [4, 8, 4.66667, 11.33333], "texture": "#0"}, "west": {"uv": [0, 0, 0, 3.33333], "texture": "#0"}, "up": {"uv": [0, 0, 0.66667, 0], "texture": "#0"}, "down": {"uv": [0, 0, 0.66667, 0], "texture": "#0"}}}, {"from": [9.5, 5.9995, 5.125], "to": [10.5, 5.9995, 7.625], "rotation": {"angle": 0, "axis": "x", "origin": [13, 9.9995, 5.625]}, "faces": {"north": {"uv": [0.66667, 0, 0, 0], "texture": "#0"}, "east": {"uv": [1.66667, 0, 0, 0], "texture": "#0"}, "south": {"uv": [0.66667, 0, 0, 0], "texture": "#0"}, "west": {"uv": [1.66667, 0, 0, 0], "texture": "#0"}, "up": {"uv": [4.66667, 9.66667, 5.33333, 8], "texture": "#0"}, "down": {"uv": [4.66667, 8, 5.33333, 9.66667], "texture": "#0"}}}, {"from": [9.5, 10.0005, 7.625], "to": [10.5, 11.0005, 7.625], "rotation": {"angle": 0, "axis": "y", "origin": [13, 9.0005, 5.625]}, "faces": {"north": {"uv": [9.33333, 8, 10, 8.66667], "texture": "#0"}, "east": {"uv": [0, 0, 0, 0.66667], "texture": "#0"}, "south": {"uv": [10, 8, 9.33333, 8.66667], "texture": "#0"}, "west": {"uv": [0, 0, 0, 0.66667], "texture": "#0"}, "up": {"uv": [0, 0, 0.66667, 0], "texture": "#0"}, "down": {"uv": [0, 0, 0.66667, 0], "texture": "#0"}}}, {"from": [6, 10.0005, 8.125], "to": [10, 10.5005, 11.125], "rotation": {"angle": 0, "axis": "y", "origin": [3.5, 9.0005, 5.625]}, "faces": {"north": {"uv": [8.66667, 6.66667, 11.33333, 7], "texture": "#0"}, "east": {"uv": [9.33333, 6, 11.33333, 6.33333], "texture": "#0"}, "south": {"uv": [5.33333, 9.33333, 8, 9.66667], "texture": "#0"}, "west": {"uv": [9.33333, 7.33333, 11.33333, 7.66667], "texture": "#0"}, "up": {"uv": [8, 9.33333, 5.33333, 7.33333], "texture": "#0"}}}, {"from": [6, 8.0005, 10.625], "to": [10, 10.0005, 11.125], "rotation": {"angle": 0, "axis": "x", "origin": [8, 8.5005, 10.875]}, "faces": {"east": {"uv": [9.33333, 8.66667, 9.66667, 10], "texture": "#0"}, "south": {"uv": [6.66667, 4, 9.33333, 5.33333], "texture": "#0"}, "west": {"uv": [0, 10, 0.33333, 11.33333], "texture": "#0"}, "down": {"uv": [12, 5.33333, 9.33333, 5.66667], "texture": "#0"}}}], "gui_light": "front", "display": {"thirdperson_righthand": {"rotation": [33, 180, 0], "translation": [0, -1.75, -1.5], "scale": [0.96953, 0.96953, 0.96953]}, "thirdperson_lefthand": {"rotation": [68, 0, 0], "translation": [-5.5, -5.75, 8.25], "scale": [1.69727, 1.69727, 1.69727]}, "firstperson_righthand": {"rotation": [-7, 0, 0], "translation": [-4.5, 7, 3.75], "scale": [0.75586, 0.75586, 0.75586]}, "firstperson_lefthand": {"scale": [0, 0, 0]}, "ground": {"rotation": [-40, 0, 0], "translation": [0, 3.25, 0]}, "gui": {"rotation": [25, -45, 0], "translation": [0.75, 1.5, 0], "scale": [1.59766, 1.59766, 1.59766]}, "head": {"translation": [0, -49.75, 4.25], "scale": [2.68477, 2.68477, 2.68477]}, "fixed": {"rotation": [-90, 180, 0], "translation": [0, 6.5, -17.75], "scale": [3.56836, 3.56836, 3.56836]}}}