{"credit": "Made by PolygonMC", "textures": {"0": "oceanset/bow", "1": "oceanset/animation_bow_1", "2": "oceanset/animation_bow_2", "particle": "oceanset/bow"}, "elements": [{"from": [7.5, 8.73254, 7.5], "to": [8.5, 10.73254, 8.5], "rotation": {"angle": 22.5, "axis": "x", "origin": [8, 9.73254, 8]}, "faces": {"north": {"uv": [4.66667, 6, 5.33333, 7.33333], "texture": "#0"}, "east": {"uv": [3.33333, 7.33333, 4, 8.66667], "texture": "#0"}, "south": {"uv": [4, 7.33333, 4.66667, 8.66667], "texture": "#0"}, "west": {"uv": [7.33333, 4, 8, 5.33333], "texture": "#0"}, "up": {"uv": [7.33333, 3.33333, 6.66667, 2.66667], "texture": "#0"}, "down": {"uv": [8.66667, 8, 8, 8.66667], "texture": "#0"}}}, {"from": [7.5, 7, 7.15538], "to": [8.5, 9, 8.15538], "rotation": {"angle": 0, "axis": "x", "origin": [8, 8, 7.65538]}, "faces": {"north": {"uv": [4.66667, 7.33333, 5.33333, 8.66667], "texture": "#0"}, "east": {"uv": [5.33333, 7.33333, 6, 8.66667], "texture": "#0"}, "south": {"uv": [7.33333, 5.33333, 8, 6.66667], "texture": "#0"}, "west": {"uv": [6, 7.33333, 6.66667, 8.66667], "texture": "#0"}, "up": {"uv": [9.33333, 2, 8.66667, 1.33333], "texture": "#0"}, "down": {"uv": [9.33333, 2, 8.66667, 2.66667], "texture": "#0"}}}, {"from": [7.3, 10.175, 7.725], "to": [8.7, 11.575, 9.125], "rotation": {"angle": -45, "axis": "x", "origin": [8, 10.875, 8.425]}, "faces": {"north": {"uv": [3.33333, 6, 4.33333, 7], "texture": "#0"}, "east": {"uv": [6, 3.33333, 7, 4.33333], "texture": "#0"}, "south": {"uv": [6, 4.66667, 7, 5.66667], "texture": "#0"}, "west": {"uv": [6, 6, 7, 7], "texture": "#0"}, "up": {"uv": [7.66667, 2.33333, 6.66667, 1.33333], "texture": "#0"}, "down": {"uv": [8.33333, 2.66667, 7.33333, 3.66667], "texture": "#0"}}}, {"from": [7.5, 11.44651, 9.8364], "to": [8.5, 13.44651, 10.8364], "rotation": {"angle": 22.5, "axis": "x", "origin": [6.8, 15.1799, 8.75]}, "faces": {"north": {"uv": [6.66667, 7.33333, 7.33333, 8.66667], "texture": "#0"}, "east": {"uv": [7.33333, 6.66667, 8, 8], "texture": "#0"}, "south": {"uv": [8, 1.33333, 8.66667, 2.66667], "texture": "#0"}, "west": {"uv": [8, 4, 8.66667, 5.33333], "texture": "#0"}, "up": {"uv": [9.33333, 3.33333, 8.66667, 2.66667], "texture": "#0"}, "down": {"uv": [4, 8.66667, 3.33333, 9.33333], "texture": "#0"}}}, {"from": [7.46, 12.96749, 9.60462], "to": [8.54, 16.12749, 10.68462], "rotation": {"angle": 45, "axis": "x", "origin": [8, 14.04749, 9.16962]}, "faces": {"north": {"uv": [5.33333, 1.33333, 6, 3.33333], "texture": "#0"}, "east": {"uv": [5.33333, 3.33333, 6, 5.33333], "texture": "#0"}, "south": {"uv": [5.33333, 5.33333, 6, 7.33333], "texture": "#0"}, "west": {"uv": [6, 1.33333, 6.66667, 3.33333], "texture": "#0"}, "up": {"uv": [9.33333, 4, 8.66667, 3.33333], "texture": "#0"}, "down": {"uv": [4.66667, 8.66667, 4, 9.33333], "texture": "#0"}}}, {"from": [7.568, 14.81266, 10.82754], "to": [8.432, 15.67666, 12.55554], "rotation": {"angle": -22.5, "axis": "x", "origin": [8, 15.79466, 12.24154]}, "faces": {"east": {"uv": [8, 5.33333, 9, 6], "texture": "#0"}, "south": {"uv": [8.66667, 4, 9.33333, 4.66667], "texture": "#0"}, "west": {"uv": [8, 6, 9, 6.66667], "texture": "#0"}, "up": {"uv": [8.66667, 7.66667, 8, 6.66667], "texture": "#0"}, "down": {"uv": [8, 8, 7.33333, 9], "texture": "#0"}}}, {"from": [7.66304, 15.06185, 12.56687], "to": [8.33696, 15.73577, 13.91471], "rotation": {"angle": 0, "axis": "x", "origin": [8, 15.37381, 13.44079]}, "faces": {"east": {"uv": [4.66667, 8.66667, 5.66667, 9], "texture": "#0"}, "south": {"uv": [8.66667, 6.66667, 9, 7], "texture": "#0"}, "west": {"uv": [8.66667, 4.66667, 9.66667, 5], "texture": "#0"}, "up": {"uv": [6.33333, 9.66667, 6, 8.66667], "texture": "#0"}, "down": {"uv": [7, 8.66667, 6.66667, 9.66667], "texture": "#0"}}}, {"from": [8.625, 12.85, 2.475], "to": [8.625, 17.1, 5.475], "rotation": {"angle": 22.5, "axis": "x", "origin": [16, 0, 0]}, "faces": {"north": {"uv": [0, 0, 0, 3], "texture": "#0"}, "east": {"uv": [3.33333, 1.33333, 5.33333, 4.33333], "texture": "#0"}, "south": {"uv": [0, 0, 0, 3], "texture": "#0"}, "west": {"uv": [5.33333, 1.33333, 3.33333, 4.33333], "texture": "#0"}, "up": {"uv": [0, 2, 0, 0], "texture": "#0"}, "down": {"uv": [0, 0, 0, 2], "texture": "#0"}}}, {"from": [7.375, 12.85, 2.475], "to": [7.375, 17.1, 5.475], "rotation": {"angle": 22.5, "axis": "x", "origin": [0, 0, 0]}, "faces": {"north": {"uv": [0, 0, 0, 3], "texture": "#0"}, "east": {"uv": [3.33333, 1.33333, 5.33333, 4.33333], "texture": "#0"}, "south": {"uv": [0, 0, 0, 3], "texture": "#0"}, "west": {"uv": [5.33333, 1.33333, 3.33333, 4.33333], "texture": "#0"}, "up": {"uv": [0, 2, 0, 0], "texture": "#0"}, "down": {"uv": [0, 0, 0, 2], "texture": "#0"}}}, {"from": [7.375, -1.1, 2.475], "to": [7.375, 3.15, 5.475], "rotation": {"angle": -22.5, "axis": "x", "origin": [0, 16, 0]}, "faces": {"north": {"uv": [0, 3, 0, 0], "texture": "#0"}, "east": {"uv": [3.33333, 4.33333, 5.33333, 1.33333], "texture": "#0"}, "south": {"uv": [0, 3, 0, 0], "texture": "#0"}, "west": {"uv": [5.33333, 4.33333, 3.33333, 1.33333], "texture": "#0"}, "up": {"uv": [0, 2, 0, 0], "texture": "#0"}, "down": {"uv": [0, 0, 0, 2], "texture": "#0"}}}, {"from": [8.625, -1.1, 2.475], "to": [8.625, 3.15, 5.475], "rotation": {"angle": -22.5, "axis": "x", "origin": [16, 16, 0]}, "faces": {"north": {"uv": [0, 3, 0, 0], "texture": "#0"}, "east": {"uv": [3.33333, 4.33333, 5.33333, 1.33333], "texture": "#0"}, "south": {"uv": [0, 3, 0, 0], "texture": "#0"}, "west": {"uv": [5.33333, 4.33333, 3.33333, 1.33333], "texture": "#0"}, "up": {"uv": [0, 2, 0, 0], "texture": "#0"}, "down": {"uv": [0, 0, 0, 2], "texture": "#0"}}}, {"from": [7.75, 13.78216, 12.45869], "to": [7.75, 15.95216, 15.17869], "rotation": {"angle": -22.5, "axis": "x", "origin": [8, 16.81716, 10.94369]}, "faces": {"north": {"uv": [0, 0, 0, 1.33333], "texture": "#0"}, "east": {"uv": [5, 4.66667, 3.33333, 6], "texture": "#0"}, "south": {"uv": [0, 0, 0, 1.33333], "texture": "#0"}, "west": {"uv": [3.33333, 4.66667, 5, 6], "texture": "#0"}, "up": {"uv": [0, 1.66667, 0, 0], "texture": "#0"}, "down": {"uv": [0, 0, 0, 1.66667], "texture": "#0"}}}, {"from": [8.25, 13.78216, 12.45869], "to": [8.25, 15.95216, 15.17869], "rotation": {"angle": -22.5, "axis": "x", "origin": [8, 16.81716, 10.94369]}, "faces": {"north": {"uv": [0, 0, 0, 1.33333], "texture": "#0"}, "east": {"uv": [5, 4.66667, 3.33333, 6], "texture": "#0"}, "south": {"uv": [0, 0, 0, 1.33333], "texture": "#0"}, "west": {"uv": [3.33333, 4.66667, 5, 6], "texture": "#0"}, "up": {"uv": [0, 1.66667, 0, 0], "texture": "#0"}, "down": {"uv": [0, 0, 0, 1.66667], "texture": "#0"}}}, {"from": [7.5, 5.26746, 7.5], "to": [8.5, 7.26746, 8.5], "rotation": {"angle": -22.5, "axis": "x", "origin": [8, 6.26746, 8]}, "faces": {"north": {"uv": [4.66667, 7.33333, 5.33333, 6], "texture": "#0"}, "east": {"uv": [3.33333, 8.66667, 4, 7.33333], "texture": "#0"}, "south": {"uv": [4, 8.66667, 4.66667, 7.33333], "texture": "#0"}, "west": {"uv": [7.33333, 5.33333, 8, 4], "texture": "#0"}, "up": {"uv": [8.66667, 8.66667, 8, 8], "texture": "#0"}, "down": {"uv": [7.33333, 2.66667, 6.66667, 3.33333], "texture": "#0"}}}, {"from": [7.3, 4.425, 7.725], "to": [8.7, 5.825, 9.125], "rotation": {"angle": 45, "axis": "x", "origin": [8, 5.125, 8.425]}, "faces": {"north": {"uv": [3.33333, 7, 4.33333, 6], "texture": "#0"}, "east": {"uv": [6, 4.33333, 7, 3.33333], "texture": "#0"}, "south": {"uv": [6, 5.66667, 7, 4.66667], "texture": "#0"}, "west": {"uv": [6, 7, 7, 6], "texture": "#0"}, "up": {"uv": [8.33333, 3.66667, 7.33333, 2.66667], "texture": "#0"}, "down": {"uv": [7.66667, 1.33333, 6.66667, 2.33333], "texture": "#0"}}}, {"from": [7.5, 2.55349, 9.8364], "to": [8.5, 4.55349, 10.8364], "rotation": {"angle": -22.5, "axis": "x", "origin": [6.8, 0.8201, 8.75]}, "faces": {"north": {"uv": [6.66667, 8.66667, 7.33333, 7.33333], "texture": "#0"}, "east": {"uv": [7.33333, 8, 8, 6.66667], "texture": "#0"}, "south": {"uv": [8, 2.66667, 8.66667, 1.33333], "texture": "#0"}, "west": {"uv": [8, 5.33333, 8.66667, 4], "texture": "#0"}, "up": {"uv": [4, 9.33333, 3.33333, 8.66667], "texture": "#0"}, "down": {"uv": [9.33333, 2.66667, 8.66667, 3.33333], "texture": "#0"}}}, {"from": [7.46, -0.12749, 9.60462], "to": [8.54, 3.03251, 10.68462], "rotation": {"angle": -45, "axis": "x", "origin": [8, 1.95251, 9.16962]}, "faces": {"north": {"uv": [5.33333, 3.33333, 6, 1.33333], "texture": "#0"}, "east": {"uv": [5.33333, 5.33333, 6, 3.33333], "texture": "#0"}, "south": {"uv": [5.33333, 7.33333, 6, 5.33333], "texture": "#0"}, "west": {"uv": [6, 3.33333, 6.66667, 1.33333], "texture": "#0"}, "up": {"uv": [4.66667, 9.33333, 4, 8.66667], "texture": "#0"}, "down": {"uv": [9.33333, 3.33333, 8.66667, 4], "texture": "#0"}}}, {"from": [7.568, 0.32334, 10.82754], "to": [8.432, 1.18734, 12.55554], "rotation": {"angle": 22.5, "axis": "x", "origin": [8, 0.20534, 12.24154]}, "faces": {"east": {"uv": [8, 6, 9, 5.33333], "texture": "#0"}, "south": {"uv": [8.66667, 4.66667, 9.33333, 4], "texture": "#0"}, "west": {"uv": [8, 6.66667, 9, 6], "texture": "#0"}, "up": {"uv": [8, 9, 7.33333, 8], "texture": "#0"}, "down": {"uv": [8.66667, 6.66667, 8, 7.66667], "texture": "#0"}}}, {"from": [7.66304, 0.26423, 12.56687], "to": [8.33696, 0.93815, 13.91471], "rotation": {"angle": 0, "axis": "x", "origin": [8, 0.62619, 13.44079]}, "faces": {"east": {"uv": [4.66667, 9, 5.66667, 8.66667], "texture": "#0"}, "south": {"uv": [8.66667, 7, 9, 6.66667], "texture": "#0"}, "west": {"uv": [8.66667, 5, 9.66667, 4.66667], "texture": "#0"}, "up": {"uv": [7, 9.66667, 6.66667, 8.66667], "texture": "#0"}, "down": {"uv": [6.33333, 8.66667, 6, 9.66667], "texture": "#0"}}}, {"from": [7.75, 0.04784, 12.45869], "to": [7.75, 2.21784, 15.17869], "rotation": {"angle": 22.5, "axis": "x", "origin": [8, -0.81716, 10.94369]}, "faces": {"north": {"uv": [0, 1.33333, 0, 0], "texture": "#0"}, "east": {"uv": [5, 6, 3.33333, 4.66667], "texture": "#0"}, "south": {"uv": [0, 1.33333, 0, 0], "texture": "#0"}, "west": {"uv": [3.33333, 6, 5, 4.66667], "texture": "#0"}, "up": {"uv": [0, 1.66667, 0, 0], "texture": "#0"}, "down": {"uv": [0, 0, 0, 1.66667], "texture": "#0"}}}, {"from": [8.25, 0.04784, 12.45869], "to": [8.25, 2.21784, 15.17869], "rotation": {"angle": 22.5, "axis": "x", "origin": [8, -0.81716, 10.94369]}, "faces": {"north": {"uv": [0, 1.33333, 0, 0], "texture": "#0"}, "east": {"uv": [5, 6, 3.33333, 4.66667], "texture": "#0"}, "south": {"uv": [0, 1.33333, 0, 0], "texture": "#0"}, "west": {"uv": [3.33333, 6, 5, 4.66667], "texture": "#0"}, "up": {"uv": [0, 1.66667, 0, 0], "texture": "#0"}, "down": {"uv": [0, 0, 0, 1.66667], "texture": "#0"}}}, {"from": [8, 0.5, 13.25], "to": [8, 15.5, 18.25], "rotation": {"angle": 0, "axis": "y", "origin": [8, 2, 5.5]}, "faces": {"north": {"uv": [0, 0, 0, 10], "texture": "#0"}, "east": {"uv": [3.33333, 0, 0, 10], "texture": "#0"}, "south": {"uv": [0, 0, 0, 10], "texture": "#0"}, "west": {"uv": [0, 0, 3.33333, 10], "texture": "#0"}, "up": {"uv": [0, 3.33333, 0, 0], "texture": "#0"}, "down": {"uv": [0, 0, 0, 3.33333], "texture": "#0"}}}, {"from": [8, 7.25, 0], "to": [8, 8.75, 13.5], "rotation": {"angle": -45, "axis": "z", "origin": [8, 8, 6.75]}, "faces": {"north": {"uv": [0, 0, 0, 1], "texture": "#0"}, "east": {"uv": [12.33333, 0, 3.33333, 1], "texture": "#0"}, "south": {"uv": [0, 0, 0, 1], "texture": "#0"}, "west": {"uv": [3.33333, 0, 12.33333, 1], "texture": "#0"}, "up": {"uv": [0, 9, 0, 0], "texture": "#0"}, "down": {"uv": [0, 0, 0, 9], "texture": "#0"}}}, {"from": [8, 7.25, 0], "to": [8, 8.75, 13.5], "rotation": {"angle": 45, "axis": "z", "origin": [8, 8, 6.75]}, "faces": {"north": {"uv": [0, 0, 0, 1], "texture": "#0"}, "east": {"uv": [12.33333, 0, 3.33333, 1], "texture": "#0"}, "south": {"uv": [0, 0, 0, 1], "texture": "#0"}, "west": {"uv": [3.33333, 0, 12.33333, 1], "texture": "#0"}, "up": {"uv": [0, 9, 0, 0], "texture": "#0"}, "down": {"uv": [0, 0, 0, 9], "texture": "#0"}}}, {"from": [7.225, 12.75, 2.25], "to": [7.225, 19.75, 5.25], "rotation": {"angle": 22.5, "axis": "x", "origin": [0.475, -0.25, -1.75]}, "faces": {"north": {"uv": [0, 0, 0, 14], "texture": "#1"}, "south": {"uv": [0, 0, 0, 14], "texture": "#1"}, "west": {"uv": [0, 0, 6, 14], "texture": "#1"}, "up": {"uv": [0, 6, 0, 0], "texture": "#1"}, "down": {"uv": [0, 0, 0, 6], "texture": "#1"}}}, {"from": [8.775, 12.75, 2.25], "to": [8.775, 19.75, 5.25], "rotation": {"angle": 22.5, "axis": "x", "origin": [15.525, -0.25, -1.75]}, "faces": {"north": {"uv": [0, 0, 0, 14], "texture": "#1"}, "east": {"uv": [6, 0, 0, 14], "texture": "#1"}, "south": {"uv": [0, 0, 0, 14], "texture": "#1"}, "up": {"uv": [0, 6, 0, 0], "texture": "#1"}, "down": {"uv": [0, 0, 0, 6], "texture": "#1"}}}, {"from": [8.775, -3.75, 2.25], "to": [8.775, 3.25, 5.25], "rotation": {"angle": -22.5, "axis": "x", "origin": [15.525, 16.25, -1.75]}, "faces": {"north": {"uv": [0, 14, 0, 0], "texture": "#1"}, "east": {"uv": [6, 14, 0, 0], "texture": "#1"}, "south": {"uv": [0, 14, 0, 0], "texture": "#1"}, "up": {"uv": [0, 6, 0, 0], "texture": "#1"}, "down": {"uv": [0, 0, 0, 6], "texture": "#1"}}}, {"from": [7.225, -3.75, 2.25], "to": [7.225, 3.25, 5.25], "rotation": {"angle": -22.5, "axis": "x", "origin": [0.475, 16.25, -1.75]}, "faces": {"north": {"uv": [0, 14, 0, 0], "texture": "#1"}, "south": {"uv": [0, 14, 0, 0], "texture": "#1"}, "west": {"uv": [0, 14, 6, 0], "texture": "#1"}, "up": {"uv": [0, 6, 0, 0], "texture": "#1"}, "down": {"uv": [0, 0, 0, 6], "texture": "#1"}}}, {"from": [7, 9, 0], "to": [9, 9, 7], "rotation": {"angle": -45, "axis": "z", "origin": [8, 8, 3.5]}, "faces": {"north": {"uv": [0, 0, 2, 0], "texture": "#2"}, "east": {"uv": [0, 0, 7, 0], "texture": "#2"}, "south": {"uv": [0, 0, 2, 0], "texture": "#2"}, "west": {"uv": [0, 0, 7, 0], "texture": "#2"}, "up": {"uv": [0, 2, 7, 4], "rotation": 90, "texture": "#2"}, "down": {"uv": [7, 2, 0, 4], "rotation": 90, "texture": "#2"}}}, {"from": [7, 7.001, 0], "to": [7, 9.001, 7], "rotation": {"angle": -45, "axis": "z", "origin": [8, 8, 3.5]}, "faces": {"north": {"uv": [0, 0, 0, 2], "texture": "#2"}, "east": {"uv": [7, 4, 0, 6], "texture": "#2"}, "south": {"uv": [0, 0, 0, 2], "texture": "#2"}, "west": {"uv": [0, 4, 7, 6], "texture": "#2"}, "up": {"uv": [0, 7, 0, 0], "texture": "#2"}, "down": {"uv": [0, 0, 0, 7], "texture": "#2"}}}, {"from": [9, 7.001, 0], "to": [9, 9.001, 7], "rotation": {"angle": -45, "axis": "z", "origin": [8, 8, 3.5]}, "faces": {"north": {"uv": [0, 0, 0, 2], "texture": "#2"}, "east": {"uv": [7, 2, 0, 0], "texture": "#2"}, "south": {"uv": [0, 0, 0, 2], "texture": "#2"}, "west": {"uv": [0, 2, 7, 0], "texture": "#2"}, "up": {"uv": [0, 7, 0, 0], "texture": "#2"}, "down": {"uv": [0, 0, 0, 7], "texture": "#2"}}}, {"from": [7, 7, 0], "to": [9, 7, 7], "rotation": {"angle": -45, "axis": "z", "origin": [8, 8, 3.5]}, "faces": {"north": {"uv": [0, 0, 2, 0], "texture": "#2"}, "east": {"uv": [0, 0, 7, 0], "texture": "#2"}, "south": {"uv": [0, 0, 2, 0], "texture": "#2"}, "west": {"uv": [0, 0, 7, 0], "texture": "#2"}, "up": {"uv": [0, 8, 7, 6], "rotation": 90, "texture": "#2"}, "down": {"uv": [7, 8, 0, 6], "rotation": 90, "texture": "#2"}}}], "gui_light": "front", "display": {"thirdperson_righthand": {"translation": [0, -2, 0.75]}, "thirdperson_lefthand": {"translation": [0, -2, 0.75]}, "firstperson_righthand": {"rotation": [20, 20, 0], "translation": [0, 2.75, -2.25]}, "firstperson_lefthand": {"rotation": [20, -20, 0], "translation": [2, 2.5, -1.5]}, "ground": {"translation": [0, 9.75, -2.5]}, "gui": {"rotation": [90, 45, 90], "translation": [-4, 4, 0]}, "head": {"scale": [1.5, 1.5, 1.5], "rotation": [90, 45, 90]}, "fixed": {"rotation": [90, -45, 90], "translation": [3.75, 3.75, -0.75]}}}