{"credit": "MadebyPolygonMC", "texture_size": [24, 24], "textures": {"1": "oceanset/fishing_rod", "2": "oceanset/animation_1", "particle": "oceanset/animation_1"}, "elements": [{"from": [7.5, 2.45, 7.5], "to": [8.5, 4.95, 8.5], "rotation": {"angle": 0, "axis": "y", "origin": [7.5, -0.05, 7.5]}, "faces": {"north": {"uv": [4.66667, 9.33333, 5.33333, 11], "texture": "#1"}, "east": {"uv": [5.33333, 9.33333, 6, 11], "texture": "#1"}, "south": {"uv": [6, 9.33333, 6.66667, 11], "texture": "#1"}, "west": {"uv": [6.66667, 9.33333, 7.33333, 11], "texture": "#1"}, "down": {"uv": [10.66667, 9.33333, 10, 10], "texture": "#1"}}}, {"from": [7.6, -0.05, 7.6], "to": [8.4, 2.45, 8.4], "rotation": {"angle": 0, "axis": "y", "origin": [7.5, -2.55, 7.5]}, "faces": {"north": {"uv": [7.33333, 9.33333, 8, 11], "texture": "#1"}, "east": {"uv": [8, 9.33333, 8.66667, 11], "texture": "#1"}, "south": {"uv": [9.33333, 8, 10, 9.66667], "texture": "#1"}, "west": {"uv": [8.66667, 9.33333, 9.33333, 11], "texture": "#1"}}}, {"from": [7.475, -1.3, 7.25], "to": [8.525, 0.2, 8.75], "rotation": {"angle": -45, "axis": "x", "origin": [8, -0.55, 8]}, "faces": {"north": {"uv": [2, 12, 2.66667, 13], "texture": "#1"}, "east": {"uv": [10, 5.33333, 11, 6.33333], "texture": "#1"}, "south": {"uv": [12, 4, 12.66667, 5], "texture": "#1"}, "west": {"uv": [10, 6.66667, 11, 7.66667], "texture": "#1"}, "up": {"uv": [12.66667, 10.33333, 12, 9.33333], "texture": "#1"}, "down": {"uv": [11.33333, 12, 10.66667, 13], "texture": "#1"}}}, {"from": [7.275, -1, 7.55], "to": [8.725, -0.1, 8.45], "rotation": {"angle": -45, "axis": "x", "origin": [8, -0.55, 8]}, "faces": {"north": {"uv": [12, 10.66667, 13, 11.33333], "texture": "#1"}, "east": {"uv": [12.66667, 4, 13.33333, 4.66667], "texture": "#1"}, "south": {"uv": [11.33333, 12, 12.33333, 12.66667], "texture": "#1"}, "west": {"uv": [4.66667, 12.66667, 5.33333, 13.33333], "texture": "#1"}, "up": {"uv": [13, 12, 12, 11.33333], "texture": "#1"}, "down": {"uv": [13.66667, 0, 12.66667, 0.66667], "texture": "#1"}}}, {"from": [7.25, 4.95, 7.25], "to": [8.75, 6.2, 8.75], "rotation": {"angle": 0, "axis": "y", "origin": [7.5, -0.05, 7.5]}, "faces": {"north": {"uv": [10, 8, 11, 9], "texture": "#1"}, "east": {"uv": [9.33333, 10, 10.33333, 11], "texture": "#1"}, "south": {"uv": [10.66667, 0, 11.66667, 1], "texture": "#1"}, "west": {"uv": [10.66667, 1.33333, 11.66667, 2.33333], "texture": "#1"}, "up": {"uv": [11.66667, 3.66667, 10.66667, 2.66667], "texture": "#1"}, "down": {"uv": [11.66667, 4, 10.66667, 5], "texture": "#1"}}}, {"from": [7.4, 5.5, 7], "to": [8.6, 7.5, 9], "rotation": {"angle": -45, "axis": "x", "origin": [8, 6.5, 8]}, "faces": {"north": {"uv": [2.66667, 10, 3.33333, 11.33333], "texture": "#1"}, "east": {"uv": [8, 0, 9.33333, 1.33333], "texture": "#1"}, "south": {"uv": [9.33333, 11.33333, 10, 12.66667], "texture": "#1"}, "west": {"uv": [8, 1.33333, 9.33333, 2.66667], "texture": "#1"}, "up": {"uv": [10.66667, 12.66667, 10, 11.33333], "texture": "#1"}, "down": {"uv": [0.66667, 12, 0, 13.33333], "texture": "#1"}}}, {"from": [7.15, 5.75, 7.25], "to": [8.85, 7.25, 8.75], "rotation": {"angle": -45, "axis": "x", "origin": [8, 6.5, 8]}, "faces": {"north": {"uv": [10.66667, 9.33333, 11.66667, 10.33333], "texture": "#1"}, "east": {"uv": [10.66667, 10.66667, 11.66667, 11.66667], "texture": "#1"}, "south": {"uv": [2.66667, 11.33333, 3.66667, 12.33333], "texture": "#1"}, "west": {"uv": [4, 11.33333, 5, 12.33333], "texture": "#1"}, "up": {"uv": [6.33333, 12.33333, 5.33333, 11.33333], "texture": "#1"}, "down": {"uv": [12.33333, 5.33333, 11.33333, 6.33333], "texture": "#1"}}}, {"from": [7.5, 5.09289, 5.25533], "to": [8.5, 7.09289, 7.25533], "rotation": {"angle": -45, "axis": "x", "origin": [8, 6.49822, 5.85]}, "faces": {"north": {"uv": [12, 0, 12.66667, 1.33333], "texture": "#1"}, "east": {"uv": [8, 2.66667, 9.33333, 4], "texture": "#1"}, "south": {"uv": [0.66667, 12, 1.33333, 13.33333], "texture": "#1"}, "west": {"uv": [3.33333, 8, 4.66667, 9.33333], "texture": "#1"}, "up": {"uv": [2, 13.33333, 1.33333, 12], "texture": "#1"}, "down": {"uv": [12.66667, 1.33333, 12, 2.66667], "texture": "#1"}}}, {"from": [7.65, 6.15355, 4.69467], "to": [8.35, 7.65355, 6.19467], "rotation": {"angle": -45, "axis": "x", "origin": [8, 6.49822, 5.85]}, "faces": {"north": {"uv": [12.66667, 7.33333, 13, 8.33333], "texture": "#1"}, "east": {"uv": [6.66667, 11.33333, 7.66667, 12.33333], "texture": "#1"}, "south": {"uv": [8, 12.66667, 8.33333, 13.66667], "texture": "#1"}, "west": {"uv": [11.33333, 6.66667, 12.33333, 7.66667], "texture": "#1"}, "up": {"uv": [9, 13.66667, 8.66667, 12.66667], "texture": "#1"}, "down": {"uv": [13, 8.66667, 12.66667, 9.66667], "texture": "#1"}}}, {"from": [8, -3, 6.5], "to": [8, 0, 9.5], "rotation": {"angle": -45, "axis": "x", "origin": [8, -1.5, 8]}, "faces": {"north": {"uv": [0, 0, 0, 2], "texture": "#1"}, "east": {"uv": [6, 0, 8, 2], "texture": "#1"}, "south": {"uv": [0, 0, 0, 2], "texture": "#1"}, "west": {"uv": [6, 2, 8, 4], "texture": "#1"}, "up": {"uv": [0, 2, 0, 0], "texture": "#1"}, "down": {"uv": [0, 0, 0, 2], "texture": "#1"}}}, {"from": [7.1, 7, 7.1], "to": [8.9, 13, 8.9], "rotation": {"angle": 0, "axis": "y", "origin": [7, -3, 7]}, "faces": {"north": {"uv": [3.33333, 0, 4.66667, 4], "texture": "#1"}, "east": {"uv": [3.33333, 4, 4.66667, 8], "texture": "#1"}, "south": {"uv": [4.66667, 0, 6, 4], "texture": "#1"}, "west": {"uv": [4.66667, 4, 6, 8], "texture": "#1"}, "up": {"uv": [6, 9.33333, 4.66667, 8], "texture": "#1"}, "down": {"uv": [7.33333, 8, 6, 9.33333], "texture": "#1"}}}, {"from": [7.5, 7.25, 8.75], "to": [8.5, 8.75, 11.25], "rotation": {"angle": -22.5, "axis": "x", "origin": [7.5, 7.25, 12.75]}, "faces": {"north": {"uv": [12.66667, 0.66667, 13.33333, 1.66667], "texture": "#1"}, "east": {"uv": [7.33333, 8, 9, 9], "texture": "#1"}, "south": {"uv": [2.66667, 12.66667, 3.33333, 13.66667], "texture": "#1"}, "west": {"uv": [8.66667, 4, 10.33333, 5], "texture": "#1"}, "up": {"uv": [0.66667, 11.66667, 0, 10], "texture": "#1"}, "down": {"uv": [10.66667, 0, 10, 1.66667], "texture": "#1"}}}, {"from": [7.25, 7.25, 9.25], "to": [8.75, 8.25, 11.125], "rotation": {"angle": -22.5, "axis": "x", "origin": [8, 8, 12]}, "faces": {"north": {"uv": [12.66667, 2, 13.66667, 2.66667], "texture": "#1"}, "east": {"uv": [12, 2.66667, 13.33333, 3.33333], "texture": "#1"}, "south": {"uv": [3.33333, 12.66667, 4.33333, 13.33333], "texture": "#1"}, "west": {"uv": [12, 3.33333, 13.33333, 4], "texture": "#1"}, "up": {"uv": [9.66667, 6.66667, 8.66667, 5.33333], "texture": "#1"}, "down": {"uv": [9.66667, 6.66667, 8.66667, 8], "texture": "#1"}}}, {"from": [7.25, 13, 7.25], "to": [8.75, 16, 8.75], "rotation": {"angle": 0, "axis": "y", "origin": [7, 13, 7]}, "faces": {"north": {"uv": [7.33333, 6, 8.33333, 8], "texture": "#1"}, "east": {"uv": [7.33333, 6, 8.33333, 8], "texture": "#1"}, "south": {"uv": [7.33333, 6, 8.33333, 8], "texture": "#1"}, "west": {"uv": [7.33333, 6, 8.33333, 8], "texture": "#1"}, "up": {"uv": [9, 12.33333, 8, 11.33333], "texture": "#1"}}}, {"from": [7.571, 15.70066, 7.06459], "to": [8.429, 18.04066, 7.92259], "rotation": {"angle": -22.5, "axis": "x", "origin": [8, 17.26066, 7.49359]}, "faces": {"north": {"uv": [0.66667, 10, 1.33333, 11.66667], "texture": "#1"}, "east": {"uv": [1.33333, 10, 2, 11.66667], "texture": "#1"}, "south": {"uv": [2, 10, 2.66667, 11.66667], "texture": "#1"}, "west": {"uv": [10, 2, 10.66667, 3.66667], "texture": "#1"}, "up": {"uv": [6, 13.33333, 5.33333, 12.66667], "texture": "#1"}}}, {"from": [7.6857, 17.48858, 6.17967], "to": [8.30346, 19.17338, 6.79743], "rotation": {"angle": -45, "axis": "x", "origin": [7.99458, 18.65598, 6.43855]}, "faces": {"north": {"uv": [9.33333, 12.66667, 9.66667, 13.66667], "texture": "#1"}, "east": {"uv": [10, 12.66667, 10.33333, 13.66667], "texture": "#1"}, "south": {"uv": [11.33333, 12.66667, 11.66667, 13.66667], "texture": "#1"}, "west": {"uv": [12, 12.66667, 12.33333, 13.66667], "texture": "#1"}, "up": {"uv": [13, 10.33333, 12.66667, 10], "texture": "#1"}}}, {"from": [7.25, 10.75, 5.75], "to": [8.75, 10.75, 7.25], "rotation": {"angle": 0, "axis": "y", "origin": [1.25, -3, 0]}, "faces": {"north": {"uv": [0, 0, 1, 0], "texture": "#1"}, "east": {"uv": [0, 0, 1, 0], "texture": "#1"}, "south": {"uv": [0, 0, 1, 0], "texture": "#1"}, "west": {"uv": [0, 0, 1, 0], "texture": "#1"}, "up": {"uv": [12.33333, 9, 11.33333, 8], "texture": "#1"}, "down": {"uv": [11.33333, 8, 12.33333, 9], "texture": "#1"}}}, {"from": [7.25, 13.75, 5.75], "to": [8.75, 13.75, 7.75], "rotation": {"angle": 0, "axis": "y", "origin": [1.25, -3, 0]}, "faces": {"north": {"uv": [0, 0, 1, 0], "texture": "#1"}, "east": {"uv": [0, 0, 1, 0], "texture": "#1"}, "south": {"uv": [0, 0, 1, 0], "texture": "#1"}, "west": {"uv": [0, 0, 1, 0], "texture": "#1"}, "up": {"uv": [12.33333, 9, 11.33333, 7.66667], "texture": "#1"}, "down": {"uv": [11.33333, 7.66667, 12.33333, 9], "texture": "#1"}}}, {"from": [7.25, 16.75, 5.75], "to": [8.75, 16.75, 7.75], "rotation": {"angle": 0, "axis": "y", "origin": [1.25, -3, 0]}, "faces": {"north": {"uv": [0, 0, 1, 0], "texture": "#1"}, "east": {"uv": [0, 0, 1, 0], "texture": "#1"}, "south": {"uv": [0, 0, 1, 0], "texture": "#1"}, "west": {"uv": [0, 0, 1, 0], "texture": "#1"}, "up": {"uv": [12.33333, 9, 11.33333, 7.66667], "texture": "#1"}, "down": {"uv": [11.33333, 7.66667, 12.33333, 9], "texture": "#1"}}}, {"from": [7.25, 18.7, 6.075], "to": [8.75, 18.7, 8.075], "rotation": {"angle": -45, "axis": "x", "origin": [8, 16.75, 6.75]}, "faces": {"north": {"uv": [0, 0, 1, 0], "texture": "#1"}, "east": {"uv": [0, 0, 1, 0], "texture": "#1"}, "south": {"uv": [0, 0, 1, 0], "texture": "#1"}, "west": {"uv": [0, 0, 1, 0], "texture": "#1"}, "up": {"uv": [12.33333, 9, 11.33333, 7.66667], "texture": "#1"}, "down": {"uv": [11.33333, 7.66667, 12.33333, 9], "texture": "#1"}}}, {"from": [8, 4, 2.25], "to": [8, 19, 7.25], "rotation": {"angle": 0, "axis": "y", "origin": [8, -3, 0]}, "faces": {"north": {"uv": [0, 0, 0, 10], "texture": "#1"}, "east": {"uv": [3.33333, 0, 0, 10], "texture": "#1"}, "south": {"uv": [0, 0, 0, 10], "texture": "#1"}, "west": {"uv": [0, 0, 3.33333, 10], "texture": "#1"}, "up": {"uv": [0, 3.33333, 0, 0], "texture": "#1"}, "down": {"uv": [0, 0, 0, 3.33333], "texture": "#1"}}}, {"from": [7.5, 9.25, 2.5], "to": [8.5, 10.25, 3.5], "rotation": {"angle": 0, "axis": "y", "origin": [-0.5, -3, 0]}, "faces": {"north": {"uv": [12.66667, 5.33333, 13.33333, 6], "texture": "#1"}, "east": {"uv": [6, 12.66667, 6.66667, 13.33333], "texture": "#1"}, "south": {"uv": [12.66667, 6, 13.33333, 6.66667], "texture": "#1"}, "west": {"uv": [6.66667, 12.66667, 7.33333, 13.33333], "texture": "#1"}, "up": {"uv": [13.33333, 7.33333, 12.66667, 6.66667], "texture": "#1"}, "down": {"uv": [8, 12.66667, 7.33333, 13.33333], "texture": "#1"}}}, {"from": [8, 3.4, 5], "to": [8, 9.4, 11], "rotation": {"angle": -45, "axis": "z", "origin": [8, 6.4, 8]}, "faces": {"north": {"uv": [0, 0, 0, 4], "texture": "#2"}, "east": {"uv": [13, 0, 0, 13], "texture": "#2"}, "south": {"uv": [0, 0, 0, 4], "texture": "#2"}, "west": {"uv": [0, 0, 13, 13], "texture": "#2"}, "up": {"uv": [0, 0, 0, 4], "texture": "#2"}, "down": {"uv": [0, 0, 0, 4], "texture": "#2"}}}, {"from": [5, 6.4, 5], "to": [11, 6.4, 11], "rotation": {"angle": -45, "axis": "x", "origin": [8, 6.4, 8]}, "faces": {"north": {"uv": [0, 0, 0, 4], "rotation": 90, "texture": "#2"}, "east": {"uv": [0, 0, 0, 4], "rotation": 90, "texture": "#2"}, "south": {"uv": [0, 0, 0, 4], "rotation": 270, "texture": "#2"}, "west": {"uv": [0, 0, 0, 4], "rotation": 90, "texture": "#2"}, "up": {"uv": [0, 0, 13, 13], "rotation": 270, "texture": "#2"}, "down": {"uv": [13, 0, 0, 13], "rotation": 270, "texture": "#2"}}}], "gui_light": "front", "display": {"thirdperson_righthand": {"translation": [0, 2.75, 1]}, "thirdperson_lefthand": {"translation": [0, 2.75, 1]}, "firstperson_righthand": {"rotation": [-10, 0, 0], "translation": [-1.75, 4.25, 2.5]}, "firstperson_lefthand": {"rotation": [-10, 0, 0], "translation": [-1.75, 4.25, 2.5]}, "ground": {"translation": [0, 12.5, 0]}, "gui": {"rotation": [-90, 45, 90], "translation": [1.5, -0.25, -0.5], "scale": [0.87891, 0.87891, 0.87891]}, "head": {"scale": [1.5, 1.5, 1.5], "rotation": [0, 90, 0]}, "fixed": {"rotation": [90, -135, 90], "translation": [-1.75, -0.5, -0.5], "scale": [0.97266, 0.97266, 0.97266]}}}