{"credit": "MadebyPolygonMC", "texture_size": [24, 24], "textures": {"2": "oceanset/flag"}, "elements": [{"from": [7.6, -0.05, 7.6], "to": [8.4, 2.45, 8.4], "rotation": {"angle": 0, "axis": "y", "origin": [7.5, -2.55, 7.5]}, "faces": {"north": {"uv": [8.66667, 4, 9.33333, 5.66667], "texture": "#2"}, "east": {"uv": [0, 9.33333, 0.66667, 11], "texture": "#2"}, "south": {"uv": [0.66667, 9.33333, 1.33333, 11], "texture": "#2"}, "west": {"uv": [1.33333, 9.33333, 2, 11], "texture": "#2"}}}, {"from": [7.475, -1.3, 7.25], "to": [8.525, 0.2, 8.75], "rotation": {"angle": -45, "axis": "x", "origin": [8, -0.55, 8]}, "faces": {"north": {"uv": [12, 5.33333, 12.66667, 6.33333], "texture": "#2"}, "east": {"uv": [9.33333, 4, 10.33333, 5], "texture": "#2"}, "south": {"uv": [6, 12, 6.66667, 13], "texture": "#2"}, "west": {"uv": [9.33333, 5.33333, 10.33333, 6.33333], "texture": "#2"}, "up": {"uv": [7.33333, 13, 6.66667, 12], "texture": "#2"}, "down": {"uv": [12.66667, 6.66667, 12, 7.66667], "texture": "#2"}}}, {"from": [7.275, -1, 7.55], "to": [8.725, -0.1, 8.45], "rotation": {"angle": -45, "axis": "x", "origin": [8, -0.55, 8]}, "faces": {"north": {"uv": [7.33333, 12, 8.33333, 12.66667], "texture": "#2"}, "east": {"uv": [8.66667, 6, 9.33333, 6.66667], "texture": "#2"}, "south": {"uv": [12, 8, 13, 8.66667], "texture": "#2"}, "west": {"uv": [12, 11.33333, 12.66667, 12], "texture": "#2"}, "up": {"uv": [9.66667, 12.66667, 8.66667, 12], "texture": "#2"}, "down": {"uv": [13, 8.66667, 12, 9.33333], "texture": "#2"}}}, {"from": [7.25, 23.95, 7.25], "to": [8.75, 25.2, 8.75], "rotation": {"angle": 0, "axis": "y", "origin": [7.5, 18.95, 7.5]}, "faces": {"north": {"uv": [9.33333, 6.66667, 10.33333, 7.66667], "texture": "#2"}, "east": {"uv": [7.33333, 9.33333, 8.33333, 10.33333], "texture": "#2"}, "south": {"uv": [9.33333, 8, 10.33333, 9], "texture": "#2"}, "west": {"uv": [8.66667, 9.33333, 9.66667, 10.33333], "texture": "#2"}, "up": {"uv": [11, 2.33333, 10, 1.33333], "texture": "#2"}, "down": {"uv": [11, 2.66667, 10, 3.66667], "texture": "#2"}}}, {"from": [7.4, 24.5, 7], "to": [8.6, 26.5, 9], "rotation": {"angle": -45, "axis": "x", "origin": [8, 25.5, 8]}, "faces": {"north": {"uv": [3.33333, 9.33333, 4, 10.66667], "texture": "#2"}, "east": {"uv": [7.33333, 1.33333, 8.66667, 2.66667], "texture": "#2"}, "south": {"uv": [3.33333, 10.66667, 4, 12], "texture": "#2"}, "west": {"uv": [7.33333, 2.66667, 8.66667, 4], "texture": "#2"}, "up": {"uv": [12, 1.33333, 11.33333, 0], "texture": "#2"}, "down": {"uv": [2, 11.33333, 1.33333, 12.66667], "texture": "#2"}}}, {"from": [7.15, 24.75, 7.25], "to": [8.85, 26.25, 8.75], "rotation": {"angle": -45, "axis": "x", "origin": [8, 25.5, 8]}, "faces": {"north": {"uv": [10, 9.33333, 11, 10.33333], "texture": "#2"}, "east": {"uv": [10.66667, 4, 11.66667, 5], "texture": "#2"}, "south": {"uv": [10.66667, 5.33333, 11.66667, 6.33333], "texture": "#2"}, "west": {"uv": [6.66667, 10.66667, 7.66667, 11.66667], "texture": "#2"}, "up": {"uv": [11.66667, 7.66667, 10.66667, 6.66667], "texture": "#2"}, "down": {"uv": [9, 10.66667, 8, 11.66667], "texture": "#2"}}}, {"from": [7.5, 26, 7], "to": [8.5, 28, 9], "rotation": {"angle": -45, "axis": "x", "origin": [8, 27, 8]}, "faces": {"north": {"uv": [11.33333, 1.33333, 12, 2.66667], "texture": "#2"}, "east": {"uv": [7.33333, 4, 8.66667, 5.33333], "texture": "#2"}, "south": {"uv": [2, 11.33333, 2.66667, 12.66667], "texture": "#2"}, "west": {"uv": [7.33333, 5.33333, 8.66667, 6.66667], "texture": "#2"}, "up": {"uv": [3.33333, 12.66667, 2.66667, 11.33333], "texture": "#2"}, "down": {"uv": [12, 2.66667, 11.33333, 4], "texture": "#2"}}}, {"from": [7.65, 27.5, 7], "to": [8.35, 29, 8.5], "rotation": {"angle": -45, "axis": "x", "origin": [8, 28.5, 8]}, "faces": {"north": {"uv": [12.66667, 3.33333, 13, 4.33333], "texture": "#2"}, "east": {"uv": [10.66667, 8, 11.66667, 9], "texture": "#2"}, "south": {"uv": [12.66667, 4.66667, 13, 5.66667], "texture": "#2"}, "west": {"uv": [9.33333, 10.66667, 10.33333, 11.66667], "texture": "#2"}, "up": {"uv": [13, 7, 12.66667, 6], "texture": "#2"}, "down": {"uv": [7.66667, 12.66667, 7.33333, 13.66667], "texture": "#2"}}}, {"from": [7.5, 26.25, 4.75], "to": [8.5, 27.75, 7.25], "rotation": {"angle": 22.5, "axis": "x", "origin": [7.5, 26.25, 3.25]}, "faces": {"north": {"uv": [10, 12, 10.66667, 13], "texture": "#2"}, "east": {"uv": [7.33333, 6.66667, 9, 7.66667], "texture": "#2"}, "south": {"uv": [10.66667, 12, 11.33333, 13], "texture": "#2"}, "west": {"uv": [7.33333, 8, 9, 9], "texture": "#2"}, "up": {"uv": [2.66667, 11, 2, 9.33333], "texture": "#2"}, "down": {"uv": [3.33333, 9.33333, 2.66667, 11], "texture": "#2"}}}, {"from": [7.25, 26.25, 4.875], "to": [8.75, 27.25, 6.75], "rotation": {"angle": 22.5, "axis": "x", "origin": [8, 27, 4]}, "faces": {"north": {"uv": [12, 10.66667, 13, 11.33333], "texture": "#2"}, "east": {"uv": [11.33333, 9.33333, 12.66667, 10], "texture": "#2"}, "south": {"uv": [11.33333, 12, 12.33333, 12.66667], "texture": "#2"}, "west": {"uv": [11.33333, 10, 12.66667, 10.66667], "texture": "#2"}, "up": {"uv": [9.66667, 2.66667, 8.66667, 1.33333], "texture": "#2"}, "down": {"uv": [9.66667, 2.66667, 8.66667, 4], "texture": "#2"}}}, {"from": [7.5, 26.25, 8.75], "to": [8.5, 27.75, 11.25], "rotation": {"angle": -22.5, "axis": "x", "origin": [7.5, 26.25, 12.75]}, "faces": {"north": {"uv": [11.33333, 12, 10.66667, 13], "texture": "#2"}, "east": {"uv": [9, 6.66667, 7.33333, 7.66667], "texture": "#2"}, "south": {"uv": [10.66667, 12, 10, 13], "texture": "#2"}, "west": {"uv": [9, 8, 7.33333, 9], "texture": "#2"}, "up": {"uv": [2.66667, 9.33333, 2, 11], "texture": "#2"}, "down": {"uv": [3.33333, 11, 2.66667, 9.33333], "texture": "#2"}}}, {"from": [7.25, 26.25, 9.25], "to": [8.75, 27.25, 11.125], "rotation": {"angle": -22.5, "axis": "x", "origin": [8, 27, 12]}, "faces": {"north": {"uv": [12.33333, 12, 11.33333, 12.66667], "texture": "#2"}, "east": {"uv": [12.66667, 9.33333, 11.33333, 10], "texture": "#2"}, "south": {"uv": [13, 10.66667, 12, 11.33333], "texture": "#2"}, "west": {"uv": [12.66667, 10, 11.33333, 10.66667], "texture": "#2"}, "up": {"uv": [9.66667, 1.33333, 8.66667, 2.66667], "texture": "#2"}, "down": {"uv": [9.66667, 4, 8.66667, 2.66667], "texture": "#2"}}}, {"from": [7.5, 22, 7.5], "to": [8.5, 24, 8.5], "rotation": {"angle": 0, "axis": "y", "origin": [6.6, 15, 6.6]}, "faces": {"north": {"uv": [12, 0, 12.66667, 1.33333], "texture": "#2"}, "east": {"uv": [12, 1.33333, 12.66667, 2.66667], "texture": "#2"}, "south": {"uv": [12, 2.66667, 12.66667, 4], "texture": "#2"}, "west": {"uv": [3.33333, 12, 4, 13.33333], "texture": "#2"}, "down": {"uv": [13.33333, 1.33333, 12.66667, 2], "texture": "#2"}}}, {"from": [7.5, 2.45, 7.5], "to": [8.5, 4.45, 8.5], "rotation": {"angle": 0, "axis": "y", "origin": [6.6, 10, 6.6]}, "faces": {"north": {"uv": [4, 12, 4.66667, 13.33333], "texture": "#2"}, "east": {"uv": [12, 4, 12.66667, 5.33333], "texture": "#2"}, "south": {"uv": [4.66667, 12, 5.33333, 13.33333], "texture": "#2"}, "west": {"uv": [5.33333, 12, 6, 13.33333], "texture": "#2"}, "up": {"uv": [2.66667, 13.33333, 2, 12.66667], "texture": "#2"}, "down": {"uv": [13.33333, 2, 12.66667, 2.66667], "texture": "#2"}}}, {"from": [7.6, 4.4, 7.6], "to": [8.4, 22, 8.4], "rotation": {"angle": 0, "axis": "y", "origin": [6.6, 10, 6.6]}, "faces": {"north": {"uv": [6.66667, 0, 6, 11.66667], "texture": "#2"}, "east": {"uv": [5.33333, 0, 4.66667, 11.66667], "texture": "#2"}, "south": {"uv": [6.66667, 0, 6, 11.66667], "texture": "#2"}, "west": {"uv": [6, 0, 6.66667, 11.66667], "texture": "#2"}}}, {"from": [7.6, 22.8, 1.375], "to": [8.4, 23.6, 7.525], "rotation": {"angle": 0, "axis": "x", "origin": [8, 23.2, 2.725]}, "faces": {"north": {"uv": [2.66667, 12.66667, 3.33333, 13.33333], "texture": "#2"}, "east": {"uv": [6.66667, 0, 11, 0.66667], "texture": "#2"}, "south": {"uv": [12.66667, 2.66667, 13.33333, 3.33333], "texture": "#2"}, "west": {"uv": [6.66667, 0.66667, 11, 1.33333], "texture": "#2"}, "up": {"uv": [7.33333, 5.66667, 6.66667, 1.33333], "texture": "#2"}, "down": {"uv": [7.33333, 6, 6.66667, 10.33333], "texture": "#2"}}}, {"from": [8, 9, 1.325], "to": [8, 22.8, 7.425], "rotation": {"angle": 0, "axis": "x", "origin": [7.6, 22.4, 2.875]}, "faces": {"north": {"uv": [0, 0, 0, 9.33333], "texture": "#2"}, "east": {"uv": [4, 0, 0, 9.33333], "texture": "#2"}, "south": {"uv": [0, 0, 0, 9.33333], "texture": "#2"}, "west": {"uv": [0, 0, 4, 9.33333], "texture": "#2"}, "up": {"uv": [0, 4, 0, 0], "texture": "#2"}, "down": {"uv": [0, 0, 0, 4], "texture": "#2"}}}, {"from": [7.4, 23.56066, 0.56256], "to": [8.6, 25.06066, 2.06256], "rotation": {"angle": -45, "axis": "x", "origin": [8, 23.19822, 2.425]}, "faces": {"north": {"uv": [0, 12.66667, 0.66667, 13.66667], "texture": "#2"}, "east": {"uv": [10.66667, 10.66667, 11.66667, 11.66667], "texture": "#2"}, "south": {"uv": [12.66667, 0, 13.33333, 1], "texture": "#2"}, "west": {"uv": [0, 11.33333, 1, 12.33333], "texture": "#2"}, "up": {"uv": [1.33333, 13.66667, 0.66667, 12.66667], "texture": "#2"}, "down": {"uv": [2, 12.66667, 1.33333, 13.66667], "texture": "#2"}}}, {"from": [7.4, 23.56066, 13.93744], "to": [8.6, 25.06066, 15.43744], "rotation": {"angle": 45, "axis": "x", "origin": [8, 23.19822, 13.575]}, "faces": {"north": {"uv": [13.33333, 0, 12.66667, 1], "texture": "#2"}, "east": {"uv": [11.66667, 10.66667, 10.66667, 11.66667], "texture": "#2"}, "south": {"uv": [0.66667, 12.66667, 0, 13.66667], "texture": "#2"}, "west": {"uv": [1, 11.33333, 0, 12.33333], "texture": "#2"}, "up": {"uv": [1.33333, 12.66667, 0.66667, 13.66667], "texture": "#2"}, "down": {"uv": [2, 13.66667, 1.33333, 12.66667], "texture": "#2"}}}, {"from": [7.6, 22.8, 8.475], "to": [8.4, 23.6, 14.625], "rotation": {"angle": 0, "axis": "x", "origin": [8, 23.2, 13.275]}, "faces": {"north": {"uv": [13.33333, 2.66667, 12.66667, 3.33333], "texture": "#2"}, "east": {"uv": [11, 0, 6.66667, 0.66667], "texture": "#2"}, "south": {"uv": [3.33333, 12.66667, 2.66667, 13.33333], "texture": "#2"}, "west": {"uv": [11, 0.66667, 6.66667, 1.33333], "texture": "#2"}, "up": {"uv": [7.33333, 1.33333, 6.66667, 5.66667], "texture": "#2"}, "down": {"uv": [7.33333, 10.33333, 6.66667, 6], "texture": "#2"}}}, {"from": [8, 9, 8.575], "to": [8, 22.8, 14.675], "rotation": {"angle": 0, "axis": "x", "origin": [7.6, 22.4, 13.125]}, "faces": {"north": {"uv": [0, 0, 0, 9.33333], "texture": "#2"}, "east": {"uv": [0, 0, 4, 9.33333], "texture": "#2"}, "south": {"uv": [0, 0, 0, 9.33333], "texture": "#2"}, "west": {"uv": [4, 0, 0, 9.33333], "texture": "#2"}, "up": {"uv": [0, 0, 0, 4], "texture": "#2"}, "down": {"uv": [0, 4, 0, 0], "texture": "#2"}}}], "gui_light": "front", "display": {"thirdperson_righthand": {"translation": [0, -0.25, 1]}, "thirdperson_lefthand": {"rotation": [90, 0, 0], "translation": [0, 0, 10.75]}, "firstperson_righthand": {"rotation": [-14, 39, 0], "translation": [-1.5, 2.25, 0.75]}, "firstperson_lefthand": {"rotation": [-14, 39, 0], "translation": [-1.5, 2.25, 0.75], "scale": [0, 0, 0]}, "ground": {"translation": [0, 12.5, 0]}, "gui": {"rotation": [-90, 45, 90], "translation": [3, -3, -0.5], "scale": [0.6543, 0.6543, 0.6543]}, "head": {"rotation": [0, 90, 0], "translation": [0, 5, 6.25], "scale": [2.00781, 2.00781, 2.00781]}, "fixed": {"rotation": [-90, 90, 0], "translation": [0, 0, -36.75], "scale": [4, 4, 4]}}}