{"credit": "MadebyPolygonMC", "texture_size": [24, 24], "textures": {"0": "oceanset/helmet", "particle": "oceanset/helmet"}, "elements": [{"from": [5.5, 6, 5.5], "to": [10.5, 10, 9.5], "rotation": {"angle": 0, "axis": "y", "origin": [5.5, 2, 1.5]}, "faces": {"north": {"uv": [4, 8, 7.33333, 10.66667], "texture": "#0"}, "east": {"uv": [7.33333, 9.33333, 10, 12], "texture": "#0"}, "south": {"uv": [8, 4, 11.33333, 6.66667], "texture": "#0"}, "west": {"uv": [10, 9.33333, 12.66667, 12], "texture": "#0"}, "up": {"uv": [9.33333, 12, 12.66667, 14.66667], "texture": "#0"}, "down": {"uv": [11.33333, 6.66667, 8, 9.33333], "texture": "#0"}}}, {"from": [5, 7.80971, 7.73851], "to": [11, 13.05971, 13.73851], "rotation": {"angle": 45, "axis": "x", "origin": [8, 11.05971, 9.46351]}, "faces": {"north": {"uv": [4, 0, 8, 3.66667], "texture": "#0"}, "east": {"uv": [4, 4, 8, 7.66667], "texture": "#0"}, "south": {"uv": [0, 8, 4, 11.66667], "texture": "#0"}, "west": {"uv": [8, 0, 12, 3.66667], "texture": "#0"}, "up": {"uv": [4, 4, 0, 0], "rotation": 180, "texture": "#0"}, "down": {"uv": [4, 4, 0, 8], "texture": "#0"}}}, {"from": [4.78782, 5.35, 4.78718], "to": [6.28782, 7.85, 6.28718], "rotation": {"angle": -45, "axis": "y", "origin": [5.53782, 7.1, 5.53718]}, "faces": {"north": {"uv": [11.33333, 5.33333, 12.33333, 7], "texture": "#0"}, "east": {"uv": [11.33333, 7.33333, 12.33333, 9], "texture": "#0"}, "south": {"uv": [0, 12, 1, 13.66667], "texture": "#0"}, "west": {"uv": [12, 0, 13, 1.66667], "texture": "#0"}, "up": {"uv": [2.33333, 13, 1.33333, 12], "texture": "#0"}, "down": {"uv": [13, 2, 12, 3], "texture": "#0"}}}, {"from": [5.5, 9.5, 5.15], "to": [7.5, 10.5, 6.9], "rotation": {"angle": -22.5, "axis": "z", "origin": [6.5, 10, 0.9]}, "faces": {"north": {"uv": [2.66667, 12, 4, 12.66667], "texture": "#0"}, "east": {"uv": [12, 3.33333, 13.33333, 4], "texture": "#0"}, "south": {"uv": [6, 12, 7.33333, 12.66667], "texture": "#0"}, "west": {"uv": [7.33333, 12, 8.66667, 12.66667], "texture": "#0"}, "up": {"uv": [7.33333, 12, 6, 10.66667], "texture": "#0"}, "down": {"uv": [12.66667, 4, 11.33333, 5.33333], "texture": "#0"}}}, {"from": [8.5, 9.5, 5.15], "to": [10.5, 10.5, 6.9], "rotation": {"angle": 22.5, "axis": "z", "origin": [9.5, 10, 0.9]}, "faces": {"north": {"uv": [4, 12, 2.66667, 12.66667], "texture": "#0"}, "east": {"uv": [8.66667, 12, 7.33333, 12.66667], "texture": "#0"}, "south": {"uv": [7.33333, 12, 6, 12.66667], "texture": "#0"}, "west": {"uv": [13.33333, 3.33333, 12, 4], "texture": "#0"}, "up": {"uv": [6, 12, 7.33333, 10.66667], "texture": "#0"}, "down": {"uv": [11.33333, 4, 12.66667, 5.33333], "texture": "#0"}}}, {"from": [4.30926, 3.975, 4.87297], "to": [7.05926, 6.725, 4.87297], "rotation": {"angle": -45, "axis": "y", "origin": [5.18426, 2.225, 4.12297]}, "faces": {"north": {"uv": [4, 10.66667, 6, 12.66667], "texture": "#0"}, "east": {"uv": [0, 0, 0, 2], "texture": "#0"}, "south": {"uv": [6, 10.66667, 4, 12.66667], "texture": "#0"}, "west": {"uv": [0, 0, 0, 2], "texture": "#0"}, "up": {"uv": [2, 0, 0, 0], "texture": "#0"}, "down": {"uv": [2, 0, 0, 0], "texture": "#0"}}}, {"from": [4.78782, 5.35, 9.71282], "to": [6.28782, 7.85, 11.21282], "rotation": {"angle": 45, "axis": "y", "origin": [5.53782, 7.1, 10.46282]}, "faces": {"north": {"uv": [1, 12, 0, 13.66667], "texture": "#0"}, "east": {"uv": [12.33333, 7.33333, 11.33333, 9], "texture": "#0"}, "south": {"uv": [12.33333, 5.33333, 11.33333, 7], "texture": "#0"}, "west": {"uv": [13, 0, 12, 1.66667], "texture": "#0"}, "up": {"uv": [2.33333, 12, 1.33333, 13], "texture": "#0"}, "down": {"uv": [13, 3, 12, 2], "texture": "#0"}}}, {"from": [9.71218, 5.35, 9.71282], "to": [11.21218, 7.85, 11.21282], "rotation": {"angle": -45, "axis": "y", "origin": [10.46218, 7.1, 10.46282]}, "faces": {"north": {"uv": [0, 12, 1, 13.66667], "texture": "#0"}, "east": {"uv": [12, 0, 13, 1.66667], "texture": "#0"}, "south": {"uv": [11.33333, 5.33333, 12.33333, 7], "texture": "#0"}, "west": {"uv": [11.33333, 7.33333, 12.33333, 9], "texture": "#0"}, "up": {"uv": [1.33333, 12, 2.33333, 13], "texture": "#0"}, "down": {"uv": [12, 3, 13, 2], "texture": "#0"}}}, {"from": [4.30926, 3.975, 11.12703], "to": [7.05926, 6.725, 11.12703], "rotation": {"angle": 45, "axis": "y", "origin": [5.18426, 2.225, 11.87703]}, "faces": {"north": {"uv": [4, 10.66667, 6, 12.66667], "texture": "#0"}, "east": {"uv": [0, 0, 0, 2], "texture": "#0"}, "south": {"uv": [6, 10.66667, 4, 12.66667], "texture": "#0"}, "west": {"uv": [0, 0, 0, 2], "texture": "#0"}, "up": {"uv": [2, 0, 0, 0], "texture": "#0"}, "down": {"uv": [2, 0, 0, 0], "texture": "#0"}}}, {"from": [2.77265, 3.975, 7.27202], "to": [5.52265, 6.725, 7.27202], "rotation": {"angle": 0, "axis": "y", "origin": [4.52265, 5.975, 7.27202]}, "faces": {"north": {"uv": [4, 10.66667, 6, 12.66667], "texture": "#0"}, "east": {"uv": [0, 0, 0, 2], "texture": "#0"}, "south": {"uv": [6, 10.66667, 4, 12.66667], "texture": "#0"}, "west": {"uv": [0, 0, 0, 2], "texture": "#0"}, "up": {"uv": [2, 0, 0, 0], "texture": "#0"}, "down": {"uv": [2, 0, 0, 0], "texture": "#0"}}}, {"from": [4.14765, 5.35, 6.52202], "to": [5.64765, 7.85, 8.02202], "rotation": {"angle": 0, "axis": "y", "origin": [4.52265, 5.975, 7.27202]}, "faces": {"north": {"uv": [11.33333, 5.33333, 12.33333, 7], "texture": "#0"}, "east": {"uv": [11.33333, 7.33333, 12.33333, 9], "texture": "#0"}, "south": {"uv": [0, 12, 1, 13.66667], "texture": "#0"}, "west": {"uv": [12, 0, 13, 1.66667], "texture": "#0"}, "up": {"uv": [2.33333, 13, 1.33333, 12], "texture": "#0"}, "down": {"uv": [13, 2, 12, 3], "texture": "#0"}}}, {"from": [2.77265, 3.975, 9.02202], "to": [5.52265, 6.725, 9.02202], "rotation": {"angle": 0, "axis": "y", "origin": [4.52265, 5.975, 9.02202]}, "faces": {"north": {"uv": [4, 10.66667, 6, 12.66667], "texture": "#0"}, "east": {"uv": [0, 0, 0, 2], "texture": "#0"}, "south": {"uv": [6, 10.66667, 4, 12.66667], "texture": "#0"}, "west": {"uv": [0, 0, 0, 2], "texture": "#0"}, "up": {"uv": [2, 0, 0, 0], "texture": "#0"}, "down": {"uv": [2, 0, 0, 0], "texture": "#0"}}}, {"from": [4.14765, 5.35, 8.27202], "to": [5.64765, 7.85, 9.77202], "rotation": {"angle": 0, "axis": "y", "origin": [4.52265, 5.975, 9.02202]}, "faces": {"north": {"uv": [11.33333, 5.33333, 12.33333, 7], "texture": "#0"}, "east": {"uv": [11.33333, 7.33333, 12.33333, 9], "texture": "#0"}, "south": {"uv": [0, 12, 1, 13.66667], "texture": "#0"}, "west": {"uv": [12, 0, 13, 1.66667], "texture": "#0"}, "up": {"uv": [2.33333, 13, 1.33333, 12], "texture": "#0"}, "down": {"uv": [13, 2, 12, 3], "texture": "#0"}}}, {"from": [8.94074, 3.975, 11.12703], "to": [11.69074, 6.725, 11.12703], "rotation": {"angle": -45, "axis": "y", "origin": [10.81574, 2.225, 11.87703]}, "faces": {"north": {"uv": [6, 10.66667, 4, 12.66667], "texture": "#0"}, "east": {"uv": [0, 0, 0, 2], "texture": "#0"}, "south": {"uv": [4, 10.66667, 6, 12.66667], "texture": "#0"}, "west": {"uv": [0, 0, 0, 2], "texture": "#0"}, "up": {"uv": [0, 0, 2, 0], "texture": "#0"}, "down": {"uv": [0, 0, 2, 0], "texture": "#0"}}}, {"from": [10.35235, 5.35, 8.27202], "to": [11.85235, 7.85, 9.77202], "rotation": {"angle": 0, "axis": "y", "origin": [11.47735, 5.975, 9.02202]}, "faces": {"north": {"uv": [12.33333, 5.33333, 11.33333, 7], "texture": "#0"}, "east": {"uv": [13, 0, 12, 1.66667], "texture": "#0"}, "south": {"uv": [1, 12, 0, 13.66667], "texture": "#0"}, "west": {"uv": [12.33333, 7.33333, 11.33333, 9], "texture": "#0"}, "up": {"uv": [1.33333, 13, 2.33333, 12], "texture": "#0"}, "down": {"uv": [12, 2, 13, 3], "texture": "#0"}}}, {"from": [10.47735, 3.975, 9.02202], "to": [13.22735, 6.725, 9.02202], "rotation": {"angle": 0, "axis": "y", "origin": [11.47735, 5.975, 9.02202]}, "faces": {"north": {"uv": [6, 10.66667, 4, 12.66667], "texture": "#0"}, "east": {"uv": [0, 0, 0, 2], "texture": "#0"}, "south": {"uv": [4, 10.66667, 6, 12.66667], "texture": "#0"}, "west": {"uv": [0, 0, 0, 2], "texture": "#0"}, "up": {"uv": [0, 0, 2, 0], "texture": "#0"}, "down": {"uv": [0, 0, 2, 0], "texture": "#0"}}}, {"from": [10.47735, 3.975, 7.27202], "to": [13.22735, 6.725, 7.27202], "rotation": {"angle": 0, "axis": "y", "origin": [11.47735, 5.975, 7.27202]}, "faces": {"north": {"uv": [6, 10.66667, 4, 12.66667], "texture": "#0"}, "east": {"uv": [0, 0, 0, 2], "texture": "#0"}, "south": {"uv": [4, 10.66667, 6, 12.66667], "texture": "#0"}, "west": {"uv": [0, 0, 0, 2], "texture": "#0"}, "up": {"uv": [0, 0, 2, 0], "texture": "#0"}, "down": {"uv": [0, 0, 2, 0], "texture": "#0"}}}, {"from": [10.35235, 5.35, 6.52202], "to": [11.85235, 7.85, 8.02202], "rotation": {"angle": 0, "axis": "y", "origin": [11.47735, 5.975, 7.27202]}, "faces": {"north": {"uv": [12.33333, 5.33333, 11.33333, 7], "texture": "#0"}, "east": {"uv": [13, 0, 12, 1.66667], "texture": "#0"}, "south": {"uv": [1, 12, 0, 13.66667], "texture": "#0"}, "west": {"uv": [12.33333, 7.33333, 11.33333, 9], "texture": "#0"}, "up": {"uv": [1.33333, 13, 2.33333, 12], "texture": "#0"}, "down": {"uv": [12, 2, 13, 3], "texture": "#0"}}}, {"from": [9.71218, 5.35, 4.78718], "to": [11.21218, 7.85, 6.28718], "rotation": {"angle": 45, "axis": "y", "origin": [10.46218, 7.1, 5.53718]}, "faces": {"north": {"uv": [12.33333, 5.33333, 11.33333, 7], "texture": "#0"}, "east": {"uv": [13, 0, 12, 1.66667], "texture": "#0"}, "south": {"uv": [1, 12, 0, 13.66667], "texture": "#0"}, "west": {"uv": [12.33333, 7.33333, 11.33333, 9], "texture": "#0"}, "up": {"uv": [1.33333, 13, 2.33333, 12], "texture": "#0"}, "down": {"uv": [12, 2, 13, 3], "texture": "#0"}}}, {"from": [8.94074, 3.975, 4.87297], "to": [11.69074, 6.725, 4.87297], "rotation": {"angle": 45, "axis": "y", "origin": [10.81574, 2.225, 4.12297]}, "faces": {"north": {"uv": [6, 10.66667, 4, 12.66667], "texture": "#0"}, "east": {"uv": [0, 0, 0, 2], "texture": "#0"}, "south": {"uv": [4, 10.66667, 6, 12.66667], "texture": "#0"}, "west": {"uv": [0, 0, 0, 2], "texture": "#0"}, "up": {"uv": [0, 0, 2, 0], "texture": "#0"}, "down": {"uv": [0, 0, 2, 0], "texture": "#0"}}}], "gui_light": "front", "display": {"thirdperson_righthand": {"rotation": [50.75, 0, 0], "translation": [0, 0.75, 0.25], "scale": [0.64063, 0.64063, 0.64063]}, "thirdperson_lefthand": {"rotation": [50.75, 0, 0], "translation": [0, 0.75, 0.25], "scale": [0.64063, 0.64063, 0.64063]}, "firstperson_righthand": {"rotation": [154.5, 0, 180], "translation": [-2, 3, 2]}, "firstperson_lefthand": {"rotation": [154.5, 0, 180], "translation": [-2, 3, 2]}, "ground": {"translation": [0, 5.5, 0], "scale": [1.39648, 1.39648, 1.39648]}, "gui": {"rotation": [0, 180, 0], "translation": [0, -1.25, 0], "scale": [1.66992, 1.66992, 1.66992]}, "head": {"translation": [0, 5.5, 0], "scale": [2.88477, 2.88477, 2.88477]}, "fixed": {"rotation": [-90, 0, 0], "translation": [0, 0, -13], "scale": [3.49023, 3.49023, 3.49023]}}}