{"credit": "MadebyPolygonMC", "textures": {"0": "oceanset/key", "particle": "oceanset/key"}, "elements": [{"from": [7.5, 8.05, 6.625], "to": [8.5, 9.05, 9.625], "rotation": {"angle": 0, "axis": "y", "origin": [7.5, 8.05, 6.625]}, "faces": {"east": {"uv": [2, 0, 5, 1], "texture": "#0"}, "west": {"uv": [2, 1, 5, 2], "texture": "#0"}, "up": {"uv": [3, 5, 2, 2], "texture": "#0"}, "down": {"uv": [4, 2, 3, 5], "texture": "#0"}}}, {"from": [7.4, 7.55, 9.375], "to": [8.6, 9.55, 11.375], "rotation": {"angle": -45, "axis": "x", "origin": [8, 8.55, 10.375]}, "faces": {"north": {"uv": [5, 6, 6, 8], "texture": "#0"}, "east": {"uv": [0, 0, 2, 2], "texture": "#0"}, "south": {"uv": [6, 6, 7, 8], "texture": "#0"}, "west": {"uv": [0, 2, 2, 4], "texture": "#0"}, "up": {"uv": [8, 2, 7, 0], "texture": "#0"}, "down": {"uv": [3, 7, 2, 9], "texture": "#0"}}}, {"from": [7.2, 7.85, 9.675], "to": [8.8, 9.25, 11.075], "rotation": {"angle": -45, "axis": "x", "origin": [8, 8.55, 10.375]}, "faces": {"north": {"uv": [0, 4, 1.5, 5.5], "texture": "#0"}, "east": {"uv": [4, 2, 5.5, 3.5], "texture": "#0"}, "south": {"uv": [4, 4, 5.5, 5.5], "texture": "#0"}, "west": {"uv": [5, 0, 6.5, 1.5], "texture": "#0"}, "up": {"uv": [3.5, 6.5, 2, 5], "texture": "#0"}, "down": {"uv": [1.5, 6, 0, 7.5], "texture": "#0"}}}, {"from": [7.4, 7.95, 4.375], "to": [8.6, 9.15, 6.625], "rotation": {"angle": 0, "axis": "y", "origin": [7.5, 8.05, 6.625]}, "faces": {"north": {"uv": [7, 5, 8, 6], "texture": "#0"}, "east": {"uv": [6, 2, 8, 3], "texture": "#0"}, "south": {"uv": [7, 6, 8, 7], "texture": "#0"}, "west": {"uv": [6, 3, 8, 4], "texture": "#0"}, "up": {"uv": [5, 8, 4, 6], "texture": "#0"}, "down": {"uv": [7, 4, 6, 6], "texture": "#0"}}}, {"from": [7.75, 6.95, 4.875], "to": [8.25, 7.95, 5.875], "rotation": {"angle": 0, "axis": "y", "origin": [7.75, 5.95, 4.375]}, "faces": {"north": {"uv": [7, 7, 7.5, 8], "texture": "#0"}, "east": {"uv": [3, 7, 4, 8], "texture": "#0"}, "south": {"uv": [0, 8, 0.5, 9], "texture": "#0"}, "west": {"uv": [7, 4, 8, 5], "texture": "#0"}, "down": {"uv": [8.5, 0, 8, 1], "texture": "#0"}}}], "gui_light": "front", "display": {"thirdperson_righthand": {"rotation": [57.75, 0, 0], "translation": [0, 2, -1.75]}, "thirdperson_lefthand": {"rotation": [57.75, 0, 0], "translation": [0, 2, -1.75]}, "firstperson_righthand": {"rotation": [61, 0, 0], "translation": [-3.75, 6.25, 4.75]}, "firstperson_lefthand": {"rotation": [61, 0, 0], "translation": [-3.75, 6.25, 4.75]}, "ground": {"rotation": [45, 0, 0], "translation": [0, 5.25, 0], "scale": [1.52734, 1.52734, 1.52734]}, "gui": {"rotation": [-90, 135, 90], "translation": [-0.25, -1.75, -0.5], "scale": [2.85352, 2.85352, 2.85352]}, "head": {"scale": [1.5, 1.5, 1.5]}, "fixed": {"rotation": [90, -45, 90], "translation": [0.5, -1.75, -0.5], "scale": [2.85352, 2.85352, 2.85352]}}}