{"credit": "MadebyPolygonMC", "texture_size": [24, 24], "textures": {"1": "oceanset/animation_1", "3": "oceanset/mace", "particle": "oceanset/animation_1"}, "elements": [{"from": [7.5, 2.45, 7.5], "to": [8.5, 4.95, 8.5], "rotation": {"angle": 0, "axis": "y", "origin": [7.5, -0.05, 7.5]}, "faces": {"north": {"uv": [6, 8, 6.66667, 9.66667], "texture": "#3"}, "east": {"uv": [2, 11.33333, 2.66667, 13], "texture": "#3"}, "south": {"uv": [2.66667, 11.33333, 3.33333, 13], "texture": "#3"}, "west": {"uv": [11.33333, 2.66667, 12, 4.33333], "texture": "#3"}, "down": {"uv": [2, 12.66667, 1.33333, 13.33333], "texture": "#3"}}}, {"from": [7.6, -0.05, 7.6], "to": [8.4, 2.45, 8.4], "rotation": {"angle": 0, "axis": "y", "origin": [7.5, -2.55, 7.5]}, "faces": {"north": {"uv": [11.33333, 4.66667, 12, 6.33333], "texture": "#3"}, "east": {"uv": [11.33333, 6.66667, 12, 8.33333], "texture": "#3"}, "south": {"uv": [8, 11.33333, 8.66667, 13], "texture": "#3"}, "west": {"uv": [8.66667, 11.33333, 9.33333, 13], "texture": "#3"}}}, {"from": [7.475, -1.3, 7.25], "to": [8.525, 0.2, 8.75], "rotation": {"angle": -45, "axis": "x", "origin": [8, -0.55, 8]}, "faces": {"north": {"uv": [13.33333, 4, 14, 5], "texture": "#3"}, "east": {"uv": [10, 11.33333, 11, 12.33333], "texture": "#3"}, "south": {"uv": [5.33333, 13.33333, 6, 14.33333], "texture": "#3"}, "west": {"uv": [11.33333, 10.66667, 12.33333, 11.66667], "texture": "#3"}, "up": {"uv": [14, 6.33333, 13.33333, 5.33333], "texture": "#3"}, "down": {"uv": [6.66667, 13.33333, 6, 14.33333], "texture": "#3"}}}, {"from": [7.275, -1, 7.55], "to": [8.725, -0.1, 8.45], "rotation": {"angle": -45, "axis": "x", "origin": [8, -0.55, 8]}, "faces": {"north": {"uv": [6.66667, 13.33333, 7.66667, 14], "texture": "#3"}, "east": {"uv": [11.33333, 13.33333, 12, 14], "texture": "#3"}, "south": {"uv": [13.33333, 6.66667, 14.33333, 7.33333], "texture": "#3"}, "west": {"uv": [12, 13.33333, 12.66667, 14], "texture": "#3"}, "up": {"uv": [14.33333, 8, 13.33333, 7.33333], "texture": "#3"}, "down": {"uv": [9, 13.33333, 8, 14], "texture": "#3"}}}, {"from": [7.25, 4.95, 7.25], "to": [8.75, 6.2, 8.75], "rotation": {"angle": 0, "axis": "y", "origin": [7.5, -0.05, 7.5]}, "faces": {"north": {"uv": [12, 2.66667, 13, 3.66667], "texture": "#3"}, "east": {"uv": [3.33333, 12, 4.33333, 13], "texture": "#3"}, "south": {"uv": [12, 4, 13, 5], "texture": "#3"}, "west": {"uv": [4.66667, 12, 5.66667, 13], "texture": "#3"}, "up": {"uv": [13, 6.33333, 12, 5.33333], "texture": "#3"}, "down": {"uv": [7, 12, 6, 13], "texture": "#3"}}}, {"from": [7.25, 11.95, 7.25], "to": [8.75, 13.2, 8.75], "rotation": {"angle": 0, "axis": "y", "origin": [7.5, 6.95, 7.5]}, "faces": {"north": {"uv": [12, 6.66667, 13, 7.66667], "texture": "#3"}, "east": {"uv": [12, 8, 13, 9], "texture": "#3"}, "south": {"uv": [12, 9.33333, 13, 10.33333], "texture": "#3"}, "west": {"uv": [11.33333, 12, 12.33333, 13], "texture": "#3"}, "up": {"uv": [1, 13.66667, 0, 12.66667], "texture": "#3"}, "down": {"uv": [13.66667, 0, 12.66667, 1], "texture": "#3"}}}, {"from": [7.4, 12.5, 7], "to": [8.6, 14.5, 9], "rotation": {"angle": -45, "axis": "x", "origin": [8, 13.5, 8]}, "faces": {"north": {"uv": [6, 3.33333, 6.66667, 4.66667], "texture": "#3"}, "east": {"uv": [4.66667, 3.33333, 6, 4.66667], "texture": "#3"}, "south": {"uv": [9.33333, 2, 10, 3.33333], "texture": "#3"}, "west": {"uv": [8, 2, 9.33333, 3.33333], "texture": "#3"}, "up": {"uv": [8, 13.33333, 7.33333, 12], "texture": "#3"}, "down": {"uv": [14, 2.66667, 13.33333, 4], "texture": "#3"}}}, {"from": [7.15, 12.75, 7.25], "to": [8.85, 14.25, 8.75], "rotation": {"angle": -45, "axis": "x", "origin": [8, 13.5, 8]}, "faces": {"north": {"uv": [12.66667, 1.33333, 13.66667, 2.33333], "texture": "#3"}, "east": {"uv": [10, 12.66667, 11, 13.66667], "texture": "#3"}, "south": {"uv": [12.66667, 10.66667, 13.66667, 11.66667], "texture": "#3"}, "west": {"uv": [12.66667, 12, 13.66667, 13], "texture": "#3"}, "up": {"uv": [2.33333, 14.33333, 1.33333, 13.33333], "texture": "#3"}, "down": {"uv": [3.66667, 13.33333, 2.66667, 14.33333], "texture": "#3"}}}, {"from": [7.5, 14.25, 4.75], "to": [8.5, 15.75, 7.25], "rotation": {"angle": 22.5, "axis": "x", "origin": [7.5, 14.25, 3.25]}, "faces": {"north": {"uv": [13.33333, 8, 14, 9], "texture": "#3"}, "east": {"uv": [9.33333, 10, 11, 11], "texture": "#3"}, "south": {"uv": [9.33333, 13.33333, 10, 14.33333], "texture": "#3"}, "west": {"uv": [0, 11.33333, 1.66667, 12.33333], "texture": "#3"}, "up": {"uv": [12, 10.33333, 11.33333, 8.66667], "texture": "#3"}, "down": {"uv": [10, 11.33333, 9.33333, 13], "texture": "#3"}}}, {"from": [7.25, 14.25, 4.875], "to": [8.75, 15.25, 6.75], "rotation": {"angle": 22.5, "axis": "x", "origin": [8, 15, 4]}, "faces": {"north": {"uv": [13.33333, 9.33333, 14.33333, 10], "texture": "#3"}, "east": {"uv": [10, 9.33333, 11.33333, 10], "texture": "#3"}, "south": {"uv": [13.33333, 10, 14.33333, 10.66667], "texture": "#3"}, "west": {"uv": [4, 13.33333, 5.33333, 14], "texture": "#3"}, "up": {"uv": [12.33333, 1.33333, 11.33333, 0], "texture": "#3"}, "down": {"uv": [12.33333, 1.33333, 11.33333, 2.66667], "texture": "#3"}}}, {"from": [7.25, 14.25, 9.25], "to": [8.75, 15.25, 11.125], "rotation": {"angle": -22.5, "axis": "x", "origin": [8, 15, 12]}, "faces": {"north": {"uv": [14.33333, 10, 13.33333, 10.66667], "texture": "#3"}, "east": {"uv": [11.33333, 9.33333, 10, 10], "texture": "#3"}, "south": {"uv": [14.33333, 9.33333, 13.33333, 10], "texture": "#3"}, "west": {"uv": [5.33333, 13.33333, 4, 14], "texture": "#3"}, "up": {"uv": [12.33333, 0, 11.33333, 1.33333], "texture": "#3"}, "down": {"uv": [12.33333, 2.66667, 11.33333, 1.33333], "texture": "#3"}}}, {"from": [7.5, 14.25, 8.75], "to": [8.5, 15.75, 11.25], "rotation": {"angle": -22.5, "axis": "x", "origin": [7.5, 14.25, 12.75]}, "faces": {"north": {"uv": [10, 13.33333, 9.33333, 14.33333], "texture": "#3"}, "east": {"uv": [11, 10, 9.33333, 11], "texture": "#3"}, "south": {"uv": [14, 8, 13.33333, 9], "texture": "#3"}, "west": {"uv": [1.66667, 11.33333, 0, 12.33333], "texture": "#3"}, "up": {"uv": [12, 8.66667, 11.33333, 10.33333], "texture": "#3"}, "down": {"uv": [10, 13, 9.33333, 11.33333], "texture": "#3"}}}, {"from": [8, -3, 6.5], "to": [8, 0, 9.5], "rotation": {"angle": -45, "axis": "x", "origin": [8, -1.5, 8]}, "faces": {"north": {"uv": [0, 0, 0, 2], "texture": "#3"}, "east": {"uv": [8, 0, 10, 2], "texture": "#3"}, "south": {"uv": [0, 0, 0, 2], "texture": "#3"}, "west": {"uv": [6, 10, 8, 12], "texture": "#3"}, "up": {"uv": [0, 2, 0, 0], "texture": "#3"}, "down": {"uv": [0, 0, 0, 2], "texture": "#3"}}}, {"from": [7.1, 6, 7.1], "to": [8.9, 12, 8.9], "rotation": {"angle": 0, "axis": "y", "origin": [7, 6, 7]}, "faces": {"north": {"uv": [3.33333, 8, 4.66667, 12], "texture": "#3"}, "east": {"uv": [4.66667, 8, 6, 12], "texture": "#3"}, "south": {"uv": [10, 0, 11.33333, 4], "texture": "#3"}, "west": {"uv": [10, 4, 11.33333, 8], "texture": "#3"}, "up": {"uv": [9.33333, 11.33333, 8, 10], "texture": "#3"}, "down": {"uv": [11.33333, 8, 10, 9.33333], "texture": "#3"}}}, {"from": [5.5, 14.25, 5.5], "to": [10.5, 19.25, 10.5], "rotation": {"angle": 45, "axis": "x", "origin": [8, 16.75, 8]}, "faces": {"north": {"uv": [4.66667, 0, 8, 3.33333], "texture": "#3"}, "east": {"uv": [4.66667, 0, 8, 3.33333], "texture": "#3"}, "south": {"uv": [4.66667, 0, 8, 3.33333], "texture": "#3"}, "west": {"uv": [6.66667, 3.33333, 10, 6.66667], "texture": "#3"}, "up": {"uv": [4.66667, 0, 8, 3.33333], "texture": "#3"}, "down": {"uv": [4.66667, 0, 8, 3.33333], "texture": "#3"}}}, {"from": [6.75, 13.25, 4.5], "to": [6.75, 20.25, 11.5], "rotation": {"angle": 45, "axis": "x", "origin": [9.25, 16.75, 8]}, "faces": {"north": {"uv": [0, 0, 0, 4.66667], "texture": "#3"}, "east": {"uv": [4.66667, 0, 0, 4.66667], "texture": "#3"}, "south": {"uv": [0, 0, 0, 4.66667], "texture": "#3"}, "west": {"uv": [0, 0, 4.66667, 4.66667], "texture": "#3"}, "up": {"uv": [0, 4.66667, 0, 0], "texture": "#3"}, "down": {"uv": [0, 0, 0, 4.66667], "texture": "#3"}}}, {"from": [9.25, 13.25, 4.5], "to": [9.25, 20.25, 11.5], "rotation": {"angle": 45, "axis": "x", "origin": [6.75, 16.75, 8]}, "faces": {"north": {"uv": [0, 0, 0, 4.66667], "texture": "#3"}, "east": {"uv": [4.66667, 0, 0, 4.66667], "texture": "#3"}, "south": {"uv": [0, 0, 0, 4.66667], "texture": "#3"}, "west": {"uv": [0, 0, 4.66667, 4.66667], "texture": "#3"}, "up": {"uv": [0, 4.66667, 0, 0], "texture": "#3"}, "down": {"uv": [0, 0, 0, 4.66667], "texture": "#3"}}}, {"from": [4.5, 13.25, 9.25], "to": [11.5, 20.25, 9.25], "rotation": {"angle": 45, "axis": "x", "origin": [8, 16.75, 8]}, "faces": {"north": {"uv": [0, 0, 4.66667, 4.66667], "texture": "#3"}, "east": {"uv": [0, 0, 0, 4.66667], "texture": "#3"}, "south": {"uv": [4.66667, 0, 0, 4.66667], "texture": "#3"}, "west": {"uv": [0, 0, 0, 4.66667], "texture": "#3"}, "up": {"uv": [0, 4.66667, 0, 0], "rotation": 90, "texture": "#3"}, "down": {"uv": [0, 0, 0, 4.66667], "rotation": 270, "texture": "#3"}}}, {"from": [4.5, 13.25, 6.75], "to": [11.5, 20.25, 6.75], "rotation": {"angle": 45, "axis": "x", "origin": [8, 16.75, 8]}, "faces": {"north": {"uv": [0, 0, 4.66667, 4.66667], "texture": "#3"}, "east": {"uv": [0, 0, 0, 4.66667], "texture": "#3"}, "south": {"uv": [4.66667, 0, 0, 4.66667], "texture": "#3"}, "west": {"uv": [0, 0, 0, 4.66667], "texture": "#3"}, "up": {"uv": [0, 4.66667, 0, 0], "rotation": 90, "texture": "#3"}, "down": {"uv": [0, 0, 0, 4.66667], "rotation": 270, "texture": "#3"}}}, {"from": [3.5, 11.95711, 8], "to": [12.5, 20.95711, 8], "rotation": {"angle": 45, "axis": "x", "origin": [8, 16.45711, 8]}, "faces": {"north": {"uv": [12, 0, 0, 13], "rotation": 90, "texture": "#1"}, "east": {"uv": [0, 0, 0, 6], "texture": "#1"}, "south": {"uv": [0, 0, 12, 13], "rotation": 270, "texture": "#1"}, "west": {"uv": [0, 0, 0, 6], "rotation": 180, "texture": "#1"}, "up": {"uv": [0, 0, 0, 6], "rotation": 270, "texture": "#1"}, "down": {"uv": [0, 0, 0, 6], "rotation": 270, "texture": "#1"}}}, {"from": [3.5, 11.95711, 8], "to": [12.5, 20.95711, 8], "rotation": {"angle": -45, "axis": "x", "origin": [8, 16.45711, 8]}, "faces": {"north": {"uv": [12, 0, 0, 13], "rotation": 270, "texture": "#1"}, "east": {"uv": [0, 0, 0, 6], "texture": "#1"}, "south": {"uv": [0, 0, 12, 13], "rotation": 90, "texture": "#1"}, "west": {"uv": [0, 0, 0, 6], "rotation": 180, "texture": "#1"}, "up": {"uv": [0, 0, 0, 6], "rotation": 90, "texture": "#1"}, "down": {"uv": [0, 0, 0, 6], "rotation": 90, "texture": "#1"}}}], "gui_light": "front", "display": {"thirdperson_righthand": {"translation": [0, 2.75, 1]}, "thirdperson_lefthand": {"translation": [0, 2.75, 1]}, "firstperson_righthand": {"rotation": [-10, 0, 0], "translation": [-1.75, 2.25, 1.75]}, "firstperson_lefthand": {"rotation": [-10, 0, 0], "translation": [-1.75, 2.25, 1.75]}, "ground": {"translation": [0, 12.5, 0]}, "gui": {"rotation": [90, -45, 90], "translation": [0.5, -0.5, -0.5], "scale": [0.97852, 0.97852, 0.97852]}, "head": {"scale": [1.5, 1.5, 1.5]}, "fixed": {"rotation": [90, -135, 90], "translation": [-0.5, -0.5, -0.5], "scale": [1.13672, 1.13672, 1.13672]}}}