{"credit": "MadebyPolygonMC", "texture_size": [8, 8], "textures": {"1": "oceanset/picaxe", "2": "oceanset/animation_1", "particle": "oceanset/animation_1"}, "elements": [{"from": [7.5, 2.45, 7.5], "to": [8.5, 4.95, 8.5], "rotation": {"angle": 0, "axis": "y", "origin": [7.5, -0.05, 7.5]}, "faces": {"north": {"uv": [7.33333, 0, 8, 1.66667], "texture": "#1"}, "east": {"uv": [1.33333, 7.33333, 2, 9], "texture": "#1"}, "south": {"uv": [2, 7.33333, 2.66667, 9], "texture": "#1"}, "west": {"uv": [7.33333, 2, 8, 3.66667], "texture": "#1"}, "down": {"uv": [8.66667, 3.33333, 8, 4], "texture": "#1"}}}, {"from": [7.6, -0.05, 7.6], "to": [8.4, 2.45, 8.4], "rotation": {"angle": 0, "axis": "y", "origin": [7.5, -2.55, 7.5]}, "faces": {"north": {"uv": [2.66667, 7.33333, 3.33333, 9], "texture": "#1"}, "east": {"uv": [3.33333, 7.33333, 4, 9], "texture": "#1"}, "south": {"uv": [4, 7.33333, 4.66667, 9], "texture": "#1"}, "west": {"uv": [4.66667, 7.33333, 5.33333, 9], "texture": "#1"}}}, {"from": [7.475, -1.3, 7.25], "to": [8.525, 0.2, 8.75], "rotation": {"angle": -45, "axis": "x", "origin": [8, -0.55, 8]}, "faces": {"north": {"uv": [6, 10.66667, 6.66667, 11.66667], "texture": "#1"}, "east": {"uv": [5.33333, 8, 6.33333, 9], "texture": "#1"}, "south": {"uv": [10.66667, 6.66667, 11.33333, 7.66667], "texture": "#1"}, "west": {"uv": [8, 5.33333, 9, 6.33333], "texture": "#1"}, "up": {"uv": [8.66667, 11.66667, 8, 10.66667], "texture": "#1"}, "down": {"uv": [11.33333, 8, 10.66667, 9], "texture": "#1"}}}, {"from": [7.275, -1, 7.55], "to": [8.725, -0.1, 8.45], "rotation": {"angle": -45, "axis": "x", "origin": [8, -0.55, 8]}, "faces": {"north": {"uv": [10.66667, 9.33333, 11.66667, 10], "texture": "#1"}, "east": {"uv": [6.66667, 8, 7.33333, 8.66667], "texture": "#1"}, "south": {"uv": [10.66667, 10, 11.66667, 10.66667], "texture": "#1"}, "west": {"uv": [8.66667, 4.66667, 9.33333, 5.33333], "texture": "#1"}, "up": {"uv": [11.66667, 11.33333, 10.66667, 10.66667], "texture": "#1"}, "down": {"uv": [1, 11.33333, 0, 12], "texture": "#1"}}}, {"from": [7.25, 4.95, 7.25], "to": [8.75, 6.2, 8.75], "rotation": {"angle": 0, "axis": "y", "origin": [7.5, -0.05, 7.5]}, "faces": {"north": {"uv": [8, 6.66667, 9, 7.66667], "texture": "#1"}, "east": {"uv": [8, 8, 9, 9], "texture": "#1"}, "south": {"uv": [0, 8.66667, 1, 9.66667], "texture": "#1"}, "west": {"uv": [8.66667, 0, 9.66667, 1], "texture": "#1"}, "up": {"uv": [9.66667, 4.33333, 8.66667, 3.33333], "texture": "#1"}, "down": {"uv": [7.66667, 8.66667, 6.66667, 9.66667], "texture": "#1"}}}, {"from": [7.25, 11.95, 7.25], "to": [8.75, 13.2, 8.75], "rotation": {"angle": 0, "axis": "y", "origin": [7.5, 6.95, 7.5]}, "faces": {"north": {"uv": [9.33333, 8.66667, 10.33333, 9.66667], "texture": "#1"}, "east": {"uv": [0, 10, 1, 11], "texture": "#1"}, "south": {"uv": [10, 0, 11, 1], "texture": "#1"}, "west": {"uv": [10, 1.33333, 11, 2.33333], "texture": "#1"}, "up": {"uv": [11, 3.66667, 10, 2.66667], "texture": "#1"}, "down": {"uv": [7.66667, 10, 6.66667, 11], "texture": "#1"}}}, {"from": [7.4, 12.5, 7], "to": [8.6, 14.5, 9], "rotation": {"angle": -45, "axis": "x", "origin": [8, 13.5, 8]}, "faces": {"north": {"uv": [9.33333, 10, 10, 11.33333], "texture": "#1"}, "east": {"uv": [5.33333, 4, 6.66667, 5.33333], "texture": "#1"}, "south": {"uv": [10, 10, 10.66667, 11.33333], "texture": "#1"}, "west": {"uv": [5.33333, 5.33333, 6.66667, 6.66667], "texture": "#1"}, "up": {"uv": [2, 12, 1.33333, 10.66667], "texture": "#1"}, "down": {"uv": [2.66667, 10.66667, 2, 12], "texture": "#1"}}}, {"from": [7.15, 12.75, 7.25], "to": [8.85, 14.25, 8.75], "rotation": {"angle": -45, "axis": "x", "origin": [8, 13.5, 8]}, "faces": {"north": {"uv": [1.33333, 9.33333, 2.33333, 10.33333], "texture": "#1"}, "east": {"uv": [2.66667, 9.33333, 3.66667, 10.33333], "texture": "#1"}, "south": {"uv": [4, 9.33333, 5, 10.33333], "texture": "#1"}, "west": {"uv": [9.33333, 4.66667, 10.33333, 5.66667], "texture": "#1"}, "up": {"uv": [6.33333, 10.33333, 5.33333, 9.33333], "texture": "#1"}, "down": {"uv": [10.33333, 6, 9.33333, 7], "texture": "#1"}}}, {"from": [7.5, 14, 7], "to": [8.5, 16, 9], "rotation": {"angle": -45, "axis": "x", "origin": [8, 15, 8]}, "faces": {"north": {"uv": [2.66667, 10.66667, 3.33333, 12], "texture": "#1"}, "east": {"uv": [0, 6, 1.33333, 7.33333], "texture": "#1"}, "south": {"uv": [3.33333, 10.66667, 4, 12], "texture": "#1"}, "west": {"uv": [1.33333, 6, 2.66667, 7.33333], "texture": "#1"}, "up": {"uv": [4.66667, 12, 4, 10.66667], "texture": "#1"}, "down": {"uv": [11.33333, 4, 10.66667, 5.33333], "texture": "#1"}}}, {"from": [7.65, 15.5, 7], "to": [8.35, 17, 8.5], "rotation": {"angle": -45, "axis": "x", "origin": [8, 16.5, 8]}, "faces": {"north": {"uv": [11.33333, 6.66667, 11.66667, 7.66667], "texture": "#1"}, "east": {"uv": [9.33333, 7.33333, 10.33333, 8.33333], "texture": "#1"}, "south": {"uv": [7.33333, 11.33333, 7.66667, 12.33333], "texture": "#1"}, "west": {"uv": [8, 9.33333, 9, 10.33333], "texture": "#1"}, "up": {"uv": [11.66667, 9, 11.33333, 8], "texture": "#1"}, "down": {"uv": [9.66667, 11.33333, 9.33333, 12.33333], "texture": "#1"}}}, {"from": [7.5, 14.25, 4.75], "to": [8.5, 15.75, 7.25], "rotation": {"angle": 22.5, "axis": "x", "origin": [7.5, 14.25, 3.25]}, "faces": {"north": {"uv": [8.66667, 10.66667, 9.33333, 11.66667], "texture": "#1"}, "east": {"uv": [6.66667, 4, 8.33333, 5], "texture": "#1"}, "south": {"uv": [11.33333, 0, 12, 1], "texture": "#1"}, "west": {"uv": [5.33333, 6.66667, 7, 7.66667], "texture": "#1"}, "up": {"uv": [8, 8.33333, 7.33333, 6.66667], "texture": "#1"}, "down": {"uv": [8.66667, 0, 8, 1.66667], "texture": "#1"}}}, {"from": [7.25, 14.25, 4.875], "to": [8.75, 15.25, 6.75], "rotation": {"angle": 22.5, "axis": "x", "origin": [8, 15, 4]}, "faces": {"north": {"uv": [11.33333, 1.33333, 12.33333, 2], "texture": "#1"}, "east": {"uv": [8.66667, 1.33333, 10, 2], "texture": "#1"}, "south": {"uv": [11.33333, 2, 12.33333, 2.66667], "texture": "#1"}, "west": {"uv": [4.66667, 10.66667, 6, 11.33333], "texture": "#1"}, "up": {"uv": [7.66667, 6.66667, 6.66667, 5.33333], "texture": "#1"}, "down": {"uv": [1, 7.33333, 0, 8.66667], "texture": "#1"}}}, {"from": [8, -3, 6.5], "to": [8, 0, 9.5], "rotation": {"angle": -45, "axis": "x", "origin": [8, -1.5, 8]}, "faces": {"north": {"uv": [0, 0, 0, 2], "texture": "#1"}, "east": {"uv": [5.33333, 0, 7.33333, 2], "texture": "#1"}, "south": {"uv": [0, 0, 0, 2], "texture": "#1"}, "west": {"uv": [5.33333, 2, 7.33333, 4], "texture": "#1"}, "up": {"uv": [0, 2, 0, 0], "texture": "#1"}, "down": {"uv": [0, 0, 0, 2], "texture": "#1"}}}, {"from": [7.1, 6, 7.1], "to": [8.9, 12, 8.9], "rotation": {"angle": 0, "axis": "y", "origin": [7, 6, 7]}, "faces": {"north": {"uv": [5.33333, 2, 4, 6], "texture": "#1"}, "east": {"uv": [4, 2, 5.33333, 6], "texture": "#1"}, "south": {"uv": [5.33333, 2, 4, 6], "texture": "#1"}, "west": {"uv": [4, 2, 5.33333, 6], "texture": "#1"}, "up": {"uv": [4, 7.33333, 2.66667, 6], "texture": "#1"}, "down": {"uv": [5.33333, 6, 4, 7.33333], "texture": "#1"}}}, {"from": [7.75, 12.94443, 4.20596], "to": [8.25, 13.94443, 6.45596], "rotation": {"angle": 0, "axis": "x", "origin": [8, 12.63858, 3.51726]}, "faces": {"north": {"uv": [12, 0, 12.33333, 0.66667], "texture": "#1"}, "east": {"uv": [8, 2, 9.66667, 2.66667], "texture": "#1"}, "west": {"uv": [8, 2.66667, 9.66667, 3.33333], "texture": "#1"}, "up": {"uv": [11.66667, 4.33333, 11.33333, 2.66667], "texture": "#1"}, "down": {"uv": [5, 11.33333, 4.66667, 13], "texture": "#1"}}}, {"from": [7.8, 12.71849, 2.76035], "to": [8.2, 13.51849, 4.66035], "rotation": {"angle": -22.5, "axis": "x", "origin": [8, 12.63858, 3.51726]}, "faces": {"north": {"uv": [0.66667, 12, 1, 12.66667], "texture": "#1"}, "east": {"uv": [10.66667, 5.33333, 12, 6], "texture": "#1"}, "west": {"uv": [10.66667, 6, 12, 6.66667], "texture": "#1"}, "up": {"uv": [5.66667, 12.66667, 5.33333, 11.33333], "texture": "#1"}, "down": {"uv": [7, 11.33333, 6.66667, 12.66667], "texture": "#1"}}}, {"from": [7.852, 10.84802, 2.49368], "to": [8.148, 12.25402, 3.08568], "rotation": {"angle": 45, "axis": "x", "origin": [8, 12.63858, 3.51726]}, "faces": {"north": {"uv": [10, 11.33333, 10.33333, 12.33333], "texture": "#1"}, "east": {"uv": [10.66667, 11.33333, 11, 12.33333], "texture": "#1"}, "south": {"uv": [11.33333, 11.33333, 11.66667, 12.33333], "texture": "#1"}, "west": {"uv": [0, 12, 0.33333, 13], "texture": "#1"}, "down": {"uv": [12.33333, 2.66667, 12, 3], "texture": "#1"}}}, {"from": [7.75, 11.33273, 1.20355], "to": [8.25, 12.33273, 2.20355], "rotation": {"angle": 0, "axis": "x", "origin": [8, 12.63858, 3.51726]}, "faces": {"north": {"uv": [12, 0.66667, 12.33333, 1.33333], "texture": "#1"}, "east": {"uv": [10, 4, 10.66667, 4.66667], "texture": "#1"}, "south": {"uv": [1.33333, 12, 1.66667, 12.66667], "texture": "#1"}, "west": {"uv": [11.33333, 4.66667, 12, 5.33333], "texture": "#1"}, "up": {"uv": [2.33333, 12.66667, 2, 12], "texture": "#1"}, "down": {"uv": [3, 12, 2.66667, 12.66667], "texture": "#1"}}}, {"from": [8, 10.975, -0.05], "to": [8, 13.975, 7.2], "rotation": {"angle": -22.5, "axis": "x", "origin": [8, 12.475, 4.2]}, "faces": {"north": {"uv": [0, 0, 0, 2], "texture": "#1"}, "east": {"uv": [5, 0, 0, 2], "texture": "#1"}, "south": {"uv": [0, 0, 0, 2], "texture": "#1"}, "west": {"uv": [0, 0, 5, 2], "texture": "#1"}, "up": {"uv": [0, 5, 0, 0], "texture": "#1"}, "down": {"uv": [0, 0, 0, 5], "texture": "#1"}}}, {"from": [7.5, 14.25, 8.75], "to": [8.5, 15.75, 11.25], "rotation": {"angle": -22.5, "axis": "x", "origin": [7.5, 14.25, 12.75]}, "faces": {"north": {"uv": [12, 0, 11.33333, 1], "texture": "#1"}, "east": {"uv": [8.33333, 4, 6.66667, 5], "texture": "#1"}, "south": {"uv": [9.33333, 10.66667, 8.66667, 11.66667], "texture": "#1"}, "west": {"uv": [7, 6.66667, 5.33333, 7.66667], "texture": "#1"}, "up": {"uv": [8, 6.66667, 7.33333, 8.33333], "texture": "#1"}, "down": {"uv": [8.66667, 1.66667, 8, 0], "texture": "#1"}}}, {"from": [7.25, 14.25, 9.25], "to": [8.75, 15.25, 11.125], "rotation": {"angle": -22.5, "axis": "x", "origin": [8, 15, 12]}, "faces": {"north": {"uv": [12.33333, 2, 11.33333, 2.66667], "texture": "#1"}, "east": {"uv": [10, 1.33333, 8.66667, 2], "texture": "#1"}, "south": {"uv": [12.33333, 1.33333, 11.33333, 2], "texture": "#1"}, "west": {"uv": [6, 10.66667, 4.66667, 11.33333], "texture": "#1"}, "up": {"uv": [7.66667, 5.33333, 6.66667, 6.66667], "texture": "#1"}, "down": {"uv": [1, 8.66667, 0, 7.33333], "texture": "#1"}}}, {"from": [7.75, 12.94443, 9.54404], "to": [8.25, 13.94443, 11.79404], "rotation": {"angle": 0, "axis": "x", "origin": [8, 12.63858, 12.48274]}, "faces": {"east": {"uv": [9.66667, 2, 8, 2.66667], "texture": "#1"}, "south": {"uv": [12.33333, 0, 12, 0.66667], "texture": "#1"}, "west": {"uv": [9.66667, 2.66667, 8, 3.33333], "texture": "#1"}, "up": {"uv": [11.66667, 2.66667, 11.33333, 4.33333], "texture": "#1"}, "down": {"uv": [5, 13, 4.66667, 11.33333], "texture": "#1"}}}, {"from": [7.8, 12.71849, 11.33965], "to": [8.2, 13.51849, 13.23965], "rotation": {"angle": 22.5, "axis": "x", "origin": [8, 12.63858, 12.48274]}, "faces": {"east": {"uv": [12, 5.33333, 10.66667, 6], "texture": "#1"}, "south": {"uv": [1, 12, 0.66667, 12.66667], "texture": "#1"}, "west": {"uv": [12, 6, 10.66667, 6.66667], "texture": "#1"}, "up": {"uv": [5.66667, 11.33333, 5.33333, 12.66667], "texture": "#1"}, "down": {"uv": [7, 12.66667, 6.66667, 11.33333], "texture": "#1"}}}, {"from": [7.852, 10.84802, 12.91432], "to": [8.148, 12.25402, 13.50632], "rotation": {"angle": -45, "axis": "x", "origin": [8, 12.63858, 12.48274]}, "faces": {"north": {"uv": [11.66667, 11.33333, 11.33333, 12.33333], "texture": "#1"}, "east": {"uv": [11, 11.33333, 10.66667, 12.33333], "texture": "#1"}, "south": {"uv": [10.33333, 11.33333, 10, 12.33333], "texture": "#1"}, "west": {"uv": [0.33333, 12, 0, 13], "texture": "#1"}, "down": {"uv": [12.33333, 3, 12, 2.66667], "texture": "#1"}}}, {"from": [7.75, 11.33273, 13.79645], "to": [8.25, 12.33273, 14.79645], "rotation": {"angle": 0, "axis": "x", "origin": [8, 12.63858, 12.48274]}, "faces": {"north": {"uv": [1.66667, 12, 1.33333, 12.66667], "texture": "#1"}, "east": {"uv": [10.66667, 4, 10, 4.66667], "texture": "#1"}, "south": {"uv": [12.33333, 0.66667, 12, 1.33333], "texture": "#1"}, "west": {"uv": [12, 4.66667, 11.33333, 5.33333], "texture": "#1"}, "up": {"uv": [2.33333, 12, 2, 12.66667], "texture": "#1"}, "down": {"uv": [3, 12.66667, 2.66667, 12], "texture": "#1"}}}, {"from": [8, 10.975, 8.8], "to": [8, 13.975, 16.05], "rotation": {"angle": 22.5, "axis": "x", "origin": [8, 12.475, 11.8]}, "faces": {"north": {"uv": [0, 0, 0, 2], "texture": "#1"}, "east": {"uv": [0, 0, 5, 2], "texture": "#1"}, "south": {"uv": [0, 0, 0, 2], "texture": "#1"}, "west": {"uv": [5, 0, 0, 2], "texture": "#1"}, "up": {"uv": [0, 0, 0, 5], "texture": "#1"}, "down": {"uv": [0, 5, 0, 0], "texture": "#1"}}}, {"from": [4.75, 10.25, 8], "to": [11.25, 16.75, 8], "rotation": {"angle": 45, "axis": "x", "origin": [8, 13.5, 8]}, "faces": {"north": {"uv": [0, 0, 13, 13], "rotation": 270, "texture": "#2"}, "east": {"uv": [0, 13, 0, 0], "rotation": 180, "texture": "#2"}, "south": {"uv": [13, 0, 0, 13], "rotation": 90, "texture": "#2"}, "west": {"uv": [0, 0, 0, 13], "texture": "#2"}, "up": {"uv": [0, 0, 0, 13], "rotation": 90, "texture": "#2"}, "down": {"uv": [0, 0, 0, 13], "rotation": 90, "texture": "#2"}}}, {"from": [4.75, 13.5, 4.75], "to": [11.25, 13.5, 11.25], "rotation": {"angle": 45, "axis": "x", "origin": [8, 13.5, 8]}, "faces": {"north": {"uv": [0, 0, 0, 13], "rotation": 90, "texture": "#2"}, "east": {"uv": [0, 0, 0, 13], "rotation": 270, "texture": "#2"}, "south": {"uv": [0, 0, 0, 13], "rotation": 270, "texture": "#2"}, "west": {"uv": [0, 13, 0, 0], "rotation": 270, "texture": "#2"}, "up": {"uv": [13, 0, 0, 13], "rotation": 270, "texture": "#2"}, "down": {"uv": [0, 0, 13, 13], "rotation": 270, "texture": "#2"}}}], "gui_light": "front", "display": {"thirdperson_righthand": {"translation": [0, 2.75, 1]}, "thirdperson_lefthand": {"translation": [0, 2.75, 1]}, "firstperson_righthand": {"rotation": [-10, 0, 0], "translation": [-1.75, 6.5, 1.5]}, "firstperson_lefthand": {"rotation": [-10, 0, 0], "translation": [-1.75, 6.5, 1.5]}, "ground": {"translation": [0, 12.5, 0]}, "gui": {"rotation": [90, -45, 90], "translation": [-0.5, 0.5, -0.5], "scale": [1.0586, 1.0586, 1.0586]}, "head": {"scale": [1.5, 1.5, 1.5], "rotation": [0, 90, 0]}, "fixed": {"rotation": [90, -135, 90], "translation": [0.5, 0.5, -0.5], "scale": [1.13672, 1.13672, 1.13672]}}}