{"credit": "Made by PolygonMC", "textures": {"1": "oceanset/shield", "2": "oceanset/animation_shield", "particle": "oceanset/animation_shield"}, "elements": [{"from": [5.03903, 9.46097, 6.75], "to": [6.53903, 10.96097, 7.8], "rotation": {"angle": -45, "axis": "z", "origin": [8, 8, 8]}, "faces": {"north": {"uv": [4, 10, 5, 11], "texture": "#1"}, "east": {"uv": [10, 11.33333, 10.66667, 12.33333], "texture": "#1"}, "south": {"uv": [10, 3.33333, 11, 4.33333], "texture": "#1"}, "west": {"uv": [11.33333, 10, 12, 11], "texture": "#1"}, "up": {"uv": [12, 12.33333, 11.33333, 11.33333], "rotation": 90, "texture": "#1"}, "down": {"uv": [12.66667, 0, 12, 1], "rotation": 270, "texture": "#1"}}}, {"from": [5.33903, 9.76097, 6.55], "to": [6.23903, 10.66097, 8], "rotation": {"angle": -45, "axis": "z", "origin": [8, 8, 8]}, "faces": {"north": {"uv": [12, 6.66667, 12.66667, 7.33333], "texture": "#1"}, "east": {"uv": [12, 1.33333, 13, 2], "texture": "#1"}, "south": {"uv": [10.66667, 2.66667, 11.33333, 3.33333], "texture": "#1"}, "west": {"uv": [12, 2, 13, 2.66667], "texture": "#1"}, "up": {"uv": [13, 3.33333, 12, 2.66667], "rotation": 90, "texture": "#1"}, "down": {"uv": [13, 3.33333, 12, 4], "rotation": 270, "texture": "#1"}}}, {"from": [3.8698, 10.1302, 6.675], "to": [5.8698, 12.1302, 7.875], "rotation": {"angle": -45, "axis": "z", "origin": [8, 8, 8]}, "faces": {"north": {"uv": [4, 8.66667, 5.33333, 10], "texture": "#1"}, "east": {"uv": [10.66667, 1.33333, 11.33333, 2.66667], "texture": "#1"}, "south": {"uv": [8.66667, 3.33333, 10, 4.66667], "texture": "#1"}, "west": {"uv": [4, 11.33333, 4.66667, 12.66667], "texture": "#1"}, "up": {"uv": [5.33333, 12.66667, 4.66667, 11.33333], "rotation": 90, "texture": "#1"}, "down": {"uv": [12, 4.66667, 11.33333, 6], "rotation": 270, "texture": "#1"}}}, {"from": [4.1198, 10.3802, 6.425], "to": [5.6198, 11.8802, 8.125], "rotation": {"angle": -45, "axis": "z", "origin": [8, 8, 8]}, "faces": {"north": {"uv": [10, 7.33333, 11, 8.33333], "texture": "#1"}, "east": {"uv": [10, 4.66667, 11, 5.66667], "texture": "#1"}, "south": {"uv": [5.33333, 10, 6.33333, 11], "texture": "#1"}, "west": {"uv": [6.66667, 10, 7.66667, 11], "texture": "#1"}, "up": {"uv": [9, 11, 8, 10], "rotation": 90, "texture": "#1"}, "down": {"uv": [11, 8.66667, 10, 9.66667], "rotation": 270, "texture": "#1"}}}, {"from": [2.80914, 11.19086, 6.775], "to": [4.80914, 13.19086, 7.775], "rotation": {"angle": -45, "axis": "z", "origin": [8, 8, 8]}, "faces": {"north": {"uv": [5.33333, 8.66667, 6.66667, 10], "texture": "#1"}, "east": {"uv": [5.33333, 11.33333, 6, 12.66667], "texture": "#1"}, "south": {"uv": [8.66667, 4.66667, 10, 6], "texture": "#1"}, "west": {"uv": [6, 11.33333, 6.66667, 12.66667], "texture": "#1"}, "up": {"uv": [7.33333, 12.66667, 6.66667, 11.33333], "rotation": 90, "texture": "#1"}, "down": {"uv": [8, 11.33333, 7.33333, 12.66667], "rotation": 270, "texture": "#1"}}}, {"from": [2.24848, 12.25152, 6.925], "to": [3.74848, 13.75152, 7.625], "rotation": {"angle": -45, "axis": "z", "origin": [8, 8, 8]}, "faces": {"north": {"uv": [10.66667, 0, 11.66667, 1], "texture": "#1"}, "east": {"uv": [8.66667, 12.66667, 9, 13.66667], "texture": "#1"}, "south": {"uv": [9.33333, 10, 10.33333, 11], "texture": "#1"}, "west": {"uv": [12.66667, 8.66667, 13, 9.66667], "texture": "#1"}, "up": {"uv": [9.66667, 13.66667, 9.33333, 12.66667], "rotation": 90, "texture": "#1"}, "down": {"uv": [10.33333, 12.66667, 10, 13.66667], "rotation": 270, "texture": "#1"}}}, {"from": [10.36949, 10.96497, 6.775], "to": [12.86949, 12.46497, 7.775], "rotation": {"angle": 22.5, "axis": "z", "origin": [8, 8, 8]}, "faces": {"north": {"uv": [6.66667, 8.66667, 8.33333, 9.66667], "texture": "#1"}, "east": {"uv": [3.33333, 12, 4, 13], "texture": "#1"}, "south": {"uv": [8.66667, 6, 10.33333, 7], "texture": "#1"}, "west": {"uv": [12, 4, 12.66667, 5], "texture": "#1"}, "up": {"uv": [10, 3, 9.33333, 1.33333], "rotation": 90, "texture": "#1"}, "down": {"uv": [10.66667, 1.33333, 10, 3], "rotation": 270, "texture": "#1"}}}, {"from": [11.2136, 11.19489, 6.525], "to": [13.0886, 12.19489, 8.025], "rotation": {"angle": 22.5, "axis": "z", "origin": [8, 8, 8]}, "faces": {"north": {"uv": [11.33333, 7.33333, 12.66667, 8], "texture": "#1"}, "east": {"uv": [12, 5.33333, 13, 6], "texture": "#1"}, "south": {"uv": [8.66667, 7.33333, 10, 8], "texture": "#1"}, "west": {"uv": [12, 6, 13, 6.66667], "texture": "#1"}, "up": {"uv": [9.66667, 10, 8.66667, 8.66667], "rotation": 90, "texture": "#1"}, "down": {"uv": [10.33333, 0, 9.33333, 1.33333], "rotation": 270, "texture": "#1"}}}, {"from": [2.9114, 11.19489, 6.525], "to": [4.7864, 12.19489, 8.025], "rotation": {"angle": -22.5, "axis": "z", "origin": [8, 8, 8]}, "faces": {"north": {"uv": [12.66667, 7.33333, 11.33333, 8], "texture": "#1"}, "east": {"uv": [13, 6, 12, 6.66667], "texture": "#1"}, "south": {"uv": [10, 7.33333, 8.66667, 8], "texture": "#1"}, "west": {"uv": [13, 5.33333, 12, 6], "texture": "#1"}, "up": {"uv": [9.66667, 8.66667, 8.66667, 10], "rotation": 90, "texture": "#1"}, "down": {"uv": [10.33333, 1.33333, 9.33333, 0], "rotation": 270, "texture": "#1"}}}, {"from": [3.13051, 10.96497, 6.775], "to": [5.63051, 12.46497, 7.775], "rotation": {"angle": -22.5, "axis": "z", "origin": [8, 8, 8]}, "faces": {"north": {"uv": [8.33333, 8.66667, 6.66667, 9.66667], "texture": "#1"}, "east": {"uv": [12.66667, 4, 12, 5], "texture": "#1"}, "south": {"uv": [10.33333, 6, 8.66667, 7], "texture": "#1"}, "west": {"uv": [4, 12, 3.33333, 13], "texture": "#1"}, "up": {"uv": [10, 1.33333, 9.33333, 3], "rotation": 90, "texture": "#1"}, "down": {"uv": [10.66667, 3, 10, 1.33333], "rotation": 270, "texture": "#1"}}}, {"from": [5.875, 0.67678, 6.85], "to": [10.125, 12.67678, 7.35], "rotation": {"angle": 0, "axis": "y", "origin": [8, 8, 8]}, "faces": {"north": {"uv": [3.33333, 0, 6.33333, 8], "texture": "#1"}, "east": {"uv": [0.66667, 8, 1, 16], "texture": "#1"}, "south": {"uv": [0, 0, 3, 8], "texture": "#1"}, "west": {"uv": [1.33333, 8, 1.66667, 16], "texture": "#1"}, "up": {"uv": [11, 13, 10.66667, 10], "rotation": 90, "texture": "#1"}, "down": {"uv": [11.66667, 1.33333, 11.33333, 4.33333], "rotation": 270, "texture": "#1"}}}, {"from": [8.68943, 0.67678, 5.68423], "to": [9.68943, 12.67678, 6.18423], "rotation": {"angle": -45, "axis": "y", "origin": [8, 8, 8]}, "faces": {"north": {"uv": [8, 0, 8.66667, 8], "texture": "#1"}, "east": {"uv": [2, 8, 2.33333, 16], "texture": "#1"}, "south": {"uv": [0, 8, 0.66667, 16], "texture": "#1"}, "west": {"uv": [2.66667, 8, 3, 16], "texture": "#1"}, "up": {"uv": [13, 13.33333, 12.66667, 12.66667], "rotation": 90, "texture": "#1"}, "down": {"uv": [13.66667, 0, 13.33333, 0.66667], "rotation": 270, "texture": "#1"}}}, {"from": [5.75, 0.42678, 6.775], "to": [10.25, 1.42678, 7.525], "rotation": {"angle": 0, "axis": "y", "origin": [8, 8, 8]}, "faces": {"north": {"uv": [6.66667, 8, 9.66667, 8.66667], "texture": "#1"}, "east": {"uv": [8, 12, 8.66667, 12.66667], "texture": "#1"}, "south": {"uv": [3.33333, 8, 6.33333, 8.66667], "texture": "#1"}, "west": {"uv": [8.66667, 12, 9.33333, 12.66667], "texture": "#1"}, "up": {"uv": [9.33333, 3, 8.66667, 0], "rotation": 90, "texture": "#1"}, "down": {"uv": [4, 8.66667, 3.33333, 11.66667], "rotation": 270, "texture": "#1"}}}, {"from": [8.72478, 0.42678, 5.5428], "to": [10.59978, 1.42678, 6.3178], "rotation": {"angle": -45, "axis": "y", "origin": [8, 8, 8]}, "faces": {"north": {"uv": [11.33333, 8, 12.66667, 8.66667], "texture": "#1"}, "east": {"uv": [12, 8.66667, 12.66667, 9.33333], "texture": "#1"}, "south": {"uv": [8, 11.33333, 9.33333, 12], "texture": "#1"}, "west": {"uv": [12, 9.33333, 12.66667, 10], "texture": "#1"}, "up": {"uv": [12, 10, 11.33333, 8.66667], "rotation": 90, "texture": "#1"}, "down": {"uv": [10, 11.33333, 9.33333, 12.66667], "rotation": 270, "texture": "#1"}}}, {"from": [6.31057, 0.67678, 5.68423], "to": [7.31057, 12.67678, 6.18423], "rotation": {"angle": 45, "axis": "y", "origin": [8, 8, 8]}, "faces": {"north": {"uv": [8.66667, 0, 8, 8], "texture": "#1"}, "east": {"uv": [3, 8, 2.66667, 16], "texture": "#1"}, "south": {"uv": [0.66667, 8, 0, 16], "texture": "#1"}, "west": {"uv": [2.33333, 8, 2, 16], "texture": "#1"}, "up": {"uv": [13, 12.66667, 12.66667, 13.33333], "rotation": 90, "texture": "#1"}, "down": {"uv": [13.66667, 0.66667, 13.33333, 0], "rotation": 270, "texture": "#1"}}}, {"from": [5.40022, 0.42678, 5.5428], "to": [7.27522, 1.42678, 6.3178], "rotation": {"angle": 45, "axis": "y", "origin": [8, 8, 8]}, "faces": {"north": {"uv": [12.66667, 8, 11.33333, 8.66667], "texture": "#1"}, "east": {"uv": [12.66667, 9.33333, 12, 10], "texture": "#1"}, "south": {"uv": [9.33333, 11.33333, 8, 12], "texture": "#1"}, "west": {"uv": [12.66667, 8.66667, 12, 9.33333], "texture": "#1"}, "up": {"uv": [12, 8.66667, 11.33333, 10], "rotation": 90, "texture": "#1"}, "down": {"uv": [10, 12.66667, 9.33333, 11.33333], "rotation": 270, "texture": "#1"}}}, {"from": [6.9, 9.61044, 7.59268], "to": [9.1, 10.21044, 8.19268], "rotation": {"angle": 45, "axis": "x", "origin": [8, 8, 8]}, "faces": {"north": {"uv": [12.66667, 6.66667, 14, 7], "texture": "#1"}, "east": {"uv": [13.33333, 3.33333, 13.66667, 3.66667], "texture": "#1"}, "south": {"uv": [6.66667, 12.66667, 8, 13], "texture": "#1"}, "west": {"uv": [4, 13.33333, 4.33333, 13.66667], "texture": "#1"}, "up": {"uv": [13, 8.66667, 12.66667, 7.33333], "rotation": 90, "texture": "#1"}, "down": {"uv": [8.33333, 12.66667, 8, 14], "rotation": 270, "texture": "#1"}}}, {"from": [9.2, 9.12678, 7.275], "to": [9.8, 9.72678, 9.025], "rotation": {"angle": 0, "axis": "y", "origin": [8, 8, 8]}, "faces": {"east": {"uv": [4, 12.66667, 5.33333, 13], "texture": "#1"}, "west": {"uv": [12.66667, 4, 14, 4.33333], "texture": "#1"}, "up": {"uv": [14, 5, 12.66667, 4.66667], "rotation": 90, "texture": "#1"}, "down": {"uv": [6.66667, 12.66667, 5.33333, 13], "rotation": 270, "texture": "#1"}}}, {"from": [9.1, 9.51044, 7.49268], "to": [9.9, 10.31044, 8.29268], "rotation": {"angle": 45, "axis": "x", "origin": [8, 8, 8]}, "faces": {"north": {"uv": [12, 12, 12.66667, 12.66667], "texture": "#1"}, "east": {"uv": [12, 10, 12.66667, 10.66667], "texture": "#1"}, "south": {"uv": [12, 10.66667, 12.66667, 11.33333], "texture": "#1"}, "west": {"uv": [12, 11.33333, 12.66667, 12], "texture": "#1"}, "up": {"uv": [13.33333, 0.66667, 12.66667, 0], "rotation": 90, "texture": "#1"}, "down": {"uv": [13.33333, 0.66667, 12.66667, 1.33333], "rotation": 270, "texture": "#1"}}}, {"from": [6.2, 9.12678, 7.275], "to": [6.8, 9.72678, 9.025], "rotation": {"angle": 0, "axis": "y", "origin": [8, 8, 8]}, "faces": {"east": {"uv": [14, 4, 12.66667, 4.33333], "texture": "#1"}, "west": {"uv": [5.33333, 12.66667, 4, 13], "texture": "#1"}, "up": {"uv": [14, 4.66667, 12.66667, 5], "rotation": 90, "texture": "#1"}, "down": {"uv": [6.66667, 13, 5.33333, 12.66667], "rotation": 270, "texture": "#1"}}}, {"from": [6.1, 9.51044, 7.49268], "to": [6.9, 10.31044, 8.29268], "rotation": {"angle": 45, "axis": "x", "origin": [8, 8, 8]}, "faces": {"north": {"uv": [12.66667, 12, 12, 12.66667], "texture": "#1"}, "east": {"uv": [12.66667, 11.33333, 12, 12], "texture": "#1"}, "south": {"uv": [12.66667, 10.66667, 12, 11.33333], "texture": "#1"}, "west": {"uv": [12.66667, 10, 12, 10.66667], "texture": "#1"}, "up": {"uv": [13.33333, 0, 12.66667, 0.66667], "rotation": 90, "texture": "#1"}, "down": {"uv": [13.33333, 1.33333, 12.66667, 0.66667], "rotation": 270, "texture": "#1"}}}, {"from": [9.61621, 0.67678, 6.086], "to": [11.61621, 12.67678, 6.086], "rotation": {"angle": -45, "axis": "y", "origin": [8.17678, 8, 8.17678]}, "faces": {"north": {"uv": [6.66667, 0, 8, 8], "texture": "#1"}, "east": {"uv": [0, 0, 0, 8], "texture": "#1"}, "south": {"uv": [8, 0, 6.66667, 8], "texture": "#1"}, "west": {"uv": [0, 0, 0, 8], "texture": "#1"}, "up": {"uv": [0, 1.33333, 0, 0], "rotation": 90, "texture": "#1"}, "down": {"uv": [0, 0, 0, 1.33333], "rotation": 270, "texture": "#1"}}}, {"from": [4.38379, 0.67678, 6.086], "to": [6.38379, 12.67678, 6.086], "rotation": {"angle": 45, "axis": "y", "origin": [7.82322, 8, 8.17678]}, "faces": {"north": {"uv": [8, 0, 6.66667, 8], "texture": "#1"}, "east": {"uv": [0, 0, 0, 8], "texture": "#1"}, "south": {"uv": [6.66667, 0, 8, 8], "texture": "#1"}, "west": {"uv": [0, 0, 0, 8], "texture": "#1"}, "up": {"uv": [0, 0, 0, 1.33333], "rotation": 90, "texture": "#1"}, "down": {"uv": [0, 1.33333, 0, 0], "rotation": 270, "texture": "#1"}}}, {"from": [8.475, 2, 6.725], "to": [11.475, 12, 6.725], "faces": {"north": {"uv": [0, 0, 3, 10], "texture": "#2"}, "east": {"uv": [0, 0, 0, 10], "texture": "#2"}, "west": {"uv": [0, 0, 0, 10], "texture": "#2"}, "up": {"uv": [3, 0, 0, 0], "texture": "#2"}, "down": {"uv": [3, 0, 0, 0], "texture": "#2"}}}, {"from": [4.525, 2, 6.725], "to": [7.525, 12, 6.725], "rotation": {"angle": 0, "axis": "y", "origin": [16, 0, 0]}, "faces": {"north": {"uv": [3, 0, 0, 10], "texture": "#2"}, "east": {"uv": [0, 0, 0, 10], "texture": "#2"}, "west": {"uv": [0, 0, 0, 10], "texture": "#2"}, "up": {"uv": [0, 0, 3, 0], "texture": "#2"}, "down": {"uv": [0, 0, 3, 0], "texture": "#2"}}}], "gui_light": "front", "display": {"thirdperson_righthand": {"rotation": [35, -45, 0], "translation": [1.25, -1.5, -1.25], "scale": [1.3, 1.3, 1.3]}, "thirdperson_lefthand": {"rotation": [35, -45, 0], "translation": [1.25, -1.5, -1.25], "scale": [1.3, 1.3, 1.3]}, "firstperson_righthand": {"rotation": [0, 0, 11], "translation": [-7.75, 1.75, 5], "scale": [1.3, 1.3, 1.3]}, "firstperson_lefthand": {"rotation": [0, 0, 11], "translation": [-7.75, 1.75, 5], "scale": [1.3, 1.3, 1.3]}, "ground": {"translation": [0, 11.5, 0], "scale": [1.3, 1.3, 1.3]}, "gui": {"rotation": [0, 180, 0], "translation": [0.25, -0.25, -0.5], "scale": [1.06836, 1.06836, 1.06836]}, "head": {"scale": [1.5, 1.5, 1.5]}, "fixed": {"translation": [0, 0, -1.5], "scale": [1.08008, 1.08008, 1.08008]}}}