{"credit": "MadebyPolygonMC", "texture_size": [24, 24], "textures": {"1": "oceanset/animation_shovel", "3": "oceanset/shovel", "particle": "oceanset/animation_shovel"}, "elements": [{"from": [7.5, 2.45, 7.5], "to": [8.5, 4.95, 8.5], "rotation": {"angle": 0, "axis": "y", "origin": [7.5, -0.05, 7.5]}, "faces": {"north": {"uv": [9.33333, 4, 10, 5.66667], "texture": "#3"}, "east": {"uv": [7.33333, 9.33333, 8, 11], "texture": "#3"}, "south": {"uv": [8, 9.33333, 8.66667, 11], "texture": "#3"}, "west": {"uv": [10, 0, 10.66667, 1.66667], "texture": "#3"}, "down": {"uv": [8.66667, 7.33333, 8, 8], "texture": "#3"}}}, {"from": [7.6, -0.05, 7.6], "to": [8.4, 2.45, 8.4], "rotation": {"angle": 0, "axis": "y", "origin": [7.5, -2.55, 7.5]}, "faces": {"north": {"uv": [2, 10, 2.66667, 11.66667], "texture": "#3"}, "east": {"uv": [10, 2, 10.66667, 3.66667], "texture": "#3"}, "south": {"uv": [2.66667, 10, 3.33333, 11.66667], "texture": "#3"}, "west": {"uv": [3.33333, 10, 4, 11.66667], "texture": "#3"}}}, {"from": [7.475, -1.3, 7.25], "to": [8.525, 0.2, 8.75], "rotation": {"angle": -45, "axis": "x", "origin": [8, -0.55, 8]}, "faces": {"north": {"uv": [11.33333, 12, 12, 13], "texture": "#3"}, "east": {"uv": [9.33333, 6, 10.33333, 7], "texture": "#3"}, "south": {"uv": [12, 12, 12.66667, 13], "texture": "#3"}, "west": {"uv": [6, 10, 7, 11], "texture": "#3"}, "up": {"uv": [13.33333, 3.66667, 12.66667, 2.66667], "texture": "#3"}, "down": {"uv": [13.33333, 4, 12.66667, 5], "texture": "#3"}}}, {"from": [7.275, -1, 7.55], "to": [8.725, -0.1, 8.45], "rotation": {"angle": -45, "axis": "x", "origin": [8, -0.55, 8]}, "faces": {"north": {"uv": [5.33333, 12.66667, 6.33333, 13.33333], "texture": "#3"}, "east": {"uv": [10.66667, 8, 11.33333, 8.66667], "texture": "#3"}, "south": {"uv": [12.66667, 5.33333, 13.66667, 6], "texture": "#3"}, "west": {"uv": [12.66667, 12, 13.33333, 12.66667], "texture": "#3"}, "up": {"uv": [13.66667, 6.66667, 12.66667, 6], "texture": "#3"}, "down": {"uv": [7.66667, 12.66667, 6.66667, 13.33333], "texture": "#3"}}}, {"from": [7.25, 4.95, 7.25], "to": [8.75, 6.2, 8.75], "rotation": {"angle": 0, "axis": "y", "origin": [7.5, -0.05, 7.5]}, "faces": {"north": {"uv": [8.66667, 10, 9.66667, 11], "texture": "#3"}, "east": {"uv": [10, 8.66667, 11, 9.66667], "texture": "#3"}, "south": {"uv": [10, 10, 11, 11], "texture": "#3"}, "west": {"uv": [0, 10.66667, 1, 11.66667], "texture": "#3"}, "up": {"uv": [11.66667, 1, 10.66667, 0], "texture": "#3"}, "down": {"uv": [11.66667, 1.33333, 10.66667, 2.33333], "texture": "#3"}}}, {"from": [7.25, 8.95, 7.25], "to": [8.75, 10.2, 8.75], "rotation": {"angle": 0, "axis": "y", "origin": [7.5, 3.95, 7.5]}, "faces": {"north": {"uv": [10.66667, 2.66667, 11.66667, 3.66667], "texture": "#3"}, "east": {"uv": [10.66667, 4, 11.66667, 5], "texture": "#3"}, "south": {"uv": [10.66667, 5.33333, 11.66667, 6.33333], "texture": "#3"}, "west": {"uv": [10.66667, 6.66667, 11.66667, 7.66667], "texture": "#3"}, "up": {"uv": [7, 12.33333, 6, 11.33333], "texture": "#3"}, "down": {"uv": [8.33333, 11.33333, 7.33333, 12.33333], "texture": "#3"}}}, {"from": [7.4, 9.5, 7], "to": [8.6, 11.5, 9], "rotation": {"angle": -45, "axis": "x", "origin": [8, 10.5, 8]}, "faces": {"north": {"uv": [5.33333, 4, 6, 5.33333], "texture": "#3"}, "east": {"uv": [8, 6, 9.33333, 7.33333], "texture": "#3"}, "south": {"uv": [2, 12, 2.66667, 13.33333], "texture": "#3"}, "west": {"uv": [7.33333, 8, 8.66667, 9.33333], "texture": "#3"}, "up": {"uv": [3.33333, 13.33333, 2.66667, 12], "texture": "#3"}, "down": {"uv": [12.66667, 2.66667, 12, 4], "texture": "#3"}}}, {"from": [7.15, 9.75, 7.25], "to": [8.85, 11.25, 8.75], "rotation": {"angle": -45, "axis": "x", "origin": [8, 10.5, 8]}, "faces": {"north": {"uv": [11.33333, 8, 12.33333, 9], "texture": "#3"}, "east": {"uv": [8.66667, 11.33333, 9.66667, 12.33333], "texture": "#3"}, "south": {"uv": [11.33333, 9.33333, 12.33333, 10.33333], "texture": "#3"}, "west": {"uv": [10, 11.33333, 11, 12.33333], "texture": "#3"}, "up": {"uv": [12.33333, 11.66667, 11.33333, 10.66667], "texture": "#3"}, "down": {"uv": [1, 12, 0, 13], "texture": "#3"}}}, {"from": [7.5, 11, 7], "to": [8.5, 13, 9], "rotation": {"angle": -45, "axis": "x", "origin": [8, 12, 8]}, "faces": {"north": {"uv": [3.33333, 12, 4, 13.33333], "texture": "#3"}, "east": {"uv": [8.66667, 0, 10, 1.33333], "texture": "#3"}, "south": {"uv": [4, 12, 4.66667, 13.33333], "texture": "#3"}, "west": {"uv": [8.66667, 1.33333, 10, 2.66667], "texture": "#3"}, "up": {"uv": [12.66667, 5.33333, 12, 4], "texture": "#3"}, "down": {"uv": [12.66667, 5.33333, 12, 6.66667], "texture": "#3"}}}, {"from": [7.65, 12.5, 7], "to": [8.35, 14, 8.5], "rotation": {"angle": -45, "axis": "x", "origin": [8, 13.5, 8]}, "faces": {"north": {"uv": [12.66667, 12.66667, 13, 13.66667], "texture": "#3"}, "east": {"uv": [12, 0, 13, 1], "texture": "#3"}, "south": {"uv": [0, 13.33333, 0.33333, 14.33333], "texture": "#3"}, "west": {"uv": [12, 1.33333, 13, 2.33333], "texture": "#3"}, "up": {"uv": [13.66667, 1, 13.33333, 0], "texture": "#3"}, "down": {"uv": [1, 13.33333, 0.66667, 14.33333], "texture": "#3"}}}, {"from": [7.5, 11.25, 4.75], "to": [8.5, 12.75, 7.25], "rotation": {"angle": 22.5, "axis": "x", "origin": [7.5, 11.25, 3.25]}, "faces": {"north": {"uv": [8, 12.66667, 8.66667, 13.66667], "texture": "#3"}, "east": {"uv": [3.33333, 8.66667, 5, 9.66667], "texture": "#3"}, "south": {"uv": [12.66667, 8, 13.33333, 9], "texture": "#3"}, "west": {"uv": [8.66667, 7.33333, 10.33333, 8.33333], "texture": "#3"}, "up": {"uv": [4.66667, 11.66667, 4, 10], "texture": "#3"}, "down": {"uv": [10.66667, 4, 10, 5.66667], "texture": "#3"}}}, {"from": [7.25, 11.25, 4.875], "to": [8.75, 12.25, 6.75], "rotation": {"angle": 22.5, "axis": "x", "origin": [8, 12, 4]}, "faces": {"north": {"uv": [8.66667, 12.66667, 9.66667, 13.33333], "texture": "#3"}, "east": {"uv": [12, 6.66667, 13.33333, 7.33333], "texture": "#3"}, "south": {"uv": [12.66667, 9.33333, 13.66667, 10], "texture": "#3"}, "west": {"uv": [12, 7.33333, 13.33333, 8], "texture": "#3"}, "up": {"uv": [9.66667, 10, 8.66667, 8.66667], "texture": "#3"}, "down": {"uv": [1, 9.33333, 0, 10.66667], "texture": "#3"}}}, {"from": [7.25, 11.25, 9.25], "to": [8.75, 12.25, 11.125], "rotation": {"angle": -22.5, "axis": "x", "origin": [8, 12, 12]}, "faces": {"north": {"uv": [13.66667, 9.33333, 12.66667, 10], "texture": "#3"}, "east": {"uv": [13.33333, 6.66667, 12, 7.33333], "texture": "#3"}, "south": {"uv": [9.66667, 12.66667, 8.66667, 13.33333], "texture": "#3"}, "west": {"uv": [13.33333, 7.33333, 12, 8], "texture": "#3"}, "up": {"uv": [9.66667, 8.66667, 8.66667, 10], "texture": "#3"}, "down": {"uv": [1, 10.66667, 0, 9.33333], "texture": "#3"}}}, {"from": [7.5, 11.25, 8.75], "to": [8.5, 12.75, 11.25], "rotation": {"angle": -22.5, "axis": "x", "origin": [7.5, 11.25, 12.75]}, "faces": {"north": {"uv": [13.33333, 8, 12.66667, 9], "texture": "#3"}, "east": {"uv": [5, 8.66667, 3.33333, 9.66667], "texture": "#3"}, "south": {"uv": [8.66667, 12.66667, 8, 13.66667], "texture": "#3"}, "west": {"uv": [10.33333, 7.33333, 8.66667, 8.33333], "texture": "#3"}, "up": {"uv": [4.66667, 10, 4, 11.66667], "texture": "#3"}, "down": {"uv": [10.66667, 5.66667, 10, 4], "texture": "#3"}}}, {"from": [8, -3, 6.5], "to": [8, 0, 9.5], "rotation": {"angle": -45, "axis": "x", "origin": [8, -1.5, 8]}, "faces": {"north": {"uv": [0, 0, 0, 2], "texture": "#3"}, "east": {"uv": [6, 4, 8, 6], "texture": "#3"}, "south": {"uv": [0, 0, 0, 2], "texture": "#3"}, "west": {"uv": [6, 6, 8, 8], "texture": "#3"}, "up": {"uv": [0, 2, 0, 0], "texture": "#3"}, "down": {"uv": [0, 0, 0, 2], "texture": "#3"}}}, {"from": [7.1, 6, 7.1], "to": [8.9, 9, 8.9], "rotation": {"angle": 0, "axis": "y", "origin": [7, 6, 7]}, "faces": {"north": {"uv": [7.33333, 0, 8.66667, 2], "texture": "#3"}, "east": {"uv": [7.33333, 2, 8.66667, 4], "texture": "#3"}, "south": {"uv": [8, 4, 9.33333, 6], "texture": "#3"}, "west": {"uv": [6, 8, 7.33333, 10], "texture": "#3"}, "up": {"uv": [3.33333, 10, 2, 8.66667], "texture": "#3"}, "down": {"uv": [10, 2.66667, 8.66667, 4], "texture": "#3"}}}, {"from": [7.375, 11, 4.75], "to": [7.375, 17.5, 11.25], "rotation": {"angle": 0, "axis": "y", "origin": [7.375, 14.25, 8]}, "faces": {"north": {"uv": [0, 0, 0, 4.33333], "texture": "#1"}, "south": {"uv": [0, 0, 0, 4.33333], "texture": "#1"}, "west": {"uv": [0, 0, 13.00833, 13.00833], "texture": "#1"}, "up": {"uv": [0, 4.33333, 0, 0], "texture": "#1"}, "down": {"uv": [0, 0, 0, 4.33333], "texture": "#1"}}}, {"from": [8.625, 11, 4.75], "to": [8.625, 17.5, 11.25], "rotation": {"angle": 0, "axis": "y", "origin": [8.625, 14.25, 8]}, "faces": {"north": {"uv": [0, 0, 0, 4.33333], "texture": "#1"}, "east": {"uv": [13.00833, 0, 0, 13.00833], "texture": "#1"}, "south": {"uv": [0, 0, 0, 4.33333], "texture": "#1"}, "up": {"uv": [0, 4.33333, 0, 0], "texture": "#1"}, "down": {"uv": [0, 0, 0, 4.33333], "texture": "#1"}}}, {"from": [7.75, 11, 6.5], "to": [8.25, 17, 9.5], "rotation": {"angle": 0, "axis": "y", "origin": [7.75, 11, 6.5]}, "faces": {"north": {"uv": [5.33333, 8.66667, 5.66667, 12.66667], "texture": "#3"}, "east": {"uv": [0, 5.33333, 2, 9.33333], "texture": "#3"}, "south": {"uv": [1.33333, 9.33333, 1.66667, 13.33333], "texture": "#3"}, "west": {"uv": [5.33333, 0, 7.33333, 4], "texture": "#3"}, "up": {"uv": [10.33333, 14.66667, 10, 12.66667], "texture": "#3"}, "down": {"uv": [13, 10, 12.66667, 12], "texture": "#3"}}}, {"from": [7.825, 11.5, 5.5], "to": [8.175, 16.25, 8.25], "rotation": {"angle": -22.5, "axis": "x", "origin": [8, 13.25, 7.25]}, "faces": {"north": {"uv": [4.66667, 10, 5, 13.33333], "texture": "#3"}, "east": {"uv": [2, 5.33333, 4, 8.66667], "texture": "#3"}, "west": {"uv": [4, 5.33333, 6, 8.66667], "texture": "#3"}, "up": {"uv": [11, 14.66667, 10.66667, 12.66667], "texture": "#3"}}}, {"from": [7.825, 11.5, 7.75], "to": [8.175, 16.25, 10.5], "rotation": {"angle": 22.5, "axis": "x", "origin": [8, 13.25, 8.75]}, "faces": {"east": {"uv": [4, 5.33333, 2, 8.66667], "texture": "#3"}, "south": {"uv": [5, 10, 4.66667, 13.33333], "texture": "#3"}, "west": {"uv": [6, 5.33333, 4, 8.66667], "texture": "#3"}, "up": {"uv": [11, 12.66667, 10.66667, 14.66667], "texture": "#3"}}}, {"from": [8, 11.25, 4], "to": [8, 18.75, 12], "rotation": {"angle": 0, "axis": "y", "origin": [8, 11.25, 6]}, "faces": {"north": {"uv": [0, 0, 0, 5], "texture": "#3"}, "east": {"uv": [0, 0, 5.33333, 5], "texture": "#3"}, "south": {"uv": [0, 0, 0, 5], "texture": "#3"}, "west": {"uv": [0, 0, 5.33333, 5], "texture": "#3"}, "up": {"uv": [0, 5.33333, 0, 0], "texture": "#3"}, "down": {"uv": [0, 0, 0, 5.33333], "texture": "#3"}}}], "gui_light": "front", "display": {"thirdperson_righthand": {"translation": [0, 2.75, 1]}, "thirdperson_lefthand": {"translation": [0, 2.75, 1]}, "firstperson_righthand": {"rotation": [-10, 0, 0], "translation": [-1.75, 6.5, 1.5]}, "firstperson_lefthand": {"rotation": [-10, 0, 0], "translation": [-1.75, 6.5, 1.5]}, "ground": {"translation": [0, 12.5, 0]}, "gui": {"rotation": [-90, 45, 90], "translation": [0.25, -0.25, -0.5], "scale": [1.0586, 1.0586, 1.0586]}, "head": {"scale": [1.5, 1.5, 1.5], "rotation": [0, 90, 0]}, "fixed": {"rotation": [90, -135, 90], "translation": [-0.25, -0.25, -0.5], "scale": [1.13672, 1.13672, 1.13672]}}}