{"credit": "MadebyPolygonMC", "texture_size": [8, 8], "textures": {"1": "oceanset/animation_staff", "3": "oceanset/staff", "particle": "oceanset/animation_staff"}, "elements": [{"from": [7.6, -0.05, 7.6], "to": [8.4, 2.45, 8.4], "rotation": {"angle": 0, "axis": "y", "origin": [7.5, -2.55, 7.5]}, "faces": {"north": {"uv": [8, 1.33333, 8.66667, 3], "texture": "#3"}, "east": {"uv": [2, 8, 2.66667, 9.66667], "texture": "#3"}, "south": {"uv": [8, 6.66667, 8.66667, 8.33333], "texture": "#3"}, "west": {"uv": [8.66667, 1.33333, 9.33333, 3], "texture": "#3"}}}, {"from": [7.475, -1.3, 7.25], "to": [8.525, 0.2, 8.75], "rotation": {"angle": -45, "axis": "x", "origin": [8, -0.55, 8]}, "faces": {"north": {"uv": [10.66667, 8, 11.33333, 9], "texture": "#3"}, "east": {"uv": [5.33333, 8.66667, 6.33333, 9.66667], "texture": "#3"}, "south": {"uv": [9.33333, 10.66667, 10, 11.66667], "texture": "#3"}, "west": {"uv": [8.66667, 5.33333, 9.66667, 6.33333], "texture": "#3"}, "up": {"uv": [11.33333, 10.33333, 10.66667, 9.33333], "texture": "#3"}, "down": {"uv": [10.66667, 10.66667, 10, 11.66667], "texture": "#3"}}}, {"from": [7.275, -1, 7.55], "to": [8.725, -0.1, 8.45], "rotation": {"angle": -45, "axis": "x", "origin": [8, -0.55, 8]}, "faces": {"north": {"uv": [10.66667, 10.66667, 11.66667, 11.33333], "texture": "#3"}, "east": {"uv": [7.33333, 6.66667, 8, 7.33333], "texture": "#3"}, "south": {"uv": [0, 11.33333, 1, 12], "texture": "#3"}, "west": {"uv": [8.66667, 8, 9.33333, 8.66667], "texture": "#3"}, "up": {"uv": [12.33333, 0.66667, 11.33333, 0], "texture": "#3"}, "down": {"uv": [12.33333, 0.66667, 11.33333, 1.33333], "texture": "#3"}}}, {"from": [7.25, 14.95, 7.25], "to": [8.75, 16.2, 8.75], "rotation": {"angle": 0, "axis": "y", "origin": [7.5, 9.95, 7.5]}, "faces": {"north": {"uv": [6.66667, 8.66667, 7.66667, 9.66667], "texture": "#3"}, "east": {"uv": [8.66667, 6.66667, 9.66667, 7.66667], "texture": "#3"}, "south": {"uv": [8, 8.66667, 9, 9.66667], "texture": "#3"}, "west": {"uv": [9.33333, 0, 10.33333, 1], "texture": "#3"}, "up": {"uv": [1.66667, 10.33333, 0.66667, 9.33333], "texture": "#3"}, "down": {"uv": [10.33333, 1.33333, 9.33333, 2.33333], "texture": "#3"}}}, {"from": [7.4, 15.5, 7], "to": [8.6, 17.5, 9], "rotation": {"angle": -45, "axis": "x", "origin": [8, 16.5, 8]}, "faces": {"north": {"uv": [0, 10, 0.66667, 11.33333], "texture": "#3"}, "east": {"uv": [0.66667, 4, 2, 5.33333], "texture": "#3"}, "south": {"uv": [2, 10, 2.66667, 11.33333], "texture": "#3"}, "west": {"uv": [2.66667, 6, 4, 7.33333], "texture": "#3"}, "up": {"uv": [7.33333, 11.33333, 6.66667, 10], "texture": "#3"}, "down": {"uv": [10.66667, 6.66667, 10, 8], "texture": "#3"}}}, {"from": [7.15, 15.75, 7.25], "to": [8.85, 17.25, 8.75], "rotation": {"angle": -45, "axis": "x", "origin": [8, 16.5, 8]}, "faces": {"north": {"uv": [9.33333, 2.66667, 10.33333, 3.66667], "texture": "#3"}, "east": {"uv": [9.33333, 4, 10.33333, 5], "texture": "#3"}, "south": {"uv": [9.33333, 8, 10.33333, 9], "texture": "#3"}, "west": {"uv": [9.33333, 9.33333, 10.33333, 10.33333], "texture": "#3"}, "up": {"uv": [6.33333, 11, 5.33333, 10], "texture": "#3"}, "down": {"uv": [11, 5.33333, 10, 6.33333], "texture": "#3"}}}, {"from": [7.5, 17, 7], "to": [8.5, 19, 9], "rotation": {"angle": -45, "axis": "x", "origin": [8, 18, 8]}, "faces": {"north": {"uv": [7.33333, 10, 8, 11.33333], "texture": "#3"}, "east": {"uv": [4, 6, 5.33333, 7.33333], "texture": "#3"}, "south": {"uv": [8, 10, 8.66667, 11.33333], "texture": "#3"}, "west": {"uv": [6, 4, 7.33333, 5.33333], "texture": "#3"}, "up": {"uv": [9.33333, 11.33333, 8.66667, 10], "texture": "#3"}, "down": {"uv": [11.33333, 0, 10.66667, 1.33333], "texture": "#3"}}}, {"from": [7.5, 17.25, 4.75], "to": [8.5, 18.75, 7.25], "rotation": {"angle": 22.5, "axis": "x", "origin": [7.5, 17.25, 3.25]}, "faces": {"north": {"uv": [1.33333, 11.33333, 2, 12.33333], "texture": "#3"}, "east": {"uv": [5.33333, 6, 7, 7], "texture": "#3"}, "south": {"uv": [11.33333, 1.33333, 12, 2.33333], "texture": "#3"}, "west": {"uv": [2.66667, 7.33333, 4.33333, 8.33333], "texture": "#3"}, "up": {"uv": [3.33333, 10.33333, 2.66667, 8.66667], "texture": "#3"}, "down": {"uv": [4, 8.66667, 3.33333, 10.33333], "texture": "#3"}}}, {"from": [7.25, 17.25, 4.875], "to": [8.75, 18.25, 6.75], "rotation": {"angle": 22.5, "axis": "x", "origin": [8, 18, 4]}, "faces": {"north": {"uv": [11.33333, 2.66667, 12.33333, 3.33333], "texture": "#3"}, "east": {"uv": [0.66667, 5.33333, 2, 6], "texture": "#3"}, "south": {"uv": [11.33333, 3.33333, 12.33333, 4], "texture": "#3"}, "west": {"uv": [6, 5.33333, 7.33333, 6], "texture": "#3"}, "up": {"uv": [8.33333, 6.66667, 7.33333, 5.33333], "texture": "#3"}, "down": {"uv": [7.66667, 7.33333, 6.66667, 8.66667], "texture": "#3"}}}, {"from": [7.25, 17.25, 9.25], "to": [8.75, 18.25, 11.125], "rotation": {"angle": -22.5, "axis": "x", "origin": [8, 18, 12]}, "faces": {"north": {"uv": [11.33333, 4, 12.33333, 4.66667], "texture": "#3"}, "east": {"uv": [8, 3.33333, 9.33333, 4], "texture": "#3"}, "south": {"uv": [11.33333, 4.66667, 12.33333, 5.33333], "texture": "#3"}, "west": {"uv": [0.66667, 10.66667, 2, 11.33333], "texture": "#3"}, "up": {"uv": [9, 1.33333, 8, 0], "texture": "#3"}, "down": {"uv": [1.66667, 8, 0.66667, 9.33333], "texture": "#3"}}}, {"from": [7.5, 17.25, 8.75], "to": [8.5, 18.75, 11.25], "rotation": {"angle": -22.5, "axis": "x", "origin": [7.5, 17.25, 12.75]}, "faces": {"north": {"uv": [2, 11.33333, 2.66667, 12.33333], "texture": "#3"}, "east": {"uv": [7.33333, 4, 9, 5], "texture": "#3"}, "south": {"uv": [5.33333, 11.33333, 6, 12.33333], "texture": "#3"}, "west": {"uv": [4.66667, 7.33333, 6.33333, 8.33333], "texture": "#3"}, "up": {"uv": [4.66667, 10.33333, 4, 8.66667], "texture": "#3"}, "down": {"uv": [5.33333, 8.66667, 4.66667, 10.33333], "texture": "#3"}}}, {"from": [8, -3, 6.5], "to": [8, 0, 9.5], "rotation": {"angle": -45, "axis": "x", "origin": [8, -1.5, 8]}, "faces": {"north": {"uv": [0, 0, 0, 2], "texture": "#3"}, "east": {"uv": [0, 0, 2, 2], "texture": "#3"}, "south": {"uv": [0, 0, 0, 2], "texture": "#3"}, "west": {"uv": [0, 2, 2, 4], "texture": "#3"}, "up": {"uv": [0, 2, 0, 0], "texture": "#3"}, "down": {"uv": [0, 0, 0, 2], "texture": "#3"}}}, {"from": [7.5, 13, 7.5], "to": [8.5, 15, 8.5], "rotation": {"angle": 0, "axis": "y", "origin": [6.6, 6, 6.6]}, "faces": {"north": {"uv": [10.66667, 1.33333, 11.33333, 2.66667], "texture": "#3"}, "east": {"uv": [2.66667, 10.66667, 3.33333, 12], "texture": "#3"}, "south": {"uv": [10.66667, 2.66667, 11.33333, 4], "texture": "#3"}, "west": {"uv": [3.33333, 10.66667, 4, 12], "texture": "#3"}, "down": {"uv": [12, 5.33333, 11.33333, 6], "texture": "#3"}}}, {"from": [7.5, 2.45, 7.5], "to": [8.5, 4.45, 8.5], "rotation": {"angle": 0, "axis": "y", "origin": [6.6, 10, 6.6]}, "faces": {"north": {"uv": [4, 10.66667, 4.66667, 12], "texture": "#3"}, "east": {"uv": [10.66667, 4, 11.33333, 5.33333], "texture": "#3"}, "south": {"uv": [4.66667, 10.66667, 5.33333, 12], "texture": "#3"}, "west": {"uv": [10.66667, 6.66667, 11.33333, 8], "texture": "#3"}, "up": {"uv": [6.66667, 12, 6, 11.33333], "texture": "#3"}, "down": {"uv": [12, 6, 11.33333, 6.66667], "texture": "#3"}}}, {"from": [7.6, 4.4, 7.6], "to": [8.4, 13, 8.4], "rotation": {"angle": 0, "axis": "y", "origin": [6.6, 10, 6.6]}, "faces": {"north": {"uv": [0.66667, 4, 0, 9.66667], "texture": "#3"}, "east": {"uv": [0, 4, 0.66667, 9.66667], "texture": "#3"}, "south": {"uv": [0.66667, 4, 0, 9.66667], "texture": "#3"}, "west": {"uv": [0, 4, 0.66667, 9.66667], "texture": "#3"}}}, {"from": [6.68, 20.68, 6.68], "to": [9.32, 23.32, 9.32], "rotation": {"angle": -45, "axis": "x", "origin": [8, 22, 8]}, "faces": {"north": {"uv": [6, 0, 7.66667, 1.66667], "texture": "#3"}, "east": {"uv": [6, 0, 7.66667, 1.66667], "texture": "#3"}, "south": {"uv": [6, 0, 7.66667, 1.66667], "texture": "#3"}, "west": {"uv": [6, 0, 7.66667, 1.66667], "texture": "#3"}, "up": {"uv": [6, 0, 7.66667, 1.66667], "texture": "#3"}, "down": {"uv": [6, 0, 7.66667, 1.66667], "texture": "#3"}}}, {"from": [0, 16.5, 6.75], "to": [0, 24.5, 10.75], "rotation": {"angle": 45, "axis": "y", "origin": [0, 15, 0]}, "faces": {"north": {"uv": [0, 0, 0, 16], "texture": "#1"}, "east": {"uv": [8, 0, 0, 16], "texture": "#1"}, "south": {"uv": [0, 0, 0, 16], "texture": "#1"}, "west": {"uv": [0, 0, 8, 16], "texture": "#1"}, "up": {"uv": [0, 8, 0, 0], "texture": "#1"}, "down": {"uv": [0, 0, 0, 8], "texture": "#1"}}}, {"from": [0, 16.5, 5.25], "to": [0, 24.5, 9.25], "rotation": {"angle": -45, "axis": "y", "origin": [0, 15, 16]}, "faces": {"north": {"uv": [0, 0, 0, 16], "texture": "#1"}, "east": {"uv": [0, 0, 8, 16], "texture": "#1"}, "south": {"uv": [0, 0, 0, 16], "texture": "#1"}, "west": {"uv": [8, 0, 0, 16], "texture": "#1"}, "up": {"uv": [0, 0, 0, 8], "texture": "#1"}, "down": {"uv": [0, 8, 0, 0], "texture": "#1"}}}, {"from": [16, 16.5, 5.25], "to": [16, 24.5, 9.25], "rotation": {"angle": 45, "axis": "y", "origin": [16, 15, 16]}, "faces": {"north": {"uv": [0, 0, 0, 16], "texture": "#1"}, "east": {"uv": [0, 0, 8, 16], "texture": "#1"}, "south": {"uv": [0, 0, 0, 16], "texture": "#1"}, "west": {"uv": [8, 0, 0, 16], "texture": "#1"}, "up": {"uv": [0, 0, 0, 8], "texture": "#1"}, "down": {"uv": [0, 8, 0, 0], "texture": "#1"}}}, {"from": [16, 16.5, 6.75], "to": [16, 24.5, 10.75], "rotation": {"angle": -45, "axis": "y", "origin": [16, 15, 0]}, "faces": {"north": {"uv": [0, 0, 0, 16], "texture": "#1"}, "east": {"uv": [8, 0, 0, 16], "texture": "#1"}, "south": {"uv": [0, 0, 0, 16], "texture": "#1"}, "west": {"uv": [0, 0, 8, 16], "texture": "#1"}, "up": {"uv": [0, 8, 0, 0], "texture": "#1"}, "down": {"uv": [0, 0, 0, 8], "texture": "#1"}}}], "gui_light": "front", "display": {"thirdperson_righthand": {"translation": [0, -0.75, 1]}, "thirdperson_lefthand": {"translation": [0, -0.75, 1]}, "firstperson_righthand": {"rotation": [-10, 0, 0], "translation": [-1.75, -0.75, 3.5]}, "firstperson_lefthand": {"rotation": [-10, 0, 0], "translation": [-1.75, -0.75, 3.5]}, "ground": {"translation": [0, 12.5, 0]}, "gui": {"rotation": [-90, 45, 90], "translation": [2, -2, -0.5], "scale": [0.80274, 0.80274, 0.80274]}, "head": {"scale": [1.5, 1.5, 1.5], "rotation": [0, 90, 0]}, "fixed": {"rotation": [90, -135, 90], "translation": [-2, -2, -0.5], "scale": [0.86914, 0.86914, 0.86914]}}}