{"credit": "MadebyPolygonMC", "texture_size": [24, 24], "textures": {"0": "oceanset/sword", "1": "oceanset/animation_sword", "particle": "oceanset/sword"}, "elements": [{"from": [7.5, 2.45, 7.5], "to": [8.5, 4.95, 8.5], "rotation": {"angle": 0, "axis": "y", "origin": [7.5, -0.05, 7.5]}, "faces": {"north": {"uv": [12, 3.33333, 11.33333, 5], "texture": "#0"}, "east": {"uv": [11.33333, 3.33333, 12, 5], "texture": "#0"}, "south": {"uv": [12, 3.33333, 11.33333, 5], "texture": "#0"}, "west": {"uv": [11.33333, 3.33333, 12, 5], "texture": "#0"}, "down": {"uv": [12, 7.33333, 11.33333, 8], "texture": "#0"}}}, {"from": [7.6, -0.05, 7.6], "to": [8.4, 2.45, 8.4], "rotation": {"angle": 0, "axis": "y", "origin": [7.5, -2.55, 7.5]}, "faces": {"north": {"uv": [6.66667, 12, 6, 13.66667], "texture": "#0"}, "east": {"uv": [6, 12, 6.66667, 13.66667], "texture": "#0"}, "south": {"uv": [6.66667, 12, 6, 13.66667], "texture": "#0"}, "west": {"uv": [6, 12, 6.66667, 13.66667], "texture": "#0"}}}, {"from": [7.475, -1.3, 7.25], "to": [8.525, 0.2, 8.75], "rotation": {"angle": -45, "axis": "x", "origin": [8, -0.55, 8]}, "faces": {"north": {"uv": [14, 0.66667, 14.66667, 1.66667], "texture": "#0"}, "east": {"uv": [6.66667, 12, 7.66667, 13], "texture": "#0"}, "south": {"uv": [14, 2, 14.66667, 3], "texture": "#0"}, "west": {"uv": [12, 7.33333, 13, 8.33333], "texture": "#0"}, "up": {"uv": [14.66667, 4.33333, 14, 3.33333], "texture": "#0"}, "down": {"uv": [5.33333, 14, 4.66667, 15], "texture": "#0"}}}, {"from": [7.275, -1, 7.55], "to": [8.725, -0.1, 8.45], "rotation": {"angle": -45, "axis": "x", "origin": [8, -0.55, 8]}, "faces": {"north": {"uv": [14, 4.66667, 15, 5.33333], "texture": "#0"}, "east": {"uv": [10.66667, 12, 11.33333, 12.66667], "texture": "#0"}, "south": {"uv": [5.33333, 14, 6.33333, 14.66667], "texture": "#0"}, "west": {"uv": [12.66667, 6.66667, 13.33333, 7.33333], "texture": "#0"}, "up": {"uv": [15, 6, 14, 5.33333], "texture": "#0"}, "down": {"uv": [15, 6, 14, 6.66667], "texture": "#0"}}}, {"from": [7.25, 4.95, 7.25], "to": [8.75, 6.2, 8.75], "rotation": {"angle": 0, "axis": "y", "origin": [7.5, -0.05, 7.5]}, "faces": {"north": {"uv": [8, 12, 9, 13], "texture": "#0"}, "east": {"uv": [12, 8.66667, 13, 9.66667], "texture": "#0"}, "south": {"uv": [9.33333, 12, 10.33333, 13], "texture": "#0"}, "west": {"uv": [12, 10, 13, 11], "texture": "#0"}, "up": {"uv": [13, 12.33333, 12, 11.33333], "texture": "#0"}, "down": {"uv": [13.66667, 0, 12.66667, 1], "texture": "#0"}}}, {"from": [7.4, 5.5, 7], "to": [8.6, 7.5, 9], "rotation": {"angle": -45, "axis": "x", "origin": [8, 6.5, 8]}, "faces": {"north": {"uv": [8, 13.33333, 8.66667, 14.66667], "texture": "#0"}, "east": {"uv": [10, 0, 11.33333, 1.33333], "texture": "#0"}, "south": {"uv": [13.33333, 8, 14, 9.33333], "texture": "#0"}, "west": {"uv": [10, 1.33333, 11.33333, 2.66667], "texture": "#0"}, "up": {"uv": [9.33333, 14.66667, 8.66667, 13.33333], "texture": "#0"}, "down": {"uv": [10, 13.33333, 9.33333, 14.66667], "texture": "#0"}}}, {"from": [7.15, 5.75, 7.25], "to": [8.85, 7.25, 8.75], "rotation": {"angle": -45, "axis": "x", "origin": [8, 6.5, 8]}, "faces": {"north": {"uv": [12.66667, 4, 13.66667, 5], "texture": "#0"}, "east": {"uv": [12.66667, 5.33333, 13.66667, 6.33333], "texture": "#0"}, "south": {"uv": [10.66667, 12.66667, 11.66667, 13.66667], "texture": "#0"}, "west": {"uv": [12, 12.66667, 13, 13.66667], "texture": "#0"}, "up": {"uv": [7.66667, 14.33333, 6.66667, 13.33333], "texture": "#0"}, "down": {"uv": [14.33333, 6.66667, 13.33333, 7.66667], "texture": "#0"}}}, {"from": [7.5, 7, 7], "to": [8.5, 9, 9], "rotation": {"angle": -45, "axis": "x", "origin": [8, 8, 8]}, "faces": {"north": {"uv": [13.33333, 9.33333, 14, 10.66667], "texture": "#0"}, "east": {"uv": [10, 2.66667, 11.33333, 4], "texture": "#0"}, "south": {"uv": [10, 13.33333, 10.66667, 14.66667], "texture": "#0"}, "west": {"uv": [10, 4, 11.33333, 5.33333], "texture": "#0"}, "up": {"uv": [14, 12, 13.33333, 10.66667], "texture": "#0"}, "down": {"uv": [14, 12, 13.33333, 13.33333], "texture": "#0"}}}, {"from": [7.65, 8.5, 7], "to": [8.35, 10, 8.5], "rotation": {"angle": -45, "axis": "x", "origin": [8, 9.5, 8]}, "faces": {"north": {"uv": [14, 14, 14.33333, 15], "texture": "#0"}, "east": {"uv": [12.66667, 1.33333, 13.66667, 2.33333], "texture": "#0"}, "south": {"uv": [14.66667, 0.66667, 15, 1.66667], "texture": "#0"}, "west": {"uv": [12.66667, 2.66667, 13.66667, 3.66667], "texture": "#0"}, "up": {"uv": [15, 3, 14.66667, 2], "texture": "#0"}, "down": {"uv": [15, 3.33333, 14.66667, 4.33333], "texture": "#0"}}}, {"from": [7.5, 7.25, 4.75], "to": [8.5, 8.75, 7.25], "rotation": {"angle": 22.5, "axis": "x", "origin": [7.5, 7.25, 3.25]}, "faces": {"north": {"uv": [14, 8, 14.66667, 9], "texture": "#0"}, "east": {"uv": [10, 8, 11.66667, 9], "texture": "#0"}, "south": {"uv": [14, 9.33333, 14.66667, 10.33333], "texture": "#0"}, "west": {"uv": [10, 9.33333, 11.66667, 10.33333], "texture": "#0"}, "up": {"uv": [12.66667, 3, 12, 1.33333], "texture": "#0"}, "down": {"uv": [12.66667, 3.33333, 12, 5], "texture": "#0"}}}, {"from": [7.25, 7.25, 4.875], "to": [8.75, 8.25, 6.75], "rotation": {"angle": 22.5, "axis": "x", "origin": [8, 8, 4]}, "faces": {"north": {"uv": [10.66667, 14, 11.66667, 14.66667], "texture": "#0"}, "east": {"uv": [13.33333, 13.33333, 14.66667, 14], "texture": "#0"}, "south": {"uv": [14, 10.66667, 15, 11.33333], "texture": "#0"}, "west": {"uv": [14, 0, 15.33333, 0.66667], "texture": "#0"}, "up": {"uv": [11, 12, 10, 10.66667], "texture": "#0"}, "down": {"uv": [12.33333, 0, 11.33333, 1.33333], "texture": "#0"}}}, {"from": [7.25, 7.25, 9.25], "to": [8.75, 8.25, 11.125], "rotation": {"angle": -22.5, "axis": "x", "origin": [8, 8, 12]}, "faces": {"north": {"uv": [15, 10.66667, 14, 11.33333], "texture": "#0"}, "east": {"uv": [14.66667, 13.33333, 13.33333, 14], "texture": "#0"}, "south": {"uv": [11.66667, 14, 10.66667, 14.66667], "texture": "#0"}, "west": {"uv": [15.33333, 0, 14, 0.66667], "texture": "#0"}, "up": {"uv": [11, 10.66667, 10, 12], "texture": "#0"}, "down": {"uv": [12.33333, 1.33333, 11.33333, 0], "texture": "#0"}}}, {"from": [7.5, 7.25, 8.75], "to": [8.5, 8.75, 11.25], "rotation": {"angle": -22.5, "axis": "x", "origin": [7.5, 7.25, 12.75]}, "faces": {"north": {"uv": [14.66667, 9.33333, 14, 10.33333], "texture": "#0"}, "east": {"uv": [11.66667, 8, 10, 9], "texture": "#0"}, "south": {"uv": [14.66667, 8, 14, 9], "texture": "#0"}, "west": {"uv": [11.66667, 9.33333, 10, 10.33333], "texture": "#0"}, "up": {"uv": [12.66667, 1.33333, 12, 3], "texture": "#0"}, "down": {"uv": [12.66667, 5, 12, 3.33333], "texture": "#0"}}}, {"from": [7.75, 8, 6.75], "to": [8.25, 26, 9.25], "rotation": {"angle": 0, "axis": "y", "origin": [7.75, 8, 6.75]}, "faces": {"north": {"uv": [8.66667, 0, 9, 12], "texture": "#0"}, "east": {"uv": [4.66667, 0, 6.33333, 12], "texture": "#0"}, "south": {"uv": [9.33333, 0, 9.66667, 12], "texture": "#0"}, "west": {"uv": [4.66667, 0, 6.33333, 12], "texture": "#0"}}}, {"from": [8, 7, 4.875], "to": [8, 29.75, 11.125], "rotation": {"angle": 0, "axis": "y", "origin": [8, 7, 6.375]}, "faces": {"north": {"uv": [0, 0, 0, 15.33333], "texture": "#0"}, "east": {"uv": [0, 0, 4.33333, 15.33333], "texture": "#0"}, "south": {"uv": [0, 0, 0, 15.33333], "texture": "#0"}, "west": {"uv": [0, 0, 4.33333, 15.33333], "texture": "#0"}, "up": {"uv": [0, 4.33333, 0, 0], "texture": "#0"}, "down": {"uv": [0, 0, 0, 4.33333], "texture": "#0"}}}, {"from": [7.725, 25, 7], "to": [8.275, 27, 9], "rotation": {"angle": 45, "axis": "x", "origin": [8, 26, 8]}, "faces": {"north": {"uv": [14, 11.33333, 14.33333, 12.66667], "texture": "#0"}, "east": {"uv": [10, 5.33333, 11.33333, 6.66667], "texture": "#0"}, "south": {"uv": [12, 14, 12.33333, 15.33333], "texture": "#0"}, "west": {"uv": [10, 6.66667, 11.33333, 8], "texture": "#0"}, "up": {"uv": [13, 15.33333, 12.66667, 14], "texture": "#0"}, "down": {"uv": [13.66667, 14, 13.33333, 15.33333], "texture": "#0"}}}, {"from": [8, -3, 6.5], "to": [8, 0, 9.5], "rotation": {"angle": -45, "axis": "x", "origin": [8, -1.5, 8]}, "faces": {"north": {"uv": [0, 0, 0, 2], "texture": "#0"}, "east": {"uv": [6.66667, 0, 8.66667, 2], "rotation": 270, "texture": "#0"}, "south": {"uv": [0, 0, 0, 2], "texture": "#0"}, "west": {"uv": [6.66667, 0, 8.66667, 2], "texture": "#0"}, "up": {"uv": [0, 0, 0, 2], "texture": "#0"}, "down": {"uv": [0, 0, 0, 2], "texture": "#0"}}}, {"from": [7.425, 6.25, 5.5], "to": [7.425, 27.25, 10.5], "rotation": {"angle": 0, "axis": "y", "origin": [7.425, 6.25, 5.5]}, "faces": {"north": {"uv": [0, 0, 0, 14], "texture": "#1"}, "south": {"uv": [0, 0, 0, 14], "texture": "#1"}, "west": {"uv": [0, 0, 3.33333, 14], "texture": "#1"}, "up": {"uv": [0, 3.33333, 0, 0], "texture": "#1"}, "down": {"uv": [0, 0, 0, 3.33333], "texture": "#1"}}}, {"from": [8.575, 6.25, 5.5], "to": [8.575, 27.25, 10.5], "rotation": {"angle": 0, "axis": "y", "origin": [8.575, 6.25, 5.5]}, "faces": {"north": {"uv": [0, 0, 0, 14], "texture": "#1"}, "east": {"uv": [3.33333, 0, 0, 14], "texture": "#1"}, "south": {"uv": [0, 0, 0, 14], "texture": "#1"}, "up": {"uv": [0, 3.33333, 0, 0], "texture": "#1"}, "down": {"uv": [0, 0, 0, 3.33333], "texture": "#1"}}}], "gui_light": "front", "display": {"thirdperson_righthand": {"translation": [0, 2.75, 1]}, "thirdperson_lefthand": {"translation": [0, 2.75, 1]}, "firstperson_righthand": {"rotation": [-10, 0, 0], "translation": [-1.75, 4, 1.5]}, "firstperson_lefthand": {"rotation": [-10, 0, 0], "translation": [-1.75, 4, 1.5]}, "ground": {"translation": [0, 12.5, 0]}, "gui": {"rotation": [90, -45, 90], "translation": [2.75, -2.75, -0.5], "scale": [0.70313, 0.70313, 0.70313]}, "head": {"scale": [1.5, 1.5, 1.5], "rotation": [0, 90, 0]}, "fixed": {"rotation": [90, -135, 90], "translation": [-3, -3, -0.5], "scale": [0.77344, 0.77344, 0.77344]}}}