{
	"credit": "Made with Blockbench",
	"texture_size": [32, 32],
	"textures": {
		"0": "elitecreatures:azgad_weapon/azgadtex4",
		"1": "elitecreatures:azgad_weapon/azgadtex1",
		"2": "elitecreatures:azgad_weapon/azgadtex2",
		"3": "elitecreatures:azgad_weapon/azgadtex3",
		"4": "elitecreatures:azgad_weapon/azgadtex7",
		"5": "elitecreatures:azgad_weapon/eye",
		"particle": "elitecreatures:azgad_weapon/azgadtex4"
	},
	"elements": [
		{
			"from": [10, 11, 8],
			"to": [10, 22, 20],
			"rotation": {"angle": 22.5, "axis": "y", "origin": [16, 0, 8]},
			"faces": {
				"north": {"uv": [0, 0, 0, 11], "texture": "#0"},
				"east": {"uv": [6, 0, 0, 5.5], "texture": "#0"},
				"south": {"uv": [0, 0, 0, 11], "texture": "#0"},
				"west": {"uv": [0, 0, 6, 5.5], "texture": "#0"},
				"up": {"uv": [0, 12, 0, 0], "texture": "#0"},
				"down": {"uv": [0, 0, 0, 12], "texture": "#0"}
			}
		},
		{
			"from": [10, 11, 8],
			"to": [10, 22, 20],
			"rotation": {"angle": 22.5, "axis": "y", "origin": [16, 0, 8]},
			"faces": {
				"north": {"uv": [0, 0, 0, 11], "texture": "#0"},
				"east": {"uv": [6, 0, 0, 5.5], "texture": "#0"},
				"south": {"uv": [0, 0, 0, 11], "texture": "#0"},
				"west": {"uv": [0, 0, 6, 5.5], "texture": "#0"},
				"up": {"uv": [0, 12, 0, 0], "texture": "#0"},
				"down": {"uv": [0, 0, 0, 12], "texture": "#0"}
			}
		},
		{
			"from": [10.9, 8, 0],
			"to": [10.9, 19, 12],
			"rotation": {"angle": 45, "axis": "x", "origin": [16, 0, 8]},
			"faces": {
				"north": {"uv": [0, 0, 0, 11], "texture": "#0"},
				"east": {"uv": [6, 0, 0, 5.5], "texture": "#0"},
				"south": {"uv": [0, 0, 0, 11], "texture": "#0"},
				"west": {"uv": [0, 0, 6, 5.5], "texture": "#0"},
				"up": {"uv": [0, 12, 0, 0], "texture": "#0"},
				"down": {"uv": [0, 0, 0, 12], "texture": "#0"}
			}
		},
		{
			"from": [5.1, 8, 0],
			"to": [5.1, 19, 12],
			"rotation": {"angle": 45, "axis": "x", "origin": [16, 0, 8]},
			"faces": {
				"north": {"uv": [0, 0, 0, 11], "texture": "#0"},
				"east": {"uv": [6, 0, 0, 5.5], "texture": "#0"},
				"south": {"uv": [0, 0, 0, 11], "texture": "#0"},
				"west": {"uv": [0, 0, 6, 5.5], "texture": "#0"},
				"up": {"uv": [0, 12, 0, 0], "texture": "#0"},
				"down": {"uv": [0, 0, 0, 12], "texture": "#0"}
			}
		},
		{
			"from": [6, 11, 8],
			"to": [6, 22, 20],
			"rotation": {"angle": -22.5, "axis": "y", "origin": [0, 0, 8]},
			"faces": {
				"north": {"uv": [0, 0, 0, 11], "texture": "#0"},
				"east": {"uv": [6, 0, 0, 5.5], "texture": "#0"},
				"south": {"uv": [0, 0, 0, 11], "texture": "#0"},
				"west": {"uv": [0, 0, 6, 5.5], "texture": "#0"},
				"up": {"uv": [0, 12, 0, 0], "texture": "#0"},
				"down": {"uv": [0, 0, 0, 12], "texture": "#0"}
			}
		},
		{
			"from": [5, -4, 8],
			"to": [5, 12, 18],
			"rotation": {"angle": 0, "axis": "y", "origin": [0, 0, -3]},
			"faces": {
				"north": {"uv": [0, 0, 0, 8], "texture": "#0"},
				"east": {"uv": [5, 5.5, 0, 13.5], "texture": "#0"},
				"south": {"uv": [0, 0, 0, 8], "texture": "#0"},
				"west": {"uv": [0, 5.5, 5, 13.5], "texture": "#0"},
				"up": {"uv": [0, 0, 0, 5], "texture": "#0"},
				"down": {"uv": [0, 0, 0, 5], "texture": "#0"}
			}
		},
		{
			"from": [9.77817, -2, 8.84924],
			"to": [19.77817, 14, 8.84924],
			"rotation": {"angle": 0, "axis": "y", "origin": [23.77817, 4, 11.84924]},
			"faces": {
				"north": {"uv": [5, 4.5, 0, 12.5], "texture": "#3"},
				"east": {"uv": [0, 0, 0, 8], "texture": "#3"},
				"south": {"uv": [0, 4.5, 5, 12.5], "texture": "#3"},
				"west": {"uv": [0, 0, 0, 8], "texture": "#3"},
				"up": {"uv": [0, 5, 0, 0], "rotation": 90, "texture": "#3"},
				"down": {"uv": [0, 5, 0, 0], "rotation": 270, "texture": "#3"}
			}
		},
		{
			"from": [-3.77817, -2, 8.84924],
			"to": [6.22183, 14, 8.84924],
			"rotation": {"angle": 0, "axis": "y", "origin": [-7.77817, 4, 11.84924]},
			"faces": {
				"north": {"uv": [0, 4.5, 5, 12.5], "texture": "#3"},
				"east": {"uv": [0, 0, 0, 8], "texture": "#3"},
				"south": {"uv": [5, 4.5, 0, 12.5], "texture": "#3"},
				"west": {"uv": [0, 0, 0, 8], "texture": "#3"},
				"up": {"uv": [0, 0, 0, 5], "rotation": 90, "texture": "#3"},
				"down": {"uv": [0, 0, 0, 5], "rotation": 270, "texture": "#3"}
			}
		},
		{
			"from": [11, -4, 8],
			"to": [11, 12, 18],
			"faces": {
				"north": {"uv": [0, 0, 0, 8], "texture": "#0"},
				"east": {"uv": [5, 5.5, 0, 13.5], "texture": "#0"},
				"south": {"uv": [0, 0, 0, 8], "texture": "#0"},
				"west": {"uv": [0, 5.5, 5, 13.5], "texture": "#0"},
				"up": {"uv": [0, 0, 0, 5], "texture": "#0"},
				"down": {"uv": [0, 0, 0, 5], "texture": "#0"}
			}
		},
		{
			"from": [5.7, 10, 11],
			"to": [10.3, 13, 16],
			"rotation": {"angle": 22.5, "axis": "x", "origin": [8, 12.5, 13.5]},
			"faces": {
				"north": {"uv": [11, 2.5, 13.5, 4], "texture": "#0"},
				"east": {"uv": [16, 2.5, 13.5, 4], "texture": "#0"},
				"south": {"uv": [11, 2.5, 13.5, 4], "texture": "#0"},
				"west": {"uv": [13.5, 2.5, 16, 4], "texture": "#0"},
				"up": {"uv": [13.5, 0, 16, 2.5], "texture": "#0"},
				"down": {"uv": [11, 0, 13.5, 2.5], "texture": "#0"}
			}
		},
		{
			"from": [5.9, 10.5, 15.5],
			"to": [10.1, 13.5, 20.5],
			"rotation": {"angle": 45, "axis": "x", "origin": [8, 12.5, 13.5]},
			"faces": {
				"north": {"uv": [11.25, 2.5, 13.25, 4], "texture": "#0"},
				"east": {"uv": [16, 2.5, 13.5, 4], "texture": "#0"},
				"south": {"uv": [11.25, 2.5, 13.25, 4], "texture": "#0"},
				"west": {"uv": [13.5, 2.5, 16, 4], "texture": "#0"},
				"up": {"uv": [13.75, 0, 15.75, 2.5], "texture": "#0"},
				"down": {"uv": [11.25, 0, 13.25, 2.5], "texture": "#0"}
			}
		},
		{
			"from": [6.2, 1.5, 13.5],
			"to": [9.9, 6.5, 16.5],
			"rotation": {"angle": -22.5, "axis": "x", "origin": [8, 12.5, 13.5]},
			"faces": {
				"north": {"uv": [11.35, 0, 13.1, 2.5], "rotation": 180, "texture": "#0"},
				"east": {"uv": [16, 2.5, 13.5, 4], "rotation": 270, "texture": "#0"},
				"south": {"uv": [13.75, 0, 15.75, 2.5], "texture": "#0"},
				"west": {"uv": [13.5, 2.5, 16, 4], "rotation": 90, "texture": "#0"},
				"up": {"uv": [11.35, 2.5, 13.1, 4], "rotation": 180, "texture": "#0"},
				"down": {"uv": [11.35, 2.5, 13.1, 4], "texture": "#0"}
			}
		},
		{
			"from": [6.4, -1.5, 17.5],
			"to": [9.7, 3.5, 20.5],
			"rotation": {"angle": 0, "axis": "y", "origin": [8, 12.5, 13.5]},
			"faces": {
				"north": {"uv": [11.5, 0, 13, 2.5], "rotation": 180, "texture": "#0"},
				"east": {"uv": [16, 2.5, 13.5, 4], "rotation": 270, "texture": "#0"},
				"south": {"uv": [14, 0, 15.5, 2.5], "texture": "#0"},
				"west": {"uv": [13.5, 2.5, 16, 4], "rotation": 90, "texture": "#0"},
				"up": {"uv": [11.5, 2.5, 13, 4], "texture": "#0"},
				"down": {"uv": [11.5, 2.5, 13, 4], "texture": "#0"}
			}
		},
		{
			"from": [6.6, -2.9, 17.9],
			"to": [9.5, -0.9, 20.6],
			"rotation": {"angle": -22.5, "axis": "x", "origin": [8.05, -2, 19]},
			"faces": {
				"north": {"uv": [11.5, 1.25, 13, 2.25], "rotation": 180, "texture": "#0"},
				"east": {"uv": [16, 2.5, 15, 4], "rotation": 270, "texture": "#0"},
				"south": {"uv": [14, 1.5, 15.5, 2.5], "texture": "#0"},
				"west": {"uv": [15, 2.5, 16, 4], "rotation": 90, "texture": "#0"},
				"up": {"uv": [11.5, 2.75, 13, 4], "texture": "#0"},
				"down": {"uv": [11.5, 2.75, 13, 4], "texture": "#0"}
			}
		},
		{
			"from": [6.8, -4.4, 17.6],
			"to": [9.3, -2.4, 20.2],
			"rotation": {"angle": -45, "axis": "x", "origin": [8.05, -2, 19]},
			"faces": {
				"north": {"uv": [11.5, 1.25, 13, 2.25], "rotation": 180, "texture": "#0"},
				"east": {"uv": [16, 2.5, 15, 4], "rotation": 270, "texture": "#0"},
				"south": {"uv": [14, 1.5, 15.5, 2.5], "texture": "#0"},
				"west": {"uv": [15, 2.5, 16, 4], "rotation": 90, "texture": "#0"},
				"up": {"uv": [11.5, 2.75, 13, 4], "rotation": 180, "texture": "#0"},
				"down": {"uv": [11.5, 2.75, 13, 4], "texture": "#0"}
			}
		},
		{
			"from": [7, -4.1, 20.5],
			"to": [9.2, -1.8, 22.5],
			"rotation": {"angle": 22.5, "axis": "x", "origin": [8.05, -2, 19]},
			"faces": {
				"north": {"uv": [11.5, 2.75, 13, 4], "texture": "#0"},
				"east": {"uv": [16, 2.5, 15, 3.75], "texture": "#0"},
				"south": {"uv": [11.5, 2.75, 13, 4], "texture": "#0"},
				"west": {"uv": [15, 2.5, 16, 3.75], "texture": "#0"},
				"up": {"uv": [14.25, 1.5, 15.25, 2.5], "texture": "#0"},
				"down": {"uv": [11.5, 1.25, 13, 2.4], "texture": "#0"}
			}
		},
		{
			"from": [7.2, -5.1, 21.5],
			"to": [9, -3.2, 23.5],
			"rotation": {"angle": 0, "axis": "y", "origin": [8.05, -2, 19]},
			"faces": {
				"north": {"uv": [11.5, 3, 13, 4], "texture": "#0"},
				"east": {"uv": [16, 2.5, 15, 3.5], "texture": "#0"},
				"south": {"uv": [11.5, 3, 13, 4], "texture": "#0"},
				"west": {"uv": [15, 2.5, 16, 3.5], "texture": "#0"},
				"up": {"uv": [14.25, 1.5, 15.25, 2.5], "texture": "#0"},
				"down": {"uv": [11.5, 1.25, 13, 2.25], "texture": "#0"}
			}
		},
		{
			"from": [5.5, 11, 7],
			"to": [10.5, 14, 12],
			"rotation": {"angle": 0, "axis": "y", "origin": [0, 0, -3]},
			"faces": {
				"north": {"uv": [11, 2.5, 13.5, 4], "texture": "#0"},
				"east": {"uv": [16, 2.5, 13.5, 4], "texture": "#0"},
				"south": {"uv": [11, 2.5, 13.5, 4], "texture": "#0"},
				"west": {"uv": [13.5, 2.5, 16, 4], "texture": "#0"},
				"up": {"uv": [13.5, 0, 16, 2.5], "texture": "#0"},
				"down": {"uv": [11, 0, 13.5, 2.5], "texture": "#0"}
			}
		},
		{
			"from": [3.7, 1.7, 18.8],
			"to": [4.2, 2.1, 19.3],
			"rotation": {"angle": 22.5, "axis": "y", "origin": [4.6, 4.7, 16.3]},
			"faces": {
				"north": {"uv": [10, 1.5, 9.75, 1.25], "texture": "#0"},
				"east": {"uv": [10, 1.25, 9.75, 1], "rotation": 270, "texture": "#0"},
				"south": {"uv": [10, 1.5, 9.75, 1.25], "rotation": 180, "texture": "#0"},
				"west": {"uv": [10, 1.25, 9.75, 1], "rotation": 90, "texture": "#0"},
				"up": {"uv": [9.75, 1.5, 10, 1.75], "rotation": 180, "texture": "#0"},
				"down": {"uv": [9.75, 1.5, 10, 1.75], "rotation": 180, "texture": "#0"}
			}
		},
		{
			"from": [4.1, 1.5, 18.6],
			"to": [5.1, 2.3, 19.4],
			"rotation": {"angle": 22.5, "axis": "y", "origin": [4.6, 4.7, 16.2]},
			"faces": {
				"north": {"uv": [10.5, 1.5, 10, 1], "rotation": 270, "texture": "#0"},
				"east": {"uv": [10, 1, 9.5, 0.5], "texture": "#0"},
				"south": {"uv": [10.5, 1.5, 10, 1], "rotation": 270, "texture": "#0"},
				"west": {"uv": [10, 1, 9.5, 0.5], "texture": "#0"},
				"up": {"uv": [10.5, 1, 11, 1.5], "rotation": 270, "texture": "#0"},
				"down": {"uv": [10.5, 1, 11, 1.5], "rotation": 270, "texture": "#0"}
			}
		},
		{
			"from": [5.8, 1.4, 18.2],
			"to": [7.8, 2.4, 19.2],
			"rotation": {"angle": 0, "axis": "y", "origin": [4.6, 4.8, 16.2]},
			"faces": {
				"north": {"uv": [11, 0.5, 10, 0], "rotation": 180, "texture": "#0"},
				"east": {"uv": [10, 0.5, 9.5, 0], "rotation": 270, "texture": "#0"},
				"south": {"uv": [11, 0.5, 10, 0], "rotation": 180, "texture": "#0"},
				"west": {"uv": [10, 0.5, 9.5, 0], "rotation": 90, "texture": "#0"},
				"up": {"uv": [10, 1, 11, 0.5], "rotation": 180, "texture": "#0"},
				"down": {"uv": [10, 1, 11, 0.5], "rotation": 180, "texture": "#0"}
			}
		},
		{
			"from": [2.7, 4.7, 17.8],
			"to": [3.2, 5.1, 18.3],
			"rotation": {"angle": 22.5, "axis": "y", "origin": [3.6, 7.7, 15.3]},
			"faces": {
				"north": {"uv": [10, 1.5, 9.75, 1.25], "texture": "#0"},
				"east": {"uv": [10, 1.25, 9.75, 1], "rotation": 270, "texture": "#0"},
				"south": {"uv": [10, 1.5, 9.75, 1.25], "rotation": 180, "texture": "#0"},
				"west": {"uv": [10, 1.25, 9.75, 1], "rotation": 90, "texture": "#0"},
				"up": {"uv": [9.75, 1.5, 10, 1.75], "rotation": 180, "texture": "#0"},
				"down": {"uv": [9.75, 1.5, 10, 1.75], "rotation": 180, "texture": "#0"}
			}
		},
		{
			"from": [3.1, 4.5, 17.6],
			"to": [4.1, 5.3, 18.4],
			"rotation": {"angle": 22.5, "axis": "y", "origin": [3.6, 7.7, 15.2]},
			"faces": {
				"north": {"uv": [10.5, 1.5, 10, 1], "rotation": 270, "texture": "#0"},
				"east": {"uv": [10, 1, 9.5, 0.5], "texture": "#0"},
				"south": {"uv": [10.5, 1.5, 10, 1], "rotation": 270, "texture": "#0"},
				"west": {"uv": [10, 1, 9.5, 0.5], "texture": "#0"},
				"up": {"uv": [10.5, 1, 11, 1.5], "rotation": 270, "texture": "#0"},
				"down": {"uv": [10.5, 1, 11, 1.5], "rotation": 270, "texture": "#0"}
			}
		},
		{
			"from": [4.8, 4.4, 17.2],
			"to": [6.8, 5.4, 18.2],
			"rotation": {"angle": 0, "axis": "y", "origin": [3.6, 7.8, 15.2]},
			"faces": {
				"north": {"uv": [11, 0.5, 10, 0], "rotation": 180, "texture": "#0"},
				"east": {"uv": [10, 0.5, 9.5, 0], "rotation": 270, "texture": "#0"},
				"south": {"uv": [11, 0.5, 10, 0], "rotation": 180, "texture": "#0"},
				"west": {"uv": [10, 0.5, 9.5, 0], "rotation": 90, "texture": "#0"},
				"up": {"uv": [10, 1, 11, 0.5], "rotation": 180, "texture": "#0"},
				"down": {"uv": [10, 1, 11, 0.5], "rotation": 180, "texture": "#0"}
			}
		},
		{
			"from": [11.8, 1.7, 18.8],
			"to": [12.3, 2.1, 19.3],
			"rotation": {"angle": -22.5, "axis": "y", "origin": [11.4, 4.7, 16.3]},
			"faces": {
				"north": {"uv": [9.75, 1.5, 10, 1.25], "texture": "#0"},
				"east": {"uv": [10, 1, 9.75, 1.25], "rotation": 90, "texture": "#0"},
				"south": {"uv": [9.75, 1.5, 10, 1.25], "rotation": 180, "texture": "#0"},
				"west": {"uv": [10, 1, 9.75, 1.25], "rotation": 270, "texture": "#0"},
				"up": {"uv": [10, 1.5, 9.75, 1.75], "rotation": 180, "texture": "#0"},
				"down": {"uv": [10, 1.5, 9.75, 1.75], "rotation": 180, "texture": "#0"}
			}
		},
		{
			"from": [10.9, 1.5, 18.6],
			"to": [11.9, 2.3, 19.4],
			"rotation": {"angle": -22.5, "axis": "y", "origin": [11.4, 4.7, 16.2]},
			"faces": {
				"north": {"uv": [10.5, 1, 10, 1.5], "rotation": 270, "texture": "#0"},
				"east": {"uv": [9.5, 1, 10, 0.5], "texture": "#0"},
				"south": {"uv": [10.5, 1, 10, 1.5], "rotation": 270, "texture": "#0"},
				"west": {"uv": [9.5, 1, 10, 0.5], "texture": "#0"},
				"up": {"uv": [10.5, 1.5, 11, 1], "rotation": 270, "texture": "#0"},
				"down": {"uv": [10.5, 1.5, 11, 1], "rotation": 270, "texture": "#0"}
			}
		},
		{
			"from": [8.2, 1.4, 18.2],
			"to": [10.2, 2.4, 19.2],
			"rotation": {"angle": 0, "axis": "y", "origin": [11.4, 4.8, 16.2]},
			"faces": {
				"north": {"uv": [10, 0.5, 11, 0], "rotation": 180, "texture": "#0"},
				"east": {"uv": [10, 0, 9.5, 0.5], "rotation": 90, "texture": "#0"},
				"south": {"uv": [10, 0.5, 11, 0], "rotation": 180, "texture": "#0"},
				"west": {"uv": [10, 0, 9.5, 0.5], "rotation": 270, "texture": "#0"},
				"up": {"uv": [11, 1, 10, 0.5], "rotation": 180, "texture": "#0"},
				"down": {"uv": [11, 1, 10, 0.5], "rotation": 180, "texture": "#0"}
			}
		},
		{
			"from": [12.8, 4.7, 17.8],
			"to": [13.3, 5.1, 18.3],
			"rotation": {"angle": -22.5, "axis": "y", "origin": [12.4, 7.7, 15.3]},
			"faces": {
				"north": {"uv": [9.75, 1.5, 10, 1.25], "texture": "#0"},
				"east": {"uv": [10, 1, 9.75, 1.25], "rotation": 90, "texture": "#0"},
				"south": {"uv": [9.75, 1.5, 10, 1.25], "rotation": 180, "texture": "#0"},
				"west": {"uv": [10, 1, 9.75, 1.25], "rotation": 270, "texture": "#0"},
				"up": {"uv": [10, 1.5, 9.75, 1.75], "rotation": 180, "texture": "#0"},
				"down": {"uv": [10, 1.5, 9.75, 1.75], "rotation": 180, "texture": "#0"}
			}
		},
		{
			"from": [11.9, 4.5, 17.6],
			"to": [12.9, 5.3, 18.4],
			"rotation": {"angle": -22.5, "axis": "y", "origin": [12.4, 7.7, 15.2]},
			"faces": {
				"north": {"uv": [10.5, 1, 10, 1.5], "rotation": 270, "texture": "#0"},
				"east": {"uv": [9.5, 1, 10, 0.5], "texture": "#0"},
				"south": {"uv": [10.5, 1, 10, 1.5], "rotation": 270, "texture": "#0"},
				"west": {"uv": [9.5, 1, 10, 0.5], "texture": "#0"},
				"up": {"uv": [10.5, 1.5, 11, 1], "rotation": 270, "texture": "#0"},
				"down": {"uv": [10.5, 1.5, 11, 1], "rotation": 270, "texture": "#0"}
			}
		},
		{
			"from": [9.2, 4.4, 17.2],
			"to": [11.2, 5.4, 18.2],
			"rotation": {"angle": 0, "axis": "y", "origin": [12.4, 7.8, 15.2]},
			"faces": {
				"north": {"uv": [10, 0.5, 11, 0], "rotation": 180, "texture": "#0"},
				"east": {"uv": [10, 0, 9.5, 0.5], "rotation": 90, "texture": "#0"},
				"south": {"uv": [10, 0.5, 11, 0], "rotation": 180, "texture": "#0"},
				"west": {"uv": [10, 0, 9.5, 0.5], "rotation": 270, "texture": "#0"},
				"up": {"uv": [11, 1, 10, 0.5], "rotation": 180, "texture": "#0"},
				"down": {"uv": [11, 1, 10, 0.5], "rotation": 180, "texture": "#0"}
			}
		},
		{
			"from": [15.09802, 13.22036, 9.96608],
			"to": [20.53802, 15.94036, 11.32608],
			"rotation": {"angle": 0, "axis": "y", "origin": [16.3661, 14.7642, 10.61208]},
			"faces": {
				"north": {"uv": [7.75, 14.25, 6, 10.75], "rotation": 90, "texture": "#1"},
				"east": {"uv": [6, 10.75, 7.75, 10], "rotation": 270, "texture": "#1"},
				"south": {"uv": [7.75, 14.25, 6, 10.75], "rotation": 90, "texture": "#1"},
				"west": {"uv": [6, 10.75, 7.75, 10], "rotation": 90, "texture": "#1"},
				"up": {"uv": [5, 1.5, 8.5, 0.75], "rotation": 180, "texture": "#1"},
				"down": {"uv": [5, 0.75, 8.5, 0], "texture": "#1"}
			}
		},
		{
			"from": [13.22491, 12.88508, 9.55808],
			"to": [15.94491, 15.60508, 11.59808],
			"rotation": {"angle": -22.5, "axis": "z", "origin": [16.3661, 14.7642, 10.61208]},
			"faces": {
				"north": {"uv": [7.75, 10.75, 9.5, 12.5], "rotation": 270, "texture": "#1"},
				"east": {"uv": [7.75, 10.75, 9.5, 9.5], "rotation": 270, "texture": "#1"},
				"south": {"uv": [7.75, 12.5, 9.5, 10.75], "rotation": 270, "texture": "#1"},
				"west": {"uv": [7.75, 10.75, 9.5, 9.5], "rotation": 90, "texture": "#1"},
				"up": {"uv": [6, 9.75, 7.75, 8.5], "rotation": 180, "texture": "#1"},
				"down": {"uv": [9.5, 10.5, 11.25, 9.25], "texture": "#1"}
			}
		},
		{
			"from": [11.15402, 14.03636, 9.28608],
			"to": [13.87402, 16.75636, 11.87008],
			"rotation": {"angle": 0, "axis": "y", "origin": [16.3661, 14.7642, 10.61208]},
			"faces": {
				"north": {"uv": [10.3, 0, 12.05, 1.7], "rotation": 270, "texture": "#1"},
				"east": {"uv": [11, 8.75, 12.75, 7.25], "rotation": 270, "texture": "#1"},
				"south": {"uv": [10.3, 1.7, 12.05, 0], "rotation": 270, "texture": "#1"},
				"west": {"uv": [11, 8.75, 12.75, 7.25], "rotation": 90, "texture": "#1"},
				"up": {"uv": [11.75, 1.75, 10.25, 3.5], "rotation": 270, "texture": "#1"},
				"down": {"uv": [11, 7.25, 9.5, 9], "rotation": 90, "texture": "#1"}
			}
		},
		{
			"from": [11.24743, 9.79354, 9.15008],
			"to": [13.96743, 12.51354, 12.00608],
			"rotation": {"angle": -45, "axis": "z", "origin": [16.3661, 14.7642, 10.61208]},
			"faces": {
				"north": {"uv": [0, 7, 3.5, 3.5], "texture": "#2"},
				"east": {"uv": [7, 3.5, 3.5, 0], "texture": "#2"},
				"south": {"uv": [3.5, 7, 0, 3.5], "texture": "#2"},
				"west": {"uv": [7, 7, 3.5, 3.5], "texture": "#2"},
				"up": {"uv": [0, 3.5, 3.5, 0], "rotation": 90, "texture": "#2"},
				"down": {"uv": [0, 3.5, 3.5, 0], "rotation": 270, "texture": "#2"}
			}
		},
		{
			"from": [9.68891, 9.48508, 9.01408],
			"to": [12.40891, 12.20508, 12.14208],
			"rotation": {"angle": -22.5, "axis": "z", "origin": [16.3661, 14.7642, 10.61208]},
			"faces": {
				"north": {"uv": [0, 10.5, 3.5, 14], "texture": "#2"},
				"east": {"uv": [7.5, 10.5, 3.5, 14], "texture": "#2"},
				"south": {"uv": [3.5, 10.5, 0, 14], "texture": "#2"},
				"west": {"uv": [8, 7, 4, 10.5], "texture": "#2"},
				"up": {"uv": [4, 7, 0, 10.5], "rotation": 270, "texture": "#2"},
				"down": {"uv": [4, 7, 0, 10.5], "rotation": 270, "texture": "#2"}
			}
		},
		{
			"from": [19.63858, 11.79737, 10.10208],
			"to": [20.99858, 14.24537, 11.19008],
			"rotation": {"angle": 22.5, "axis": "z", "origin": [16.3661, 14.7642, 10.61208]},
			"faces": {
				"north": {"uv": [8.25, 14.75, 9.75, 14], "rotation": 270, "texture": "#1"},
				"east": {"uv": [9.75, 14, 8.25, 13.25], "rotation": 270, "texture": "#1"},
				"south": {"uv": [8.25, 14.75, 9.75, 14], "rotation": 270, "texture": "#1"},
				"west": {"uv": [9.75, 14, 8.25, 13.25], "rotation": 90, "texture": "#1"},
				"up": {"uv": [9.25, 13.25, 8.5, 12.5], "rotation": 90, "texture": "#1"},
				"down": {"uv": [8.5, 13.25, 7.75, 12.5], "rotation": 270, "texture": "#1"}
			}
		},
		{
			"from": [18.77576, 17.86587, 10.23808],
			"to": [20.95176, 19.90587, 11.05408],
			"rotation": {"angle": -45, "axis": "z", "origin": [16.3661, 14.7642, 10.61208]},
			"faces": {
				"north": {"uv": [6.75, 14.75, 8, 16], "texture": "#1"},
				"east": {"uv": [8.5, 14.75, 8, 16], "rotation": 180, "texture": "#1"},
				"south": {"uv": [8, 14.75, 6.75, 16], "texture": "#1"},
				"west": {"uv": [6.75, 14.75, 6.25, 16], "texture": "#1"},
				"up": {"uv": [6.75, 14.75, 8, 14.25], "texture": "#1"},
				"down": {"uv": [6.75, 14.75, 8, 14.25], "rotation": 180, "texture": "#1"}
			}
		},
		{
			"from": [20.73129, 17.66333, 10.37408],
			"to": [22.63529, 19.70333, 10.91808],
			"rotation": {"angle": -22.5, "axis": "z", "origin": [16.3661, 14.7642, 10.61208]},
			"faces": {
				"north": {"uv": [9.75, 14.75, 8.5, 16], "rotation": 180, "texture": "#1"},
				"east": {"uv": [10, 13.5, 9.75, 14.75], "texture": "#1"},
				"south": {"uv": [9.75, 14.75, 8.5, 16], "texture": "#1"},
				"west": {"uv": [10, 12.25, 9.75, 13.5], "texture": "#1"},
				"up": {"uv": [10, 14.75, 9.75, 16], "rotation": 270, "texture": "#1"},
				"down": {"uv": [10, 14.75, 9.75, 16], "rotation": 90, "texture": "#1"}
			}
		},
		{
			"from": [-4.53802, 13.22036, 9.96608],
			"to": [0.90198, 15.94036, 11.32608],
			"rotation": {"angle": 0, "axis": "y", "origin": [-0.3661, 14.7642, 10.61208]},
			"faces": {
				"north": {"uv": [7.75, 10.75, 6, 14.25], "rotation": 90, "texture": "#1"},
				"east": {"uv": [6, 10, 7.75, 10.75], "rotation": 90, "texture": "#1"},
				"south": {"uv": [7.75, 10.75, 6, 14.25], "rotation": 90, "texture": "#1"},
				"west": {"uv": [6, 10, 7.75, 10.75], "rotation": 270, "texture": "#1"},
				"up": {"uv": [8.5, 1.5, 5, 0.75], "rotation": 180, "texture": "#1"},
				"down": {"uv": [8.5, 0.75, 5, 0], "texture": "#1"}
			}
		},
		{
			"from": [0.05509, 12.88508, 9.55808],
			"to": [2.77509, 15.60508, 11.59808],
			"rotation": {"angle": 22.5, "axis": "z", "origin": [-0.3661, 14.7642, 10.61208]},
			"faces": {
				"north": {"uv": [7.75, 12.5, 9.5, 10.75], "rotation": 270, "texture": "#1"},
				"east": {"uv": [7.75, 9.5, 9.5, 10.75], "rotation": 90, "texture": "#1"},
				"south": {"uv": [7.75, 10.75, 9.5, 12.5], "rotation": 270, "texture": "#1"},
				"west": {"uv": [7.75, 9.5, 9.5, 10.75], "rotation": 270, "texture": "#1"},
				"up": {"uv": [7.75, 9.75, 6, 8.5], "rotation": 180, "texture": "#1"},
				"down": {"uv": [11.25, 10.5, 9.5, 9.25], "texture": "#1"}
			}
		},
		{
			"from": [2.12598, 14.03636, 9.28608],
			"to": [4.84598, 16.75636, 11.87008],
			"rotation": {"angle": 0, "axis": "y", "origin": [-0.3661, 14.7642, 10.61208]},
			"faces": {
				"north": {"uv": [10.3, 1.7, 12.05, 0], "rotation": 270, "texture": "#1"},
				"east": {"uv": [11, 7.25, 12.75, 8.75], "rotation": 90, "texture": "#1"},
				"south": {"uv": [10.3, 0, 12.05, 1.7], "rotation": 270, "texture": "#1"},
				"west": {"uv": [11, 7.25, 12.75, 8.75], "rotation": 270, "texture": "#1"},
				"up": {"uv": [11.75, 3.5, 10.25, 1.75], "rotation": 270, "texture": "#1"},
				"down": {"uv": [11, 9, 9.5, 7.25], "rotation": 90, "texture": "#1"}
			}
		},
		{
			"from": [2.03257, 9.79354, 9.15008],
			"to": [4.75257, 12.51354, 12.00608],
			"rotation": {"angle": 45, "axis": "z", "origin": [-0.3661, 14.7642, 10.61208]},
			"faces": {
				"north": {"uv": [3.5, 7, 0, 3.5], "texture": "#2"},
				"east": {"uv": [3.5, 7, 7, 3.5], "texture": "#2"},
				"south": {"uv": [0, 7, 3.5, 3.5], "texture": "#2"},
				"west": {"uv": [3.5, 3.5, 7, 0], "texture": "#2"},
				"up": {"uv": [0, 0, 3.5, 3.5], "rotation": 90, "texture": "#2"},
				"down": {"uv": [0, 0, 3.5, 3.5], "rotation": 270, "texture": "#2"}
			}
		},
		{
			"from": [3.59109, 9.48508, 9.01408],
			"to": [6.31109, 12.20508, 12.14208],
			"rotation": {"angle": 22.5, "axis": "z", "origin": [-0.3661, 14.7642, 10.61208]},
			"faces": {
				"north": {"uv": [3.5, 10.5, 0, 14], "texture": "#2"},
				"east": {"uv": [4, 7, 8, 10.5], "texture": "#2"},
				"south": {"uv": [0, 10.5, 3.5, 14], "texture": "#2"},
				"west": {"uv": [3.5, 10.5, 7.5, 14], "texture": "#2"},
				"up": {"uv": [4, 10.5, 0, 7], "rotation": 270, "texture": "#2"},
				"down": {"uv": [4, 10.5, 0, 7], "rotation": 270, "texture": "#2"}
			}
		},
		{
			"from": [-4.99858, 11.79737, 10.10208],
			"to": [-3.63858, 14.24537, 11.19008],
			"rotation": {"angle": -22.5, "axis": "z", "origin": [-0.3661, 14.7642, 10.61208]},
			"faces": {
				"north": {"uv": [8.25, 14, 9.75, 14.75], "rotation": 270, "texture": "#1"},
				"east": {"uv": [9.75, 13.25, 8.25, 14], "rotation": 90, "texture": "#1"},
				"south": {"uv": [8.25, 14, 9.75, 14.75], "rotation": 270, "texture": "#1"},
				"west": {"uv": [9.75, 13.25, 8.25, 14], "rotation": 270, "texture": "#1"},
				"up": {"uv": [9.25, 12.5, 8.5, 13.25], "rotation": 90, "texture": "#1"},
				"down": {"uv": [8.5, 12.5, 7.75, 13.25], "rotation": 270, "texture": "#1"}
			}
		},
		{
			"from": [-4.95176, 17.86587, 10.23808],
			"to": [-2.77576, 19.90587, 11.05408],
			"rotation": {"angle": 45, "axis": "z", "origin": [-0.3661, 14.7642, 10.61208]},
			"faces": {
				"north": {"uv": [8, 14.75, 6.75, 16], "texture": "#1"},
				"east": {"uv": [6.25, 14.75, 6.75, 16], "texture": "#1"},
				"south": {"uv": [6.75, 14.75, 8, 16], "texture": "#1"},
				"west": {"uv": [8, 14.75, 8.5, 16], "rotation": 180, "texture": "#1"},
				"up": {"uv": [8, 14.75, 6.75, 14.25], "texture": "#1"},
				"down": {"uv": [8, 14.75, 6.75, 14.25], "rotation": 180, "texture": "#1"}
			}
		},
		{
			"from": [-6.63529, 17.66333, 10.37408],
			"to": [-4.73129, 19.70333, 10.91808],
			"rotation": {"angle": 22.5, "axis": "z", "origin": [-0.3661, 14.7642, 10.61208]},
			"faces": {
				"north": {"uv": [8.5, 14.75, 9.75, 16], "rotation": 180, "texture": "#1"},
				"east": {"uv": [9.75, 12.25, 10, 13.5], "texture": "#1"},
				"south": {"uv": [8.5, 14.75, 9.75, 16], "texture": "#1"},
				"west": {"uv": [9.75, 13.5, 10, 14.75], "texture": "#1"},
				"up": {"uv": [10, 16, 9.75, 14.75], "rotation": 270, "texture": "#1"},
				"down": {"uv": [10, 16, 9.75, 14.75], "rotation": 90, "texture": "#1"}
			}
		},
		{
			"from": [11, 15.5, 10],
			"to": [16.3, 16.5, 12],
			"rotation": {"angle": -45, "axis": "z", "origin": [5, 15.5, 3]},
			"faces": {
				"north": {"uv": [10.5, 16, 13, 15.5], "texture": "#4"},
				"east": {"uv": [10.5, 15.5, 11.5, 15], "texture": "#4"},
				"south": {"uv": [10.5, 16, 13, 15.5], "texture": "#4"},
				"west": {"uv": [10.5, 15.5, 11.5, 15], "texture": "#4"},
				"up": {"uv": [8, 16, 10.5, 15], "texture": "#4"},
				"down": {"uv": [8, 16, 10.5, 15], "texture": "#4"}
			}
		},
		{
			"from": [10, 8.2, 11],
			"to": [16, 14.2, 11],
			"rotation": {"angle": 0, "axis": "y", "origin": [5, 7, 3]},
			"faces": {
				"north": {"uv": [5, 1.5, 11, 7.5], "texture": "#5"},
				"east": {"uv": [3, 0.5, 3, 6.5], "texture": "#5"},
				"south": {"uv": [11, 1.5, 5, 7.5], "texture": "#5"},
				"west": {"uv": [3, 0.5, 3, 6.5], "texture": "#5"},
				"up": {"uv": [0, 0, 5, 0], "texture": "#5"},
				"down": {"uv": [0, 0, 5, 0], "texture": "#5"}
			}
		},
		{
			"from": [9.7, 15.5, 10.1],
			"to": [15, 16.5, 11.9],
			"rotation": {"angle": 45, "axis": "z", "origin": [21, 15.5, 3]},
			"faces": {
				"north": {"uv": [13, 16, 10.5, 15.5], "texture": "#4"},
				"east": {"uv": [11.5, 15.5, 10.5, 15], "texture": "#4"},
				"south": {"uv": [13, 16, 10.5, 15.5], "texture": "#4"},
				"west": {"uv": [11.5, 15.5, 10.5, 15], "texture": "#4"},
				"up": {"uv": [10.5, 16, 8, 15], "texture": "#4"},
				"down": {"uv": [10.5, 16, 8, 15], "texture": "#4"}
			}
		},
		{
			"from": [9.7, 19.7, 10.1],
			"to": [15, 20.7, 11.9],
			"rotation": {"angle": 45, "axis": "z", "origin": [21, 15.5, 3]},
			"faces": {
				"north": {"uv": [13, 16, 10.5, 15.5], "texture": "#4"},
				"east": {"uv": [11.5, 15.5, 10.5, 15], "texture": "#4"},
				"south": {"uv": [13, 16, 10.5, 15.5], "texture": "#4"},
				"west": {"uv": [11.5, 15.5, 10.5, 15], "texture": "#4"},
				"up": {"uv": [10.5, 16, 8, 15], "texture": "#4"},
				"down": {"uv": [10.5, 16, 8, 15], "texture": "#4"}
			}
		},
		{
			"from": [9.7, 6, 10],
			"to": [15, 7, 12],
			"rotation": {"angle": -45, "axis": "z", "origin": [21, 7, 3]},
			"faces": {
				"north": {"uv": [13, 15.5, 10.5, 16], "texture": "#4"},
				"east": {"uv": [11.5, 15, 10.5, 15.5], "texture": "#4"},
				"south": {"uv": [13, 15.5, 10.5, 16], "texture": "#4"},
				"west": {"uv": [11.5, 15, 10.5, 15.5], "texture": "#4"},
				"up": {"uv": [10.5, 15, 8, 16], "texture": "#4"},
				"down": {"uv": [10.5, 15, 8, 16], "texture": "#4"}
			}
		},
		{
			"from": [1, 15.5, 10],
			"to": [6.3, 16.5, 12],
			"rotation": {"angle": -45, "axis": "z", "origin": [-5, 15.5, 3]},
			"faces": {
				"north": {"uv": [10.5, 16, 13, 15.5], "texture": "#4"},
				"east": {"uv": [10.5, 15.5, 11.5, 15], "texture": "#4"},
				"south": {"uv": [10.5, 16, 13, 15.5], "texture": "#4"},
				"west": {"uv": [10.5, 15.5, 11.5, 15], "texture": "#4"},
				"up": {"uv": [8, 16, 10.5, 15], "texture": "#4"},
				"down": {"uv": [8, 16, 10.5, 15], "texture": "#4"}
			}
		},
		{
			"from": [0, 8.2, 11],
			"to": [6, 14.2, 11],
			"rotation": {"angle": 0, "axis": "y", "origin": [-5, 7, 3]},
			"faces": {
				"north": {"uv": [5, 1.5, 11, 7.5], "texture": "#5"},
				"east": {"uv": [3, 0.5, 3, 6.5], "texture": "#5"},
				"south": {"uv": [11, 1.5, 5, 7.5], "texture": "#5"},
				"west": {"uv": [3, 0.5, 3, 6.5], "texture": "#5"},
				"up": {"uv": [0, 0, 5, 0], "texture": "#5"},
				"down": {"uv": [0, 0, 5, 0], "texture": "#5"}
			}
		},
		{
			"from": [-0.3, 15.5, 10.1],
			"to": [5, 16.5, 11.9],
			"rotation": {"angle": 45, "axis": "z", "origin": [11, 15.5, 3]},
			"faces": {
				"north": {"uv": [13, 16, 10.5, 15.5], "texture": "#4"},
				"east": {"uv": [11.5, 15.5, 10.5, 15], "texture": "#4"},
				"south": {"uv": [13, 16, 10.5, 15.5], "texture": "#4"},
				"west": {"uv": [11.5, 15.5, 10.5, 15], "texture": "#4"},
				"up": {"uv": [10.5, 16, 8, 15], "texture": "#4"},
				"down": {"uv": [10.5, 16, 8, 15], "texture": "#4"}
			}
		},
		{
			"from": [-0.3, 19.7, 10.1],
			"to": [5, 20.7, 11.9],
			"rotation": {"angle": 45, "axis": "z", "origin": [11, 15.5, 3]},
			"faces": {
				"north": {"uv": [13, 16, 10.5, 15.5], "texture": "#4"},
				"east": {"uv": [11.5, 15.5, 10.5, 15], "texture": "#4"},
				"south": {"uv": [13, 16, 10.5, 15.5], "texture": "#4"},
				"west": {"uv": [11.5, 15.5, 10.5, 15], "texture": "#4"},
				"up": {"uv": [10.5, 16, 8, 15], "texture": "#4"},
				"down": {"uv": [10.5, 16, 8, 15], "texture": "#4"}
			}
		},
		{
			"from": [-0.3, 6, 10],
			"to": [5, 7, 12],
			"rotation": {"angle": -45, "axis": "z", "origin": [11, 7, 3]},
			"faces": {
				"north": {"uv": [13, 15.5, 10.5, 16], "texture": "#4"},
				"east": {"uv": [11.5, 15, 10.5, 15.5], "texture": "#4"},
				"south": {"uv": [13, 15.5, 10.5, 16], "texture": "#4"},
				"west": {"uv": [11.5, 15, 10.5, 15.5], "texture": "#4"},
				"up": {"uv": [10.5, 15, 8, 16], "texture": "#4"},
				"down": {"uv": [10.5, 15, 8, 16], "texture": "#4"}
			}
		},
		{
			"from": [4.4, -3.42389, 21.89628],
			"to": [12.4, -3.42389, 30.89628],
			"rotation": {"angle": -22.5, "axis": "x", "origin": [8.4, -2.42389, 25.39628]},
			"faces": {
				"north": {"uv": [0, 0, 4.5, 0], "texture": "#3"},
				"east": {"uv": [0, 0, 4.5, 0], "texture": "#3"},
				"south": {"uv": [0, 0, 4.5, 0], "texture": "#3"},
				"west": {"uv": [0, 0, 4.5, 0], "texture": "#3"},
				"up": {"uv": [0.5, 0, 4.5, 4.5], "texture": "#3"},
				"down": {"uv": [0.5, 4.5, 4.5, 0], "texture": "#3"}
			}
		},
		{
			"from": [8, 8, 12],
			"to": [8, 12, 19],
			"rotation": {"angle": 22.5, "axis": "x", "origin": [9, 10, 23.5]},
			"faces": {
				"north": {"uv": [0, 0, 0, 2], "texture": "#1"},
				"east": {"uv": [3.5, 14, 0, 16], "texture": "#1"},
				"south": {"uv": [0, 0, 0, 2], "texture": "#1"},
				"west": {"uv": [0, 14, 3.5, 16], "texture": "#1"},
				"up": {"uv": [0, 0, 0, 3.5], "texture": "#1"},
				"down": {"uv": [0, 0, 0, 3.5], "texture": "#1"}
			}
		},
		{
			"from": [8, -4.5, 12.5],
			"to": [8, -0.5, 17.5],
			"rotation": {"angle": 45, "axis": "x", "origin": [8, -1.5, 31]},
			"faces": {
				"north": {"uv": [13.5, 7.25, 13.5, 9.25], "texture": "#1"},
				"east": {"uv": [16, 7.25, 13.5, 9.25], "texture": "#1"},
				"south": {"uv": [13.5, 7.25, 13.5, 9.25], "texture": "#1"},
				"west": {"uv": [13.5, 7.25, 16, 9.25], "texture": "#1"},
				"up": {"uv": [13.5, 7.25, 13.5, 9.75], "texture": "#1"},
				"down": {"uv": [13.5, 7.25, 13.5, 9.75], "texture": "#1"}
			}
		},
		{
			"from": [8, 4, 22],
			"to": [8, 9, 26],
			"rotation": {"angle": -22.5, "axis": "x", "origin": [8, -1.5, 31]},
			"faces": {
				"north": {"uv": [13.5, 7.25, 13.5, 9.75], "rotation": 180, "texture": "#1"},
				"east": {"uv": [16, 7.25, 13.5, 9.25], "rotation": 270, "texture": "#1"},
				"south": {"uv": [13.5, 7.25, 13.5, 9.75], "texture": "#1"},
				"west": {"uv": [13.5, 7.25, 16, 9.25], "rotation": 90, "texture": "#1"},
				"up": {"uv": [13.5, 7.25, 13.5, 9.25], "rotation": 180, "texture": "#1"},
				"down": {"uv": [13.5, 7.25, 13.5, 9.25], "texture": "#1"}
			}
		}
	],
	"gui_light": "front",
	"display": {
		"thirdperson_righthand": {
			"rotation": [-90, 0, -180],
			"translation": [-0.25, 0, 2.5],
			"scale": [0.28789, 0.28789, 0.28789]
		},
		"thirdperson_lefthand": {
			"rotation": [67, 0, 0],
			"translation": [-6, -5, 7],
			"scale": [1.2, 1.2, 1.2]
		},
		"firstperson_righthand": {
			"rotation": [0, 92, 0],
			"translation": [0.5, 2.75, 1.5],
			"scale": [0.5, 0.5, 0.5]
		},
		"firstperson_lefthand": {
			"rotation": [0, -92, 0],
			"translation": [0.5, 3, 2.25],
			"scale": [0, 0, 0]
		},
		"ground": {
			"rotation": [45, 0, 0],
			"translation": [0, 5.25, 0],
			"scale": [0.35, 0.35, 0.35]
		},
		"gui": {
			"translation": [0, -0.5, -2],
			"scale": [0.4707, 0.4707, 0.4707]
		},
		"head": {
			"rotation": [-135.5, 0, 0],
			"translation": [0, 20.5, 4.75],
			"scale": [0, 0, 0]
		},
		"fixed": {
			"rotation": [0, -180, 0],
			"translation": [-0.5, 6, -2.25],
			"scale": [2.18711, 2.18711, 2.18711]
		}
	},
	"groups": [
		{
			"name": "Body",
			"origin": [1, 10, 9.9],
			"color": 0,
			"children": []
		},
		0,
		1,
		2,
		3,
		4,
		5,
		6,
		7,
		8,
		9,
		10,
		11,
		12,
		13,
		14,
		15,
		16,
		17,
		{
			"name": "group",
			"origin": [3.6, 4.8, 16.2],
			"color": 0,
			"children": [18, 19, 20]
		},
		{
			"name": "group",
			"origin": [3.6, 4.8, 16.2],
			"color": 0,
			"children": [21, 22, 23]
		},
		{
			"name": "group",
			"origin": [3.6, 4.8, 16.2],
			"color": 0,
			"children": [24, 25, 26]
		},
		{
			"name": "group",
			"origin": [3.6, 4.8, 16.2],
			"color": 0,
			"children": [27, 28, 29]
		},
		{
			"name": "Horn",
			"origin": [5, 18.5, 4.5],
			"color": 0,
			"children": [30, 31, 32, 33, 34, 35, 36, 37]
		},
		{
			"name": "Horn",
			"origin": [5, 18.5, 4.5],
			"color": 0,
			"children": [38, 39, 40, 41, 42, 43, 44, 45]
		},
		{
			"name": "Eye",
			"origin": [16, 0, 0],
			"color": 0,
			"children": [46, 47, 48, 49, 50]
		},
		{
			"name": "Eye",
			"origin": [16, 0, 0],
			"color": 0,
			"children": [51, 52, 53, 54, 55, 56]
		},
		57,
		58,
		59
	]
}