{
	"credit": "Made by PolygonMC",
	"texture_size": [24, 24],
	"textures": {
		"2": "shogunset/axe",
		"particle": "shogunset/axe"
	},
	"elements": [
		{
			"from": [7.5, 1.2, 7.5],
			"to": [8.5, 7.2, 8.5],
			"rotation": {"angle": 0, "axis": "y", "origin": [7.5, 0.2, 7.5]},
			"faces": {
				"north": {"uv": [2.66667, 6.66667, 3.33333, 10.66667], "texture": "#2"},
				"east": {"uv": [6.66667, 3.33333, 7.33333, 7.33333], "texture": "#2"},
				"south": {"uv": [5.33333, 6.66667, 6, 10.66667], "texture": "#2"},
				"west": {"uv": [6, 6.66667, 6.66667, 10.66667], "texture": "#2"}
			}
		},
		{
			"from": [7, 7.2, 7],
			"to": [9, 7.7, 9],
			"rotation": {"angle": 0, "axis": "y", "origin": [7.5, 6.2, 7.5]},
			"faces": {
				"north": {"uv": [10, 6.66667, 11.33333, 7], "texture": "#2"},
				"east": {"uv": [8.66667, 10, 10, 10.33333], "texture": "#2"},
				"south": {"uv": [10, 8.66667, 11.33333, 9], "texture": "#2"},
				"west": {"uv": [10, 9.33333, 11.33333, 9.66667], "texture": "#2"},
				"up": {"uv": [8.66667, 6, 7.33333, 4.66667], "texture": "#2"},
				"down": {"uv": [8.66667, 6, 7.33333, 7.33333], "texture": "#2"}
			}
		},
		{
			"from": [7.4, 0.5, 7.4],
			"to": [8.6, 1.2, 8.6],
			"rotation": {"angle": 0, "axis": "y", "origin": [7.5, -4.9, 7.5]},
			"faces": {
				"north": {"uv": [2.66667, 10.66667, 3.33333, 11], "texture": "#2"},
				"east": {"uv": [10.66667, 3.33333, 11.33333, 3.66667], "texture": "#2"},
				"south": {"uv": [10.66667, 4, 11.33333, 4.33333], "texture": "#2"},
				"west": {"uv": [4.66667, 10.66667, 5.33333, 11], "texture": "#2"},
				"up": {"uv": [8, 10.66667, 7.33333, 10], "texture": "#2"},
				"down": {"uv": [10.66667, 10, 10, 10.66667], "texture": "#2"}
			}
		},
		{
			"from": [7.5, 0, 7.5],
			"to": [8.5, 0.5, 8.5],
			"rotation": {"angle": 0, "axis": "y", "origin": [8, 0.25, 8]},
			"faces": {
				"north": {"uv": [10.66667, 4.66667, 11.33333, 5], "texture": "#2"},
				"east": {"uv": [5.33333, 10.66667, 6, 11], "texture": "#2"},
				"south": {"uv": [10.66667, 5.33333, 11.33333, 5.66667], "texture": "#2"},
				"west": {"uv": [6, 10.66667, 6.66667, 11], "texture": "#2"},
				"down": {"uv": [11.33333, 0, 10.66667, 0.66667], "texture": "#2"}
			}
		},
		{
			"from": [7.75, -0.25, 7.25],
			"to": [8.25, 0.75, 8.75],
			"rotation": {"angle": 0, "axis": "y", "origin": [8, 0.25, 8]},
			"faces": {
				"north": {"uv": [10.66667, 6, 11, 6.66667], "texture": "#2"},
				"east": {"uv": [8, 2.66667, 9, 3.33333], "texture": "#2"},
				"south": {"uv": [7.33333, 10.66667, 7.66667, 11.33333], "texture": "#2"},
				"west": {"uv": [9.33333, 4, 10.33333, 4.66667], "texture": "#2"},
				"up": {"uv": [11, 1.66667, 10.66667, 0.66667], "texture": "#2"},
				"down": {"uv": [11, 2, 10.66667, 3], "texture": "#2"}
			}
		},
		{
			"from": [7.25, 10.11844, 9.21626],
			"to": [8.75, 12.11844, 10.71626],
			"rotation": {"angle": -45, "axis": "x", "origin": [7.5, 10.11844, 9.21626]},
			"faces": {
				"north": {"uv": [6.66667, 7.33333, 7.66667, 8.66667], "texture": "#2"},
				"east": {"uv": [8, 0, 9, 1.33333], "texture": "#2"},
				"south": {"uv": [8, 1.33333, 9, 2.66667], "texture": "#2"},
				"west": {"uv": [8, 7.33333, 9, 8.66667], "texture": "#2"},
				"up": {"uv": [9.66667, 9.66667, 8.66667, 8.66667], "texture": "#2"},
				"down": {"uv": [10.33333, 0, 9.33333, 1], "texture": "#2"}
			}
		},
		{
			"from": [7.2535, 11.68594, 7.57265],
			"to": [8.7465, 13.68594, 8.97265],
			"rotation": {"angle": -22.5, "axis": "x", "origin": [8.0035, 12.18594, 8.07265]},
			"faces": {
				"north": {"uv": [3.33333, 8.66667, 4.33333, 10], "texture": "#2"},
				"east": {"uv": [8.66667, 4.66667, 9.66667, 6], "texture": "#2"},
				"south": {"uv": [8.66667, 6, 9.66667, 7.33333], "texture": "#2"},
				"west": {"uv": [6.66667, 8.66667, 7.66667, 10], "texture": "#2"},
				"up": {"uv": [10.33333, 2.33333, 9.33333, 1.33333], "texture": "#2"},
				"down": {"uv": [10.33333, 2.66667, 9.33333, 3.66667], "texture": "#2"}
			}
		},
		{
			"from": [7.2535, 7.5, 7.15],
			"to": [8.7465, 12, 8.65],
			"rotation": {"angle": 22.5, "axis": "x", "origin": [7.5035, 7.5, 7.4]},
			"faces": {
				"north": {"uv": [5.33333, 3.33333, 6.33333, 6.33333], "texture": "#2"},
				"east": {"uv": [0, 6.66667, 1, 9.66667], "texture": "#2"},
				"south": {"uv": [6.66667, 0, 7.66667, 3], "texture": "#2"},
				"west": {"uv": [1.33333, 6.66667, 2.33333, 9.66667], "texture": "#2"},
				"up": {"uv": [10.33333, 8.33333, 9.33333, 7.33333], "texture": "#2"},
				"down": {"uv": [1, 10, 0, 11], "texture": "#2"}
			}
		},
		{
			"from": [7.5, 13.1784, 5.98445],
			"to": [8.5, 15.1784, 8.98445],
			"rotation": {"angle": 22.5, "axis": "x", "origin": [7.5, 13.6784, 4.98445]},
			"faces": {
				"north": {"uv": [1.33333, 10, 2, 11.33333], "texture": "#2"},
				"east": {"uv": [3.33333, 7.33333, 5.33333, 8.66667], "texture": "#2"},
				"south": {"uv": [2, 10, 2.66667, 11.33333], "texture": "#2"},
				"west": {"uv": [7.33333, 3.33333, 9.33333, 4.66667], "texture": "#2"},
				"up": {"uv": [5.33333, 10.66667, 4.66667, 8.66667], "texture": "#2"},
				"down": {"uv": [8.66667, 8.66667, 8, 10.66667], "texture": "#2"}
			}
		},
		{
			"from": [7.75, 11.41957, 3.88856],
			"to": [8.25, 14.41957, 6.88856],
			"rotation": {"angle": 45, "axis": "x", "origin": [7.25, 11.41957, 5.88856]},
			"faces": {
				"north": {"uv": [3.33333, 10, 3.66667, 12], "texture": "#2"},
				"east": {"uv": [3.33333, 3.33333, 5.33333, 5.33333], "texture": "#2"},
				"south": {"uv": [4, 10, 4.33333, 12], "texture": "#2"},
				"west": {"uv": [3.33333, 5.33333, 5.33333, 7.33333], "texture": "#2"},
				"up": {"uv": [10.33333, 6.66667, 10, 4.66667], "texture": "#2"},
				"down": {"uv": [7, 10, 6.66667, 12], "texture": "#2"}
			}
		},
		{
			"from": [7.985, 7.83378, 1.47435],
			"to": [8.015, 17.83378, 5.97435],
			"rotation": {"angle": 0, "axis": "y", "origin": [7.985, 8.83378, 0.97435]},
			"faces": {
				"east": {"uv": [3, 0, 0, 6.66667], "texture": "#2"},
				"west": {"uv": [0, 0, 3, 6.66667], "texture": "#2"}
			}
		},
		{
			"from": [7.985, 10.33378, 8.22435],
			"to": [8.015, 15.33378, 12.72435],
			"rotation": {"angle": 0, "axis": "y", "origin": [7.985, 8.33378, 7.72435]},
			"faces": {
				"east": {"uv": [6.33333, 0, 3.33333, 3.33333], "texture": "#2"},
				"west": {"uv": [3.33333, 0, 6.33333, 3.33333], "texture": "#2"}
			}
		}
	],
	"gui_light": "front",
	"display": {
		"thirdperson_righthand": {
			"translation": [0, 1, 1]
		},
		"thirdperson_lefthand": {
			"translation": [0, 1, 1]
		},
		"firstperson_righthand": {
			"rotation": [-10, 0, 0],
			"translation": [0, 1.75, 0]
		},
		"firstperson_lefthand": {
			"rotation": [-10, 0, 0],
			"translation": [0, 1.75, 0]
		},
		"ground": {
			"rotation": [-45, 0, 0],
			"translation": [0, 5, 0],
			"scale": [0.8, 0.8, 0.8]
		},
		"gui": {
			"rotation": [-90, 45, 90],
			"translation": [1.5, -0.75, 0]
		},
		"head": {
			"rotation": [0, -90, 0]
		},
		"fixed": {
			"rotation": [0, -90, 0],
			"translation": [0, 0, -1],
			"scale": [2, 2, 2]
		}
	}
}