{
	"credit": "Made with Blockbench",
	"textures": {
		"1": "shogunset/bow"
	},
	"elements": [
		{
			"from": [7.5, 5, 7.5],
			"to": [8.5, 11, 8.5],
			"rotation": {"angle": 0, "axis": "y", "origin": [7.5, 4, 7.5]},
			"faces": {
				"north": {"uv": [7, 8.5, 7.5, 11.5], "texture": "#1"},
				"east": {"uv": [7.5, 8.5, 8, 11.5], "texture": "#1"},
				"south": {"uv": [8, 8.5, 8.5, 11.5], "texture": "#1"},
				"west": {"uv": [8.5, 8.5, 9, 11.5], "texture": "#1"}
			}
		},
		{
			"from": [7, 11, 7],
			"to": [9, 11.5, 9],
			"rotation": {"angle": 0, "axis": "y", "origin": [7.5, 10, 7.5]},
			"faces": {
				"north": {"uv": [9, 10.5, 10, 10.75], "texture": "#1"},
				"east": {"uv": [11, 2, 12, 2.25], "texture": "#1"},
				"south": {"uv": [11, 2.5, 12, 2.75], "texture": "#1"},
				"west": {"uv": [3, 11, 4, 11.25], "texture": "#1"},
				"up": {"uv": [10, 3.5, 9, 2.5], "texture": "#1"},
				"down": {"uv": [10, 3.5, 9, 4.5], "texture": "#1"}
			}
		},
		{
			"from": [7.25, 14.6401, 9.23579],
			"to": [8.75, 16.1401, 11.23579],
			"rotation": {"angle": -22.5, "axis": "x", "origin": [8, 14.83383, 10.36782]},
			"faces": {
				"north": {"uv": [10, 8, 10.75, 8.75], "texture": "#1"},
				"east": {"uv": [9, 7.5, 10, 8.25], "texture": "#1"},
				"south": {"uv": [10, 9, 10.75, 9.75], "texture": "#1"},
				"west": {"uv": [9, 8.5, 10, 9.25], "texture": "#1"},
				"up": {"uv": [10.25, 1, 9.5, 0], "texture": "#1"},
				"down": {"uv": [10.25, 1, 9.5, 2], "texture": "#1"}
			}
		},
		{
			"from": [7.2535, 14.32269, 11.09558],
			"to": [8.7465, 15.72269, 13.09558],
			"rotation": {"angle": -45, "axis": "x", "origin": [8, 14.83383, 10.36782]},
			"faces": {
				"north": {"uv": [10, 10, 10.75, 10.75], "texture": "#1"},
				"east": {"uv": [9, 9.5, 10, 10.25], "texture": "#1"},
				"south": {"uv": [10.5, 0, 11.25, 0.75], "texture": "#1"},
				"west": {"uv": [10, 2, 11, 2.75], "texture": "#1"},
				"up": {"uv": [10.75, 4, 10, 3], "texture": "#1"},
				"down": {"uv": [10.75, 4, 10, 5], "texture": "#1"}
			}
		},
		{
			"from": [7.2535, 10.57481, 8.40836],
			"to": [8.7465, 15.07481, 10.00836],
			"rotation": {"angle": 22.5, "axis": "x", "origin": [8, 14.30119, 9.95411]},
			"faces": {
				"north": {"uv": [3, 8.5, 3.75, 10.75], "texture": "#1"},
				"east": {"uv": [4, 8.5, 4.75, 10.75], "texture": "#1"},
				"south": {"uv": [5, 8.5, 5.75, 10.75], "texture": "#1"},
				"west": {"uv": [6, 8.5, 6.75, 10.75], "texture": "#1"},
				"up": {"uv": [11.25, 1.75, 10.5, 1], "texture": "#1"},
				"down": {"uv": [11.25, 5, 10.5, 5.75], "texture": "#1"}
			}
		},
		{
			"from": [7.985, 10.90442, 7.37903],
			"to": [8.015, 15.40442, 8.47903],
			"rotation": {"angle": 22.5, "axis": "x", "origin": [8.7315, 14.6308, 9.42478]},
			"faces": {
				"east": {"uv": [9.5, 0, 9, 2.25], "texture": "#1"},
				"west": {"uv": [9, 0, 9.5, 2.25], "texture": "#1"}
			}
		},
		{
			"from": [7.985, 0.59558, 7.37903],
			"to": [8.015, 5.09558, 8.47903],
			"rotation": {"angle": -22.5, "axis": "x", "origin": [8.7315, 1.3692, 9.42478]},
			"faces": {
				"east": {"uv": [9.5, 2.25, 9, 0], "texture": "#1"},
				"west": {"uv": [9, 2.25, 9.5, 0], "texture": "#1"}
			}
		},
		{
			"from": [7.5, 14.89117, 11.66812],
			"to": [8.5, 17.39117, 13.16812],
			"rotation": {"angle": -22.5, "axis": "x", "origin": [7.5, 17.39117, 11.66812]},
			"faces": {
				"north": {"uv": [10, 5, 10.5, 6.25], "texture": "#1"},
				"east": {"uv": [9, 4.5, 9.75, 5.75], "texture": "#1"},
				"south": {"uv": [10, 6.5, 10.5, 7.75], "texture": "#1"},
				"west": {"uv": [9, 6, 9.75, 7.25], "texture": "#1"},
				"up": {"uv": [11, 6.75, 10.5, 6], "texture": "#1"},
				"down": {"uv": [11, 7, 10.5, 7.75], "texture": "#1"}
			}
		},
		{
			"from": [7.985, -0.5, 13],
			"to": [8.015, 16.5, 18.5],
			"rotation": {"angle": 0, "axis": "y", "origin": [13.985, -0.5, -8.5]},
			"faces": {
				"east": {"uv": [8.75, 0, 6, 8.5], "texture": "#1"},
				"west": {"uv": [6, 0, 8.75, 8.5], "texture": "#1"}
			}
		},
		{
			"from": [4.7535, 12.39907, 5.10038],
			"to": [7.2535, 12.42907, 13.10038],
			"rotation": {"angle": -22.5, "axis": "x", "origin": [0.2535, 12.39907, 8.10038]},
			"faces": {
				"up": {"uv": [2.75, 12.5, 1.5, 8.5], "texture": "#1"},
				"down": {"uv": [2.75, 8.5, 1.5, 12.5], "texture": "#1"}
			}
		},
		{
			"from": [8.7465, 12.39907, 5.10038],
			"to": [11.2465, 12.42907, 13.10038],
			"rotation": {"angle": -22.5, "axis": "x", "origin": [15.7465, 12.39907, 8.10038]},
			"faces": {
				"up": {"uv": [1.5, 12.5, 2.75, 8.5], "texture": "#1"},
				"down": {"uv": [1.5, 8.5, 2.75, 12.5], "texture": "#1"}
			}
		},
		{
			"from": [7, 4.5, 7],
			"to": [9, 5, 9],
			"rotation": {"angle": 0, "axis": "y", "origin": [7.5, 6, 7.5]},
			"faces": {
				"north": {"uv": [9, 10.75, 10, 10.5], "texture": "#1"},
				"east": {"uv": [11, 2.25, 12, 2], "texture": "#1"},
				"south": {"uv": [11, 2.75, 12, 2.5], "texture": "#1"},
				"west": {"uv": [3, 11.25, 4, 11], "texture": "#1"},
				"up": {"uv": [10, 4.5, 9, 3.5], "texture": "#1"},
				"down": {"uv": [10, 2.5, 9, 3.5], "texture": "#1"}
			}
		},
		{
			"from": [7.25, -0.1401, 9.23579],
			"to": [8.75, 1.3599, 11.23579],
			"rotation": {"angle": 22.5, "axis": "x", "origin": [8, 1.16617, 10.36782]},
			"faces": {
				"north": {"uv": [10, 8.75, 10.75, 8], "texture": "#1"},
				"east": {"uv": [9, 8.25, 10, 7.5], "texture": "#1"},
				"south": {"uv": [10, 9.75, 10.75, 9], "texture": "#1"},
				"west": {"uv": [9, 9.25, 10, 8.5], "texture": "#1"},
				"up": {"uv": [10.25, 2, 9.5, 1], "texture": "#1"},
				"down": {"uv": [10.25, 0, 9.5, 1], "texture": "#1"}
			}
		},
		{
			"from": [7.2535, 0.27731, 11.09558],
			"to": [8.7465, 1.67731, 13.09558],
			"rotation": {"angle": 45, "axis": "x", "origin": [8, 1.16617, 10.36782]},
			"faces": {
				"north": {"uv": [10, 10.75, 10.75, 10], "texture": "#1"},
				"east": {"uv": [9, 10.25, 10, 9.5], "texture": "#1"},
				"south": {"uv": [10.5, 0.75, 11.25, 0], "texture": "#1"},
				"west": {"uv": [10, 2.75, 11, 2], "texture": "#1"},
				"up": {"uv": [10.75, 5, 10, 4], "texture": "#1"},
				"down": {"uv": [10.75, 3, 10, 4], "texture": "#1"}
			}
		},
		{
			"from": [7.2535, 0.92519, 8.40836],
			"to": [8.7465, 5.42519, 10.00836],
			"rotation": {"angle": -22.5, "axis": "x", "origin": [8, 1.69881, 9.95411]},
			"faces": {
				"north": {"uv": [3, 10.75, 3.75, 8.5], "texture": "#1"},
				"east": {"uv": [4, 10.75, 4.75, 8.5], "texture": "#1"},
				"south": {"uv": [5, 10.75, 5.75, 8.5], "texture": "#1"},
				"west": {"uv": [6, 10.75, 6.75, 8.5], "texture": "#1"},
				"up": {"uv": [11.25, 5.75, 10.5, 5], "texture": "#1"},
				"down": {"uv": [11.25, 1, 10.5, 1.75], "texture": "#1"}
			}
		},
		{
			"from": [7.5, -1.39117, 11.66812],
			"to": [8.5, 1.10883, 13.16812],
			"rotation": {"angle": 22.5, "axis": "x", "origin": [7.5, -1.39117, 11.66812]},
			"faces": {
				"north": {"uv": [10, 6.25, 10.5, 5], "texture": "#1"},
				"east": {"uv": [9, 5.75, 9.75, 4.5], "texture": "#1"},
				"south": {"uv": [10, 7.75, 10.5, 6.5], "texture": "#1"},
				"west": {"uv": [9, 7.25, 9.75, 6], "texture": "#1"},
				"up": {"uv": [11, 7.75, 10.5, 7], "texture": "#1"},
				"down": {"uv": [11, 6, 10.5, 6.75], "texture": "#1"}
			}
		},
		{
			"from": [4.7535, 3.57093, 5.10038],
			"to": [7.2535, 3.60093, 13.10038],
			"rotation": {"angle": 22.5, "axis": "x", "origin": [0.2535, 3.60093, 8.10038]},
			"faces": {
				"up": {"uv": [2.75, 12.5, 1.5, 8.5], "texture": "#1"},
				"down": {"uv": [2.75, 8.5, 1.5, 12.5], "texture": "#1"}
			}
		},
		{
			"from": [8.7465, 3.57093, 5.10038],
			"to": [11.2465, 3.60093, 13.10038],
			"rotation": {"angle": 22.5, "axis": "x", "origin": [15.7465, 3.60093, 8.10038]},
			"faces": {
				"up": {"uv": [1.5, 12.5, 2.75, 8.5], "texture": "#1"},
				"down": {"uv": [1.5, 8.5, 2.75, 12.5], "texture": "#1"}
			}
		},
		{
			"from": [6.75, 8, 4.25],
			"to": [9.25, 8.03, 18.25],
			"rotation": {"angle": 45, "axis": "z", "origin": [8, 8.015, 11.25]},
			"faces": {
				"up": {"uv": [1.25, 15.5, 0, 8.5], "texture": "#1"},
				"down": {"uv": [1.25, 8.5, 0, 15.5], "texture": "#1"}
			}
		},
		{
			"from": [6.75, 8, 4.25],
			"to": [9.25, 8.03, 18.25],
			"rotation": {"angle": -45, "axis": "z", "origin": [8, 8.015, 11.25]},
			"faces": {
				"up": {"uv": [1.25, 15.5, 0, 8.5], "texture": "#1"},
				"down": {"uv": [1.25, 8.5, 0, 15.5], "texture": "#1"}
			}
		}
	],
	"gui_light": "front",
	"display": {
		"thirdperson_righthand": {
			"translation": [0, -2, 0.75]
		},
		"thirdperson_lefthand": {
			"translation": [0, -2, 0.75]
		},
		"firstperson_righthand": {
			"rotation": [23, 16, 0],
			"translation": [3, 4.75, -5.75]
		},
		"firstperson_lefthand": {
			"rotation": [22.08, -24.76, 1.14],
			"translation": [6.5, 3.25, -2]
		},
		"ground": {
			"rotation": [45, 0, 0],
			"translation": [0, 5, 0],
			"scale": [0.8, 0.8, 0.8]
		},
		"gui": {
			"rotation": [90, 45, 90],
			"translation": [-2.75, 2.75, 0]
		},
		"head": {
			"rotation": [90, -45, 90]
		},
		"fixed": {
			"rotation": [0, -90, 0],
			"translation": [0, 0, -1],
			"scale": [2, 2, 2]
		}
	}
}