{
	"credit": "Made with Blockbench",
	"texture_size": [48, 48],
	"textures": {
		"0": "shogunset/chest",
		"particle": "shogunset/chest"
	},
	"elements": [
		{
			"from": [2, 0, 2],
			"to": [4, 1, 4],
			"faces": {
				"north": {"uv": [12, 1, 12.66667, 1.33333], "texture": "#0"},
				"east": {"uv": [12.66667, 1, 13.33333, 1.33333], "texture": "#0"},
				"south": {"uv": [12, 12.66667, 12.66667, 13], "texture": "#0"},
				"west": {"uv": [12.66667, 12.66667, 13.33333, 13], "texture": "#0"},
				"up": {"uv": [7.33333, 12.66667, 6.66667, 12], "texture": "#0"},
				"down": {"uv": [8, 12, 7.33333, 12.66667], "texture": "#0"}
			}
		},
		{
			"from": [2.5, 1.5, 2.5],
			"to": [3.5, 4.5, 3.5],
			"faces": {
				"north": {"uv": [10, 12.33333, 10.33333, 13.33333], "texture": "#0"},
				"east": {"uv": [10.33333, 12.33333, 10.66667, 13.33333], "texture": "#0"},
				"south": {"uv": [10.66667, 12.33333, 11, 13.33333], "texture": "#0"},
				"west": {"uv": [11, 12.33333, 11.33333, 13.33333], "texture": "#0"}
			}
		},
		{
			"from": [2.5, 0.5, 2.5],
			"to": [13.5, 1.5, 13.5],
			"rotation": {"angle": 0, "axis": "y", "origin": [16, 0, 0]},
			"faces": {
				"north": {"uv": [11.66667, 4.66667, 15.33333, 5], "texture": "#0"},
				"east": {"uv": [11.66667, 5, 15.33333, 5.33333], "texture": "#0"},
				"south": {"uv": [11.66667, 5.33333, 15.33333, 5.66667], "texture": "#0"},
				"west": {"uv": [11.66667, 5.66667, 15.33333, 6], "texture": "#0"},
				"up": {"uv": [8, 7.66667, 4.33333, 4], "texture": "#0"},
				"down": {"uv": [8, 7.66667, 4.33333, 11.33333], "texture": "#0"}
			}
		},
		{
			"from": [2.5, 4.5, 2.5],
			"to": [13.5, 5.5, 13.5],
			"rotation": {"angle": 0, "axis": "y", "origin": [16, 0, 0]},
			"faces": {
				"north": {"uv": [11.66667, 6, 15.33333, 6.33333], "texture": "#0"},
				"east": {"uv": [11.66667, 6.33333, 15.33333, 6.66667], "texture": "#0"},
				"south": {"uv": [11.66667, 6.66667, 15.33333, 7], "texture": "#0"},
				"west": {"uv": [11.66667, 7, 15.33333, 7.33333], "texture": "#0"},
				"up": {"uv": [11.66667, 7.66667, 8, 4], "texture": "#0"},
				"down": {"uv": [11.66667, 7.66667, 8, 11.33333], "texture": "#0"}
			}
		},
		{
			"from": [3, 1.5, 3],
			"to": [13, 4.5, 13],
			"rotation": {"angle": 0, "axis": "y", "origin": [16, 0, 0]},
			"faces": {
				"north": {"uv": [0, 9.66667, 3.33333, 10.66667], "texture": "#0"},
				"east": {"uv": [0, 10.66667, 3.33333, 11.66667], "texture": "#0"},
				"south": {"uv": [11, 1.33333, 14.33333, 2.33333], "texture": "#0"},
				"west": {"uv": [11, 2.33333, 14.33333, 3.33333], "texture": "#0"}
			}
		},
		{
			"from": [7.5, 2.5, 1.5],
			"to": [10.5, 5.5, 3],
			"rotation": {"angle": 45, "axis": "z", "origin": [8, 3, 2]},
			"faces": {
				"north": {"uv": [3.33333, 9.66667, 4.33333, 10.66667], "texture": "#0"},
				"east": {"uv": [4.33333, 12, 4.83333, 13], "texture": "#0"},
				"south": {"uv": [11.33333, 11.66667, 12.33333, 12.66667], "texture": "#0"},
				"west": {"uv": [5, 12, 5.5, 13], "texture": "#0"},
				"up": {"uv": [4.33333, 11.16667, 3.33333, 10.66667], "texture": "#0"},
				"down": {"uv": [6.66667, 12, 5.66667, 12.5], "texture": "#0"}
			}
		},
		{
			"from": [12, 0, 2],
			"to": [14, 1, 4],
			"rotation": {"angle": 0, "axis": "y", "origin": [16, 0, 0]},
			"faces": {
				"north": {"uv": [12.66667, 1, 12, 1.33333], "texture": "#0"},
				"east": {"uv": [13.33333, 12.66667, 12.66667, 13], "texture": "#0"},
				"south": {"uv": [12.66667, 12.66667, 12, 13], "texture": "#0"},
				"west": {"uv": [13.33333, 1, 12.66667, 1.33333], "texture": "#0"},
				"up": {"uv": [6.66667, 12.66667, 7.33333, 12], "texture": "#0"},
				"down": {"uv": [7.33333, 12, 8, 12.66667], "texture": "#0"}
			}
		},
		{
			"from": [2, 0, 12],
			"to": [4, 1, 14],
			"rotation": {"angle": 0, "axis": "y", "origin": [0, 0, 16]},
			"faces": {
				"north": {"uv": [12.66667, 12.66667, 12, 13], "texture": "#0"},
				"east": {"uv": [13.33333, 1, 12.66667, 1.33333], "texture": "#0"},
				"south": {"uv": [12.66667, 1, 12, 1.33333], "texture": "#0"},
				"west": {"uv": [13.33333, 12.66667, 12.66667, 13], "texture": "#0"},
				"up": {"uv": [7.33333, 12, 6.66667, 12.66667], "texture": "#0"},
				"down": {"uv": [8, 12.66667, 7.33333, 12], "texture": "#0"}
			}
		},
		{
			"from": [12, 0, 12],
			"to": [14, 1, 14],
			"rotation": {"angle": 0, "axis": "y", "origin": [16, 0, 16]},
			"faces": {
				"north": {"uv": [12, 12.66667, 12.66667, 13], "texture": "#0"},
				"east": {"uv": [12.66667, 12.66667, 13.33333, 13], "texture": "#0"},
				"south": {"uv": [12, 1, 12.66667, 1.33333], "texture": "#0"},
				"west": {"uv": [12.66667, 1, 13.33333, 1.33333], "texture": "#0"},
				"up": {"uv": [6.66667, 12, 7.33333, 12.66667], "texture": "#0"},
				"down": {"uv": [7.33333, 12.66667, 8, 12], "texture": "#0"}
			}
		},
		{
			"from": [12.5, 1.5, 2.5],
			"to": [13.5, 4.5, 3.5],
			"rotation": {"angle": 0, "axis": "y", "origin": [16, 0, 0]},
			"faces": {
				"north": {"uv": [10.33333, 12.33333, 10, 13.33333], "texture": "#0"},
				"east": {"uv": [11.33333, 12.33333, 11, 13.33333], "texture": "#0"},
				"south": {"uv": [11, 12.33333, 10.66667, 13.33333], "texture": "#0"},
				"west": {"uv": [10.66667, 12.33333, 10.33333, 13.33333], "texture": "#0"}
			}
		},
		{
			"from": [2.5, 1.5, 12.5],
			"to": [3.5, 4.5, 13.5],
			"rotation": {"angle": 0, "axis": "y", "origin": [0, 0, 16]},
			"faces": {
				"north": {"uv": [11, 12.33333, 10.66667, 13.33333], "texture": "#0"},
				"east": {"uv": [10.66667, 12.33333, 10.33333, 13.33333], "texture": "#0"},
				"south": {"uv": [10.33333, 12.33333, 10, 13.33333], "texture": "#0"},
				"west": {"uv": [11.33333, 12.33333, 11, 13.33333], "texture": "#0"}
			}
		},
		{
			"from": [12.5, 1.5, 12.5],
			"to": [13.5, 4.5, 13.5],
			"rotation": {"angle": 0, "axis": "y", "origin": [16, 0, 16]},
			"faces": {
				"north": {"uv": [10.66667, 12.33333, 11, 13.33333], "texture": "#0"},
				"east": {"uv": [11, 12.33333, 11.33333, 13.33333], "texture": "#0"},
				"south": {"uv": [10, 12.33333, 10.33333, 13.33333], "texture": "#0"},
				"west": {"uv": [10.33333, 12.33333, 10.66667, 13.33333], "texture": "#0"}
			}
		},
		{
			"from": [2, 6.5, 2],
			"to": [14, 7.5, 14],
			"rotation": {"angle": 0, "axis": "y", "origin": [16, 1, 0]},
			"faces": {
				"north": {"uv": [0, 11.66667, 4, 12], "texture": "#0"},
				"east": {"uv": [4, 11.66667, 8, 12], "texture": "#0"},
				"south": {"uv": [11.66667, 4, 15.66667, 4.33333], "texture": "#0"},
				"west": {"uv": [11.66667, 4.33333, 15.66667, 4.66667], "texture": "#0"},
				"up": {"uv": [8.33333, 4, 4.33333, 0], "texture": "#0"}
			}
		},
		{
			"from": [1.75, 5.5, 1.75],
			"to": [14.25, 6.5, 14.25],
			"rotation": {"angle": 0, "axis": "y", "origin": [16, 0, 0]},
			"faces": {
				"north": {"uv": [8.33333, 3.33333, 12.5, 3.66667], "texture": "#0"},
				"east": {"uv": [8.33333, 3.66667, 12.5, 4], "texture": "#0"},
				"south": {"uv": [3.33333, 11.33333, 7.5, 11.66667], "texture": "#0"},
				"west": {"uv": [7.66667, 11.33333, 11.83333, 11.66667], "texture": "#0"},
				"up": {"uv": [4.16667, 4.16667, 0, 0], "texture": "#0"},
				"down": {"uv": [4.16667, 4.33333, 0, 8.5], "texture": "#0"}
			}
		},
		{
			"from": [2.0035, 12.33964, 6.29874],
			"to": [3.4965, 13.58964, 8.29874],
			"rotation": {"angle": 22.5, "axis": "x", "origin": [4.2465, 14.10395, 6.91325]},
			"faces": {
				"north": {"uv": [12.66667, 3.33333, 13.16667, 3.83333], "texture": "#0"},
				"east": {"uv": [12.33333, 11.33333, 13, 11.83333], "texture": "#0"},
				"south": {"uv": [6.33333, 12.66667, 6.83333, 13.16667], "texture": "#0"},
				"west": {"uv": [12.33333, 12, 13, 12.5], "texture": "#0"},
				"up": {"uv": [1.5, 13.33333, 1, 12.66667], "texture": "#0"},
				"down": {"uv": [2.16667, 12.66667, 1.66667, 13.33333], "texture": "#0"}
			}
		},
		{
			"from": [2.2535, 9.34461, 6.66173],
			"to": [3.2465, 12.34461, 8.04973],
			"rotation": {"angle": 22.5, "axis": "x", "origin": [4.2465, 14.10892, 6.90124]},
			"faces": {
				"north": {"uv": [2.33333, 12.66667, 2.66667, 13.66667], "texture": "#0"},
				"east": {"uv": [3.66667, 8.66667, 4.16667, 9.66667], "texture": "#0"},
				"south": {"uv": [2.66667, 12.66667, 3, 13.66667], "texture": "#0"},
				"west": {"uv": [3.66667, 12, 4.16667, 13], "texture": "#0"}
			}
		},
		{
			"from": [2.25, 9.31802, -1.76041],
			"to": [3.25, 10.81802, 2.23959],
			"rotation": {"angle": -45, "axis": "x", "origin": [4.25, 14, 4.25]},
			"faces": {
				"east": {"uv": [1, 12, 2.33333, 12.5], "texture": "#0"},
				"south": {"uv": [7.66667, 12.66667, 8, 13.16667], "texture": "#0"},
				"west": {"uv": [2.33333, 12, 3.66667, 12.5], "texture": "#0"},
				"up": {"uv": [8.33333, 13.66667, 8, 12.33333], "texture": "#0"},
				"down": {"uv": [8.66667, 12.33333, 8.33333, 13.66667], "texture": "#0"}
			}
		},
		{
			"from": [2.25, 10.81802, -1.76041],
			"to": [3.25, 12.31802, -0.26041],
			"rotation": {"angle": -45, "axis": "x", "origin": [4.25, 14, 4.25]},
			"faces": {
				"north": {"uv": [0.66667, 13, 1, 13.5], "texture": "#0"},
				"east": {"uv": [7, 12.66667, 7.5, 13.16667], "texture": "#0"},
				"south": {"uv": [3.66667, 13, 4, 13.5], "texture": "#0"},
				"west": {"uv": [11.33333, 12.66667, 11.83333, 13.16667], "texture": "#0"},
				"up": {"uv": [4.33333, 13.5, 4, 13], "texture": "#0"}
			}
		},
		{
			"from": [2.25, 11.81802, -0.26041],
			"to": [3.25, 12.31802, 0.23959],
			"rotation": {"angle": -45, "axis": "x", "origin": [4.25, 14, 4.25]},
			"faces": {
				"east": {"uv": [5, 13, 5.16667, 13.16667], "texture": "#0"},
				"south": {"uv": [12, 11.33333, 12.33333, 11.5], "texture": "#0"},
				"west": {"uv": [5.33333, 13, 5.5, 13.16667], "texture": "#0"},
				"up": {"uv": [4.66667, 13.16667, 4.33333, 13], "texture": "#0"},
				"down": {"uv": [5, 13, 4.66667, 13.16667], "texture": "#0"}
			}
		},
		{
			"from": [2.75, 10.31802, -1.26041],
			"to": [13.25, 10.31802, 2.73959],
			"rotation": {"angle": -45, "axis": "x", "origin": [4.25, 14, 4.75]},
			"faces": {
				"up": {"uv": [11.83333, 1.33333, 8.33333, 0], "texture": "#0"}
			}
		},
		{
			"from": [2.75, 11.23158, 6.9809],
			"to": [13.25, 14.23158, 6.9809],
			"rotation": {"angle": 22.5, "axis": "x", "origin": [4.25, 13.24199, 3.29892]},
			"faces": {
				"north": {"uv": [0, 8.66667, 3.5, 9.66667], "texture": "#0"}
			}
		},
		{
			"from": [2.5, 7.5, 4.25],
			"to": [2.5, 13, 11.75],
			"rotation": {"angle": 0, "axis": "y", "origin": [2.25, 9.5, 8]},
			"faces": {
				"west": {"uv": [8.33333, 1.33333, 10.83333, 3.16667], "texture": "#0"}
			}
		},
		{
			"from": [5.5, 11.25, 7],
			"to": [10.5, 13.25, 9],
			"rotation": {"angle": 0, "axis": "y", "origin": [5.5, -2.75, 7]},
			"faces": {
				"north": {"uv": [11.66667, 7.33333, 13.33333, 8], "texture": "#0"},
				"south": {"uv": [8, 11.66667, 9.66667, 12.33333], "texture": "#0"},
				"up": {"uv": [13.33333, 8.66667, 11.66667, 8], "texture": "#0"},
				"down": {"uv": [13.33333, 8.66667, 11.66667, 9.33333], "texture": "#0"}
			}
		},
		{
			"from": [5.25, 10.25, 6.75],
			"to": [6.25, 12.75, 9.25],
			"rotation": {"angle": -22.5, "axis": "z", "origin": [8, 12.25, 8]},
			"faces": {
				"north": {"uv": [3, 12.66667, 3.33333, 13.5], "texture": "#0"},
				"east": {"uv": [0, 12, 0.83333, 12.83333], "texture": "#0"},
				"south": {"uv": [3.33333, 12.66667, 3.66667, 13.5], "texture": "#0"},
				"west": {"uv": [12, 0, 12.83333, 0.83333], "texture": "#0"},
				"up": {"uv": [6, 13.5, 5.66667, 12.66667], "texture": "#0"},
				"down": {"uv": [6.33333, 12.66667, 6, 13.5], "texture": "#0"}
			}
		},
		{
			"from": [1.03492, 13.93925, 7],
			"to": [3.03492, 14.93925, 9],
			"rotation": {"angle": -22.5, "axis": "z", "origin": [4.03492, 12.93925, 8]},
			"faces": {
				"north": {"uv": [0, 13, 0.66667, 13.33333], "texture": "#0"},
				"east": {"uv": [13, 0, 13.66667, 0.33333], "texture": "#0"},
				"south": {"uv": [13, 0.33333, 13.66667, 0.66667], "texture": "#0"},
				"west": {"uv": [13, 0.66667, 13.66667, 1], "texture": "#0"},
				"up": {"uv": [9.33333, 13, 8.66667, 12.33333], "texture": "#0"}
			}
		},
		{
			"from": [1.03492, 11.93925, 7],
			"to": [6.03492, 13.93925, 9],
			"rotation": {"angle": -22.5, "axis": "z", "origin": [4.03492, 12.93925, 8]},
			"faces": {
				"north": {"uv": [11.66667, 9.33333, 13.33333, 10], "texture": "#0"},
				"south": {"uv": [9.66667, 11.66667, 11.33333, 12.33333], "texture": "#0"},
				"west": {"uv": [9.33333, 12.33333, 10, 13], "texture": "#0"},
				"up": {"uv": [13.33333, 10.66667, 11.66667, 10], "texture": "#0"},
				"down": {"uv": [13.33333, 10.66667, 11.66667, 11.33333], "texture": "#0"}
			}
		},
		{
			"from": [12.75, 11.81802, -0.26041],
			"to": [13.75, 12.31802, 0.23959],
			"rotation": {"angle": -45, "axis": "x", "origin": [11.75, 14, 4.25]},
			"faces": {
				"east": {"uv": [5.5, 13, 5.33333, 13.16667], "texture": "#0"},
				"south": {"uv": [12.33333, 11.33333, 12, 11.5], "texture": "#0"},
				"west": {"uv": [5.16667, 13, 5, 13.16667], "texture": "#0"},
				"up": {"uv": [4.33333, 13.16667, 4.66667, 13], "texture": "#0"},
				"down": {"uv": [4.66667, 13, 5, 13.16667], "texture": "#0"}
			}
		},
		{
			"from": [12.75, 10.81802, -1.76041],
			"to": [13.75, 12.31802, -0.26041],
			"rotation": {"angle": -45, "axis": "x", "origin": [11.75, 14, 4.25]},
			"faces": {
				"north": {"uv": [1, 13, 0.66667, 13.5], "texture": "#0"},
				"east": {"uv": [11.83333, 12.66667, 11.33333, 13.16667], "texture": "#0"},
				"south": {"uv": [4, 13, 3.66667, 13.5], "texture": "#0"},
				"west": {"uv": [7.5, 12.66667, 7, 13.16667], "texture": "#0"},
				"up": {"uv": [4, 13.5, 4.33333, 13], "texture": "#0"}
			}
		},
		{
			"from": [12.75, 9.31802, -1.76041],
			"to": [13.75, 10.81802, 2.23959],
			"rotation": {"angle": -45, "axis": "x", "origin": [11.75, 14, 4.25]},
			"faces": {
				"east": {"uv": [3.66667, 12, 2.33333, 12.5], "texture": "#0"},
				"south": {"uv": [8, 12.66667, 7.66667, 13.16667], "texture": "#0"},
				"west": {"uv": [2.33333, 12, 1, 12.5], "texture": "#0"},
				"up": {"uv": [8, 13.66667, 8.33333, 12.33333], "texture": "#0"},
				"down": {"uv": [8.33333, 12.33333, 8.66667, 13.66667], "texture": "#0"}
			}
		},
		{
			"from": [12.7535, 9.34461, 6.66173],
			"to": [13.7465, 12.34461, 8.04973],
			"rotation": {"angle": 22.5, "axis": "x", "origin": [11.7535, 14.10892, 6.90124]},
			"faces": {
				"north": {"uv": [2.66667, 12.66667, 2.33333, 13.66667], "texture": "#0"},
				"east": {"uv": [4.16667, 12, 3.66667, 13], "texture": "#0"},
				"south": {"uv": [3, 12.66667, 2.66667, 13.66667], "texture": "#0"},
				"west": {"uv": [4.16667, 8.66667, 3.66667, 9.66667], "texture": "#0"}
			}
		},
		{
			"from": [12.5035, 12.33964, 6.29874],
			"to": [13.9965, 13.58964, 8.29874],
			"rotation": {"angle": 22.5, "axis": "x", "origin": [11.7535, 14.10395, 6.91325]},
			"faces": {
				"north": {"uv": [13.16667, 3.33333, 12.66667, 3.83333], "texture": "#0"},
				"east": {"uv": [13, 12, 12.33333, 12.5], "texture": "#0"},
				"south": {"uv": [6.83333, 12.66667, 6.33333, 13.16667], "texture": "#0"},
				"west": {"uv": [13, 11.33333, 12.33333, 11.83333], "texture": "#0"},
				"up": {"uv": [1, 13.33333, 1.5, 12.66667], "texture": "#0"},
				"down": {"uv": [1.66667, 12.66667, 2.16667, 13.33333], "texture": "#0"}
			}
		},
		{
			"from": [2.25, 11.81802, 15.76041],
			"to": [3.25, 12.31802, 16.26041],
			"rotation": {"angle": 45, "axis": "x", "origin": [4.25, 14, 11.75]},
			"faces": {
				"north": {"uv": [12.33333, 11.33333, 12, 11.5], "texture": "#0"},
				"east": {"uv": [5.16667, 13, 5, 13.16667], "texture": "#0"},
				"west": {"uv": [5.5, 13, 5.33333, 13.16667], "texture": "#0"},
				"up": {"uv": [4.66667, 13, 4.33333, 13.16667], "texture": "#0"},
				"down": {"uv": [5, 13.16667, 4.66667, 13], "texture": "#0"}
			}
		},
		{
			"from": [2.25, 10.81802, 16.26041],
			"to": [3.25, 12.31802, 17.76041],
			"rotation": {"angle": 45, "axis": "x", "origin": [4.25, 14, 11.75]},
			"faces": {
				"north": {"uv": [4, 13, 3.66667, 13.5], "texture": "#0"},
				"east": {"uv": [7.5, 12.66667, 7, 13.16667], "texture": "#0"},
				"south": {"uv": [1, 13, 0.66667, 13.5], "texture": "#0"},
				"west": {"uv": [11.83333, 12.66667, 11.33333, 13.16667], "texture": "#0"},
				"up": {"uv": [4.33333, 13, 4, 13.5], "texture": "#0"}
			}
		},
		{
			"from": [2.25, 9.31802, 13.76041],
			"to": [3.25, 10.81802, 17.76041],
			"rotation": {"angle": 45, "axis": "x", "origin": [4.25, 14, 11.75]},
			"faces": {
				"north": {"uv": [8, 12.66667, 7.66667, 13.16667], "texture": "#0"},
				"east": {"uv": [2.33333, 12, 1, 12.5], "texture": "#0"},
				"west": {"uv": [3.66667, 12, 2.33333, 12.5], "texture": "#0"},
				"up": {"uv": [8.33333, 12.33333, 8, 13.66667], "texture": "#0"},
				"down": {"uv": [8.66667, 13.66667, 8.33333, 12.33333], "texture": "#0"}
			}
		},
		{
			"from": [2.2535, 9.34461, 7.95027],
			"to": [3.2465, 12.34461, 9.33827],
			"rotation": {"angle": -22.5, "axis": "x", "origin": [4.2465, 14.10892, 9.09876]},
			"faces": {
				"north": {"uv": [3, 12.66667, 2.66667, 13.66667], "texture": "#0"},
				"east": {"uv": [4.16667, 8.66667, 3.66667, 9.66667], "texture": "#0"},
				"south": {"uv": [2.66667, 12.66667, 2.33333, 13.66667], "texture": "#0"},
				"west": {"uv": [4.16667, 12, 3.66667, 13], "texture": "#0"}
			}
		},
		{
			"from": [2.0035, 12.33964, 7.70126],
			"to": [3.4965, 13.58964, 9.70126],
			"rotation": {"angle": -22.5, "axis": "x", "origin": [4.2465, 14.10395, 9.08675]},
			"faces": {
				"north": {"uv": [6.83333, 12.66667, 6.33333, 13.16667], "texture": "#0"},
				"east": {"uv": [13, 11.33333, 12.33333, 11.83333], "texture": "#0"},
				"south": {"uv": [13.16667, 3.33333, 12.66667, 3.83333], "texture": "#0"},
				"west": {"uv": [13, 12, 12.33333, 12.5], "texture": "#0"},
				"up": {"uv": [1.5, 12.66667, 1, 13.33333], "texture": "#0"},
				"down": {"uv": [2.16667, 13.33333, 1.66667, 12.66667], "texture": "#0"}
			}
		},
		{
			"from": [12.75, 11.81802, 15.76041],
			"to": [13.75, 12.31802, 16.26041],
			"rotation": {"angle": 45, "axis": "x", "origin": [11.75, 14, 11.75]},
			"faces": {
				"north": {"uv": [12, 11.33333, 12.33333, 11.5], "texture": "#0"},
				"east": {"uv": [5.33333, 13, 5.5, 13.16667], "texture": "#0"},
				"west": {"uv": [5, 13, 5.16667, 13.16667], "texture": "#0"},
				"up": {"uv": [4.33333, 13, 4.66667, 13.16667], "texture": "#0"},
				"down": {"uv": [4.66667, 13.16667, 5, 13], "texture": "#0"}
			}
		},
		{
			"from": [12.75, 10.81802, 16.26041],
			"to": [13.75, 12.31802, 17.76041],
			"rotation": {"angle": 45, "axis": "x", "origin": [11.75, 14, 11.75]},
			"faces": {
				"north": {"uv": [3.66667, 13, 4, 13.5], "texture": "#0"},
				"east": {"uv": [11.33333, 12.66667, 11.83333, 13.16667], "texture": "#0"},
				"south": {"uv": [0.66667, 13, 1, 13.5], "texture": "#0"},
				"west": {"uv": [7, 12.66667, 7.5, 13.16667], "texture": "#0"},
				"up": {"uv": [4, 13, 4.33333, 13.5], "texture": "#0"}
			}
		},
		{
			"from": [12.75, 9.31802, 13.76041],
			"to": [13.75, 10.81802, 17.76041],
			"rotation": {"angle": 45, "axis": "x", "origin": [11.75, 14, 11.75]},
			"faces": {
				"north": {"uv": [7.66667, 12.66667, 8, 13.16667], "texture": "#0"},
				"east": {"uv": [2.33333, 12, 3.66667, 12.5], "texture": "#0"},
				"west": {"uv": [1, 12, 2.33333, 12.5], "texture": "#0"},
				"up": {"uv": [8, 12.33333, 8.33333, 13.66667], "texture": "#0"},
				"down": {"uv": [8.33333, 13.66667, 8.66667, 12.33333], "texture": "#0"}
			}
		},
		{
			"from": [12.7535, 9.34461, 7.95027],
			"to": [13.7465, 12.34461, 9.33827],
			"rotation": {"angle": -22.5, "axis": "x", "origin": [11.7535, 14.10892, 9.09876]},
			"faces": {
				"north": {"uv": [2.66667, 12.66667, 3, 13.66667], "texture": "#0"},
				"east": {"uv": [3.66667, 12, 4.16667, 13], "texture": "#0"},
				"south": {"uv": [2.33333, 12.66667, 2.66667, 13.66667], "texture": "#0"},
				"west": {"uv": [3.66667, 8.66667, 4.16667, 9.66667], "texture": "#0"}
			}
		},
		{
			"from": [12.5035, 12.33964, 7.70126],
			"to": [13.9965, 13.58964, 9.70126],
			"rotation": {"angle": -22.5, "axis": "x", "origin": [11.7535, 14.10395, 9.08675]},
			"faces": {
				"north": {"uv": [6.33333, 12.66667, 6.83333, 13.16667], "texture": "#0"},
				"east": {"uv": [12.33333, 12, 13, 12.5], "texture": "#0"},
				"south": {"uv": [12.66667, 3.33333, 13.16667, 3.83333], "texture": "#0"},
				"west": {"uv": [12.33333, 11.33333, 13, 11.83333], "texture": "#0"},
				"up": {"uv": [1, 12.66667, 1.5, 13.33333], "texture": "#0"},
				"down": {"uv": [1.66667, 13.33333, 2.16667, 12.66667], "texture": "#0"}
			}
		},
		{
			"from": [9.75, 10.25, 6.75],
			"to": [10.75, 12.75, 9.25],
			"rotation": {"angle": 22.5, "axis": "z", "origin": [8, 12.25, 8]},
			"faces": {
				"north": {"uv": [3.33333, 12.66667, 3, 13.5], "texture": "#0"},
				"east": {"uv": [12.83333, 0, 12, 0.83333], "texture": "#0"},
				"south": {"uv": [3.66667, 12.66667, 3.33333, 13.5], "texture": "#0"},
				"west": {"uv": [0.83333, 12, 0, 12.83333], "texture": "#0"},
				"up": {"uv": [5.66667, 13.5, 6, 12.66667], "texture": "#0"},
				"down": {"uv": [6, 12.66667, 6.33333, 13.5], "texture": "#0"}
			}
		},
		{
			"from": [12.96508, 13.93925, 7],
			"to": [14.96508, 14.93925, 9],
			"rotation": {"angle": 22.5, "axis": "z", "origin": [11.96508, 12.93925, 8]},
			"faces": {
				"north": {"uv": [0.66667, 13, 0, 13.33333], "texture": "#0"},
				"east": {"uv": [13.66667, 0.66667, 13, 1], "texture": "#0"},
				"south": {"uv": [13.66667, 0.33333, 13, 0.66667], "texture": "#0"},
				"west": {"uv": [13.66667, 0, 13, 0.33333], "texture": "#0"},
				"up": {"uv": [8.66667, 13, 9.33333, 12.33333], "texture": "#0"}
			}
		},
		{
			"from": [9.96508, 11.93925, 7],
			"to": [14.96508, 13.93925, 9],
			"rotation": {"angle": 22.5, "axis": "z", "origin": [11.96508, 12.93925, 8]},
			"faces": {
				"north": {"uv": [13.33333, 9.33333, 11.66667, 10], "texture": "#0"},
				"east": {"uv": [10, 12.33333, 9.33333, 13], "texture": "#0"},
				"south": {"uv": [11.33333, 11.66667, 9.66667, 12.33333], "texture": "#0"},
				"up": {"uv": [11.66667, 10.66667, 13.33333, 10], "texture": "#0"},
				"down": {"uv": [11.66667, 10.66667, 13.33333, 11.33333], "texture": "#0"}
			}
		},
		{
			"from": [13.5, 7.5, 4.25],
			"to": [13.5, 13, 11.75],
			"rotation": {"angle": 0, "axis": "y", "origin": [13.75, 9.5, 8]},
			"faces": {
				"east": {"uv": [10.83333, 1.33333, 8.33333, 3.16667], "texture": "#0"}
			}
		},
		{
			"from": [2.75, 10.31802, 13.26041],
			"to": [13.25, 10.31802, 17.26041],
			"rotation": {"angle": 45, "axis": "x", "origin": [4.25, 14, 11.25]},
			"faces": {
				"up": {"uv": [11.83333, 0, 8.33333, 1.33333], "texture": "#0"}
			}
		},
		{
			"from": [2.75, 11.23158, 9.0191],
			"to": [13.25, 14.23158, 9.0191],
			"rotation": {"angle": -22.5, "axis": "x", "origin": [4.25, 13.24199, 12.70108]},
			"faces": {
				"south": {"uv": [3.5, 8.66667, 0, 9.66667], "texture": "#0"}
			}
		},
		{
			"from": [2.72, 10.32843, 3.07842],
			"to": [2.75, 11.32843, 4.57842],
			"rotation": {"angle": -45, "axis": "x", "origin": [3.22, 10.32843, 5.07842]},
			"faces": {
				"east": {"uv": [14, 7.5, 13.5, 7.83333], "texture": "#0"},
				"west": {"uv": [13.5, 7.5, 14, 7.83333], "texture": "#0"}
			}
		},
		{
			"from": [2.72, 10.32843, 4.07842],
			"to": [2.75, 11.82843, 5.07842],
			"rotation": {"angle": 22.5, "axis": "x", "origin": [3.22, 10.32843, 5.07842]},
			"faces": {
				"east": {"uv": [14, 7.5, 13.5, 7.83333], "rotation": 90, "texture": "#0"},
				"west": {"uv": [13.5, 7.5, 14, 7.83333], "rotation": 270, "texture": "#0"}
			}
		},
		{
			"from": [13.25, 10.32843, 4.07842],
			"to": [13.28, 11.82843, 5.07842],
			"rotation": {"angle": 22.5, "axis": "x", "origin": [12.78, 10.32843, 5.07842]},
			"faces": {
				"east": {"uv": [13.5, 7.83333, 14, 7.5], "rotation": 270, "texture": "#0"},
				"west": {"uv": [14, 7.83333, 13.5, 7.5], "rotation": 90, "texture": "#0"}
			}
		},
		{
			"from": [13.25, 10.32843, 3.07842],
			"to": [13.28, 11.32843, 4.57842],
			"rotation": {"angle": -45, "axis": "x", "origin": [12.78, 10.32843, 5.07842]},
			"faces": {
				"east": {"uv": [14, 7.5, 13.5, 7.83333], "texture": "#0"},
				"west": {"uv": [13.5, 7.5, 14, 7.83333], "texture": "#0"}
			}
		},
		{
			"from": [2.72, 10.32843, 10.92158],
			"to": [2.75, 11.82843, 11.92158],
			"rotation": {"angle": -22.5, "axis": "x", "origin": [3.22, 10.32843, 10.92158]},
			"faces": {
				"east": {"uv": [14, 7.83333, 13.5, 7.5], "rotation": 90, "texture": "#0"},
				"west": {"uv": [13.5, 7.83333, 14, 7.5], "rotation": 270, "texture": "#0"}
			}
		},
		{
			"from": [13.25, 10.32843, 10.92158],
			"to": [13.28, 11.82843, 11.92158],
			"rotation": {"angle": -22.5, "axis": "x", "origin": [12.78, 10.32843, 10.92158]},
			"faces": {
				"east": {"uv": [13.5, 7.5, 14, 7.83333], "rotation": 270, "texture": "#0"},
				"west": {"uv": [14, 7.5, 13.5, 7.83333], "rotation": 90, "texture": "#0"}
			}
		},
		{
			"from": [13.25, 10.32843, 11.42158],
			"to": [13.28, 11.32843, 12.92158],
			"rotation": {"angle": 45, "axis": "x", "origin": [12.78, 10.32843, 10.92158]},
			"faces": {
				"east": {"uv": [13.5, 7.5, 14, 7.83333], "texture": "#0"},
				"west": {"uv": [14, 7.5, 13.5, 7.83333], "texture": "#0"}
			}
		},
		{
			"from": [2.72, 10.32843, 11.42158],
			"to": [2.75, 11.32843, 12.92158],
			"rotation": {"angle": 45, "axis": "x", "origin": [3.22, 10.32843, 10.92158]},
			"faces": {
				"east": {"uv": [13.5, 7.5, 14, 7.83333], "texture": "#0"},
				"west": {"uv": [14, 7.5, 13.5, 7.83333], "texture": "#0"}
			}
		}
	],
	"gui_light": "front",
	"display": {
		"thirdperson_righthand": {
			"rotation": [54.75, 0, 0],
			"translation": [0, 5, 3],
			"scale": [0.7, 0.7, 0.7]
		},
		"thirdperson_lefthand": {
			"rotation": [54.75, 0, 0],
			"translation": [0, 5, 3],
			"scale": [0.7, 0.7, 0.7]
		},
		"firstperson_righthand": {
			"rotation": [160, 0, -180],
			"translation": [0, 4.75, -4.75]
		},
		"firstperson_lefthand": {
			"rotation": [160, 0, -180],
			"translation": [0, 4.75, -4.75]
		},
		"ground": {
			"translation": [0, 5, 0]
		},
		"gui": {
			"rotation": [0, 135, 0]
		},
		"head": {
			"rotation": [0, 180, 0],
			"translation": [0, -24.75, 0],
			"scale": [2.2, 2.2, 2.2]
		},
		"fixed": {
			"rotation": [-90, 0, 0],
			"translation": [0, 0, -17.5],
			"scale": [2.2, 2.2, 2.2]
		}
	},
	"groups": [
		{
			"name": "group",
			"origin": [16, 0, 16],
			"color": 0,
			"children": [0, 1, 2, 3, 4, 5, 6, 7, 8, 9, 10, 11]
		},
		{
			"name": "group",
			"origin": [4.25, 15.24199, 12.70108],
			"color": 0,
			"children": [12, 13, 14, 15, 16, 17, 18, 19, 20, 21, 22, 23, 24, 25, 26, 27, 28, 29, 30, 31, 32, 33, 34, 35, 36, 37, 38, 39, 40, 41, 42, 43, 44, 45, 46]
		},
		47,
		48,
		49,
		50,
		51,
		52,
		53,
		54
	]
}