{
	"credit": "Made with Blockbench",
	"texture_size": [24, 24],
	"textures": {
		"2": "shogunset/flag_backpack",
		"particle": "shogunset/flag_backpack"
	},
	"elements": [
		{
			"from": [13.35354, 7.725, 7.96698],
			"to": [13.38354, 18.725, 13.96698],
			"rotation": {"angle": 45, "axis": "y", "origin": [13.36854, 8, 11]},
			"faces": {
				"east": {"uv": [16, 0, 12, 7.33333], "texture": "#2"},
				"west": {"uv": [12, 0, 16, 7.33333], "texture": "#2"}
			}
		},
		{
			"from": [12.86854, 18.725, 7.46698],
			"to": [13.86854, 19.725, 14.46698],
			"rotation": {"angle": 45, "axis": "y", "origin": [13.36854, 8, 11]},
			"faces": {
				"north": {"uv": [5.33333, 10, 4.66667, 10.66667], "texture": "#2"},
				"east": {"uv": [8.66667, 0.66667, 4, 1.33333], "texture": "#2"},
				"south": {"uv": [10.66667, 4.66667, 10, 5.33333], "texture": "#2"},
				"west": {"uv": [8.66667, 0, 4, 0.66667], "texture": "#2"},
				"up": {"uv": [4, 6, 4.66667, 1.33333], "texture": "#2"},
				"down": {"uv": [4.66667, 1.33333, 5.33333, 6], "texture": "#2"}
			}
		},
		{
			"from": [12.36854, 18.225, 5.93302],
			"to": [14.36854, 20.225, 7.93302],
			"rotation": {"angle": 45, "axis": "y", "origin": [13.36854, 8, 11]},
			"faces": {
				"north": {"uv": [8.66667, 1.33333, 7.33333, 2.66667], "texture": "#2"},
				"east": {"uv": [8.66667, 4, 7.33333, 5.33333], "texture": "#2"},
				"south": {"uv": [8.66667, 2.66667, 7.33333, 4], "texture": "#2"},
				"west": {"uv": [4, 7.33333, 2.66667, 8.66667], "texture": "#2"},
				"up": {"uv": [7.33333, 6.66667, 8.66667, 5.33333], "texture": "#2"},
				"down": {"uv": [7.33333, 6.66667, 8.66667, 8], "texture": "#2"}
			}
		},
		{
			"from": [12.62204, 16.225, 6.18302],
			"to": [14.11504, 18.725, 7.68302],
			"rotation": {"angle": 45, "axis": "y", "origin": [13.36854, 8, 11]},
			"faces": {
				"north": {"uv": [8.33333, 8, 7.33333, 9.66667], "texture": "#2"},
				"east": {"uv": [2.33333, 8.66667, 1.33333, 10.33333], "texture": "#2"},
				"south": {"uv": [9.66667, 0, 8.66667, 1.66667], "texture": "#2"},
				"west": {"uv": [1, 8.66667, 0, 10.33333], "texture": "#2"},
				"up": {"uv": [5.33333, 10.33333, 6.33333, 9.33333], "texture": "#2"},
				"down": {"uv": [9.33333, 6, 10.33333, 7], "texture": "#2"}
			}
		},
		{
			"from": [12.75354, 18.61, 14.45198],
			"to": [13.98354, 19.84, 15.68198],
			"rotation": {"angle": 45, "axis": "y", "origin": [13.36854, 8, 11]},
			"faces": {
				"north": {"uv": [10.66667, 5.33333, 10, 6], "texture": "#2"},
				"east": {"uv": [8.66667, 10, 8, 10.66667], "texture": "#2"},
				"south": {"uv": [8, 10, 7.33333, 10.66667], "texture": "#2"},
				"west": {"uv": [7.33333, 10, 6.66667, 10.66667], "texture": "#2"},
				"up": {"uv": [8.66667, 10.66667, 9.33333, 10], "texture": "#2"},
				"down": {"uv": [9.33333, 10, 10, 10.66667], "texture": "#2"}
			}
		},
		{
			"from": [12.76854, 12.725, 6.33302],
			"to": [13.96854, 15.725, 7.53302],
			"rotation": {"angle": 45, "axis": "y", "origin": [13.36854, 8, 11]},
			"faces": {
				"north": {"uv": [9.33333, 6, 8.66667, 8], "texture": "#2"},
				"east": {"uv": [10, 4, 9.33333, 6], "texture": "#2"},
				"south": {"uv": [10, 2, 9.33333, 4], "texture": "#2"},
				"west": {"uv": [9.33333, 8, 8.66667, 10], "texture": "#2"},
				"up": {"uv": [4, 10.66667, 4.66667, 10], "texture": "#2"},
				"down": {"uv": [10, 4, 10.66667, 4.66667], "texture": "#2"}
			}
		},
		{
			"from": [12.36854, 15.725, 5.93302],
			"to": [14.36854, 16.225, 7.93302],
			"rotation": {"angle": 45, "axis": "y", "origin": [13.36854, 8, 11]},
			"faces": {
				"north": {"uv": [10.66667, 8.66667, 9.33333, 9], "texture": "#2"},
				"east": {"uv": [11.33333, 0.66667, 10, 1], "texture": "#2"},
				"south": {"uv": [11.33333, 0, 10, 0.33333], "texture": "#2"},
				"west": {"uv": [10.66667, 9.33333, 9.33333, 9.66667], "texture": "#2"},
				"up": {"uv": [0, 8.66667, 1.33333, 7.33333], "texture": "#2"},
				"down": {"uv": [1.33333, 7.33333, 2.66667, 8.66667], "texture": "#2"}
			}
		},
		{
			"from": [12.86854, 6.725, 6.43302],
			"to": [13.86854, 12.725, 7.43302],
			"rotation": {"angle": 45, "axis": "y", "origin": [13.36854, 8, 11]},
			"faces": {
				"north": {"uv": [5.33333, 6, 4.66667, 10], "texture": "#2"},
				"east": {"uv": [7.33333, 5.33333, 6.66667, 9.33333], "texture": "#2"},
				"south": {"uv": [7.33333, 1.33333, 6.66667, 5.33333], "texture": "#2"},
				"west": {"uv": [6.66667, 5.33333, 6, 9.33333], "texture": "#2"}
			}
		},
		{
			"from": [12.76854, 3.725, 6.33302],
			"to": [13.96854, 6.725, 7.53302],
			"rotation": {"angle": 45, "axis": "y", "origin": [13.36854, 8, 11]},
			"faces": {
				"north": {"uv": [9.33333, 2, 8.66667, 4], "texture": "#2"},
				"east": {"uv": [9.33333, 4, 8.66667, 6], "texture": "#2"},
				"south": {"uv": [4, 8.66667, 3.33333, 10.66667], "texture": "#2"},
				"west": {"uv": [3.33333, 8.66667, 2.66667, 10.66667], "texture": "#2"},
				"up": {"uv": [10, 3.33333, 10.66667, 2.66667], "texture": "#2"},
				"down": {"uv": [10, 3.33333, 10.66667, 4], "texture": "#2"}
			}
		},
		{
			"from": [12.86854, -2.275, 6.43302],
			"to": [13.86854, 3.725, 7.43302],
			"rotation": {"angle": 45, "axis": "y", "origin": [13.36854, 8, 11]},
			"faces": {
				"north": {"uv": [6, 1.33333, 5.33333, 5.33333], "texture": "#2"},
				"east": {"uv": [4.66667, 6, 4, 10], "texture": "#2"},
				"south": {"uv": [6.66667, 1.33333, 6, 5.33333], "texture": "#2"},
				"west": {"uv": [6, 5.33333, 5.33333, 9.33333], "texture": "#2"}
			}
		},
		{
			"from": [12.76854, -2.975, 6.33302],
			"to": [13.96854, -2.275, 7.53302],
			"rotation": {"angle": 45, "axis": "y", "origin": [13.36854, 8, 11]},
			"faces": {
				"north": {"uv": [1.33333, 10.66667, 0.66667, 11], "texture": "#2"},
				"east": {"uv": [2.66667, 10.66667, 2, 11], "texture": "#2"},
				"south": {"uv": [11.33333, 1.33333, 10.66667, 1.66667], "texture": "#2"},
				"west": {"uv": [2, 10.66667, 1.33333, 11], "texture": "#2"},
				"up": {"uv": [6.66667, 10, 7.33333, 9.33333], "texture": "#2"},
				"down": {"uv": [10, 1.33333, 10.66667, 2], "texture": "#2"}
			}
		},
		{
			"from": [12.86854, -3.475, 6.43302],
			"to": [13.86854, -2.975, 7.43302],
			"rotation": {"angle": 45, "axis": "y", "origin": [13.36854, 8, 11]},
			"faces": {
				"north": {"uv": [11.33333, 2, 10.66667, 2.33333], "texture": "#2"},
				"east": {"uv": [4, 10.66667, 3.33333, 11], "texture": "#2"},
				"south": {"uv": [11.33333, 2.66667, 10.66667, 3], "texture": "#2"},
				"west": {"uv": [3.33333, 10.66667, 2.66667, 11], "texture": "#2"},
				"down": {"uv": [10, 2, 10.66667, 2.66667], "texture": "#2"}
			}
		},
		{
			"from": [13.11854, -3.725, 6.18302],
			"to": [13.61854, -2.725, 7.68302],
			"rotation": {"angle": 45, "axis": "y", "origin": [13.36854, 8, 11]},
			"faces": {
				"north": {"uv": [11, 3.33333, 10.66667, 4], "texture": "#2"},
				"east": {"uv": [10.33333, 8, 9.33333, 8.66667], "texture": "#2"},
				"south": {"uv": [4.33333, 10.66667, 4, 11.33333], "texture": "#2"},
				"west": {"uv": [10.33333, 7.33333, 9.33333, 8], "texture": "#2"},
				"up": {"uv": [10, 11, 10.33333, 10], "texture": "#2"},
				"down": {"uv": [0, 10.66667, 0.33333, 11.66667], "texture": "#2"}
			}
		},
		{
			"from": [2.38146, -3.725, 6.18302],
			"to": [2.88146, -2.725, 7.68302],
			"rotation": {"angle": -45, "axis": "y", "origin": [2.63146, 8, 11]},
			"faces": {
				"north": {"uv": [10.66667, 3.33333, 11, 4], "texture": "#2"},
				"east": {"uv": [9.33333, 7.33333, 10.33333, 8], "texture": "#2"},
				"south": {"uv": [4, 10.66667, 4.33333, 11.33333], "texture": "#2"},
				"west": {"uv": [9.33333, 8, 10.33333, 8.66667], "texture": "#2"},
				"up": {"uv": [10.33333, 11, 10, 10], "texture": "#2"},
				"down": {"uv": [0.33333, 10.66667, 0, 11.66667], "texture": "#2"}
			}
		},
		{
			"from": [2.13146, -3.475, 6.43302],
			"to": [3.13146, -2.975, 7.43302],
			"rotation": {"angle": -45, "axis": "y", "origin": [2.63146, 8, 11]},
			"faces": {
				"north": {"uv": [10.66667, 2, 11.33333, 2.33333], "texture": "#2"},
				"east": {"uv": [2.66667, 10.66667, 3.33333, 11], "texture": "#2"},
				"south": {"uv": [10.66667, 2.66667, 11.33333, 3], "texture": "#2"},
				"west": {"uv": [3.33333, 10.66667, 4, 11], "texture": "#2"},
				"down": {"uv": [10.66667, 2, 10, 2.66667], "texture": "#2"}
			}
		},
		{
			"from": [2.03146, -2.975, 6.33302],
			"to": [3.23146, -2.275, 7.53302],
			"rotation": {"angle": -45, "axis": "y", "origin": [2.63146, 8, 11]},
			"faces": {
				"north": {"uv": [0.66667, 10.66667, 1.33333, 11], "texture": "#2"},
				"east": {"uv": [1.33333, 10.66667, 2, 11], "texture": "#2"},
				"south": {"uv": [10.66667, 1.33333, 11.33333, 1.66667], "texture": "#2"},
				"west": {"uv": [2, 10.66667, 2.66667, 11], "texture": "#2"},
				"up": {"uv": [7.33333, 10, 6.66667, 9.33333], "texture": "#2"},
				"down": {"uv": [10.66667, 1.33333, 10, 2], "texture": "#2"}
			}
		},
		{
			"from": [2.13146, -2.275, 6.43302],
			"to": [3.13146, 3.725, 7.43302],
			"rotation": {"angle": -45, "axis": "y", "origin": [2.63146, 8, 11]},
			"faces": {
				"north": {"uv": [5.33333, 1.33333, 6, 5.33333], "texture": "#2"},
				"east": {"uv": [5.33333, 5.33333, 6, 9.33333], "texture": "#2"},
				"south": {"uv": [6, 1.33333, 6.66667, 5.33333], "texture": "#2"},
				"west": {"uv": [4, 6, 4.66667, 10], "texture": "#2"}
			}
		},
		{
			"from": [2.03146, 3.725, 6.33302],
			"to": [3.23146, 6.725, 7.53302],
			"rotation": {"angle": -45, "axis": "y", "origin": [2.63146, 8, 11]},
			"faces": {
				"north": {"uv": [8.66667, 2, 9.33333, 4], "texture": "#2"},
				"east": {"uv": [2.66667, 8.66667, 3.33333, 10.66667], "texture": "#2"},
				"south": {"uv": [3.33333, 8.66667, 4, 10.66667], "texture": "#2"},
				"west": {"uv": [8.66667, 4, 9.33333, 6], "texture": "#2"},
				"up": {"uv": [10.66667, 3.33333, 10, 2.66667], "texture": "#2"},
				"down": {"uv": [10.66667, 3.33333, 10, 4], "texture": "#2"}
			}
		},
		{
			"from": [2.13146, 6.725, 6.43302],
			"to": [3.13146, 12.725, 7.43302],
			"rotation": {"angle": -45, "axis": "y", "origin": [2.63146, 8, 11]},
			"faces": {
				"north": {"uv": [4.66667, 6, 5.33333, 10], "texture": "#2"},
				"east": {"uv": [6, 5.33333, 6.66667, 9.33333], "texture": "#2"},
				"south": {"uv": [6.66667, 1.33333, 7.33333, 5.33333], "texture": "#2"},
				"west": {"uv": [6.66667, 5.33333, 7.33333, 9.33333], "texture": "#2"}
			}
		},
		{
			"from": [1.63146, 15.725, 5.93302],
			"to": [3.63146, 16.225, 7.93302],
			"rotation": {"angle": -45, "axis": "y", "origin": [2.63146, 8, 11]},
			"faces": {
				"north": {"uv": [9.33333, 8.66667, 10.66667, 9], "texture": "#2"},
				"east": {"uv": [9.33333, 9.33333, 10.66667, 9.66667], "texture": "#2"},
				"south": {"uv": [10, 0, 11.33333, 0.33333], "texture": "#2"},
				"west": {"uv": [10, 0.66667, 11.33333, 1], "texture": "#2"},
				"up": {"uv": [1.33333, 8.66667, 0, 7.33333], "texture": "#2"},
				"down": {"uv": [2.66667, 7.33333, 1.33333, 8.66667], "texture": "#2"}
			}
		},
		{
			"from": [2.03146, 12.725, 6.33302],
			"to": [3.23146, 15.725, 7.53302],
			"rotation": {"angle": -45, "axis": "y", "origin": [2.63146, 8, 11]},
			"faces": {
				"north": {"uv": [8.66667, 6, 9.33333, 8], "texture": "#2"},
				"east": {"uv": [8.66667, 8, 9.33333, 10], "texture": "#2"},
				"south": {"uv": [9.33333, 2, 10, 4], "texture": "#2"},
				"west": {"uv": [9.33333, 4, 10, 6], "texture": "#2"},
				"up": {"uv": [4.66667, 10.66667, 4, 10], "texture": "#2"},
				"down": {"uv": [10.66667, 4, 10, 4.66667], "texture": "#2"}
			}
		},
		{
			"from": [2.01646, 18.61, 14.45198],
			"to": [3.24646, 19.84, 15.68198],
			"rotation": {"angle": -45, "axis": "y", "origin": [2.63146, 8, 11]},
			"faces": {
				"north": {"uv": [10, 5.33333, 10.66667, 6], "texture": "#2"},
				"east": {"uv": [6.66667, 10, 7.33333, 10.66667], "texture": "#2"},
				"south": {"uv": [7.33333, 10, 8, 10.66667], "texture": "#2"},
				"west": {"uv": [8, 10, 8.66667, 10.66667], "texture": "#2"},
				"up": {"uv": [9.33333, 10.66667, 8.66667, 10], "texture": "#2"},
				"down": {"uv": [10, 10, 9.33333, 10.66667], "texture": "#2"}
			}
		},
		{
			"from": [1.88496, 16.225, 6.18302],
			"to": [3.37796, 18.725, 7.68302],
			"rotation": {"angle": -45, "axis": "y", "origin": [2.63146, 8, 11]},
			"faces": {
				"north": {"uv": [7.33333, 8, 8.33333, 9.66667], "texture": "#2"},
				"east": {"uv": [0, 8.66667, 1, 10.33333], "texture": "#2"},
				"south": {"uv": [8.66667, 0, 9.66667, 1.66667], "texture": "#2"},
				"west": {"uv": [1.33333, 8.66667, 2.33333, 10.33333], "texture": "#2"},
				"up": {"uv": [6.33333, 10.33333, 5.33333, 9.33333], "texture": "#2"},
				"down": {"uv": [10.33333, 6, 9.33333, 7], "texture": "#2"}
			}
		},
		{
			"from": [1.63146, 18.225, 5.93302],
			"to": [3.63146, 20.225, 7.93302],
			"rotation": {"angle": -45, "axis": "y", "origin": [2.63146, 8, 11]},
			"faces": {
				"north": {"uv": [7.33333, 1.33333, 8.66667, 2.66667], "texture": "#2"},
				"east": {"uv": [2.66667, 7.33333, 4, 8.66667], "texture": "#2"},
				"south": {"uv": [7.33333, 2.66667, 8.66667, 4], "texture": "#2"},
				"west": {"uv": [7.33333, 4, 8.66667, 5.33333], "texture": "#2"},
				"up": {"uv": [8.66667, 6.66667, 7.33333, 5.33333], "texture": "#2"},
				"down": {"uv": [8.66667, 6.66667, 7.33333, 8], "texture": "#2"}
			}
		},
		{
			"from": [2.13146, 18.725, 7.46698],
			"to": [3.13146, 19.725, 14.46698],
			"rotation": {"angle": -45, "axis": "y", "origin": [2.63146, 8, 11]},
			"faces": {
				"north": {"uv": [4.66667, 10, 5.33333, 10.66667], "texture": "#2"},
				"east": {"uv": [4, 0, 8.66667, 0.66667], "texture": "#2"},
				"south": {"uv": [10, 4.66667, 10.66667, 5.33333], "texture": "#2"},
				"west": {"uv": [4, 0.66667, 8.66667, 1.33333], "texture": "#2"},
				"up": {"uv": [4.66667, 6, 4, 1.33333], "texture": "#2"},
				"down": {"uv": [5.33333, 1.33333, 4.66667, 6], "texture": "#2"}
			}
		},
		{
			"from": [2.61646, 7.725, 7.96698],
			"to": [2.64646, 18.725, 13.96698],
			"rotation": {"angle": -45, "axis": "y", "origin": [2.63146, 8, 11]},
			"faces": {
				"east": {"uv": [16, 0, 12, 7.33333], "texture": "#2"},
				"west": {"uv": [12, 0, 16, 7.33333], "texture": "#2"}
			}
		}
	],
	"gui_light": "front",
	"display": {
		"thirdperson_righthand": {
			"rotation": [45.75, 180, 0],
			"translation": [0, 2, 2.5],
			"scale": [0.56445, 0.56445, 0.56445]
		},
		"thirdperson_lefthand": {
			"rotation": [45.75, 180, 0],
			"translation": [0, 2, 2.5],
			"scale": [0.56445, 0.56445, 0.56445]
		},
		"firstperson_righthand": {
			"rotation": [-10, 180, 0],
			"translation": [3.25, 0, 1.25]
		},
		"firstperson_lefthand": {
			"rotation": [-10, 180, 0],
			"translation": [3.25, 0, 1.25]
		},
		"ground": {
			"rotation": [-45, 0, 0],
			"translation": [0, 5, 0],
			"scale": [0.8, 0.8, 0.8]
		},
		"gui": {
			"rotation": [0, 180, 0],
			"translation": [0, -0.25, 0],
			"scale": [0.7, 0.7, 0.7]
		},
		"head": {
			"translation": [0, -54.75, 8.5],
			"scale": [2.04, 2, 2]
		},
		"fixed": {
			"rotation": [-90, 0, 0],
			"translation": [0, 0.5, -23.5],
			"scale": [2, 2, 2]
		}
	}
}