{
	"credit": "Made with Blockbench",
	"texture_size": [24, 24],
	"textures": {
		"1": "shogunset/hammer"
	},
	"elements": [
		{
			"from": [7.5, 1.2, 7.5],
			"to": [8.5, 7.2, 8.5],
			"rotation": {"angle": 0, "axis": "y", "origin": [7.5, 0.2, 7.5]},
			"faces": {
				"north": {"uv": [5.33333, 10, 6, 14], "texture": "#1"},
				"east": {"uv": [6, 10, 6.66667, 14], "texture": "#1"},
				"south": {"uv": [6.66667, 10, 7.33333, 14], "texture": "#1"},
				"west": {"uv": [10, 7.33333, 10.66667, 11.33333], "texture": "#1"}
			}
		},
		{
			"from": [7.5, 10.2, 7.5],
			"to": [8.5, 16.2, 8.5],
			"rotation": {"angle": 0, "axis": "y", "origin": [7.5, 0.2, 7.5]},
			"faces": {
				"north": {"uv": [0, 10.66667, 0.66667, 14.66667], "texture": "#1"},
				"east": {"uv": [10.66667, 0, 11.33333, 4], "texture": "#1"},
				"south": {"uv": [0.66667, 10.66667, 1.33333, 14.66667], "texture": "#1"},
				"west": {"uv": [1.33333, 10.66667, 2, 14.66667], "texture": "#1"}
			}
		},
		{
			"from": [7, 19.2, 7],
			"to": [9, 19.7, 9],
			"rotation": {"angle": 0, "axis": "y", "origin": [7.5, 6.2, 7.5]},
			"faces": {
				"north": {"uv": [13.33333, 6, 14.66667, 6.33333], "texture": "#1"},
				"east": {"uv": [13.33333, 6.66667, 14.66667, 7], "texture": "#1"},
				"south": {"uv": [13.33333, 7.33333, 14.66667, 7.66667], "texture": "#1"},
				"west": {"uv": [13.33333, 8, 14.66667, 8.33333], "texture": "#1"},
				"up": {"uv": [12, 5.33333, 10.66667, 4], "texture": "#1"},
				"down": {"uv": [12, 5.33333, 10.66667, 6.66667], "texture": "#1"}
			}
		},
		{
			"from": [7.4, 0.5, 7.4],
			"to": [8.6, 1.2, 8.6],
			"rotation": {"angle": 0, "axis": "y", "origin": [7.5, -4.9, 7.5]},
			"faces": {
				"north": {"uv": [14, 0, 14.66667, 0.33333], "texture": "#1"},
				"east": {"uv": [14, 0.66667, 14.66667, 1], "texture": "#1"},
				"south": {"uv": [14, 2.66667, 14.66667, 3], "texture": "#1"},
				"west": {"uv": [14, 3.33333, 14.66667, 3.66667], "texture": "#1"},
				"up": {"uv": [14, 9.33333, 13.33333, 8.66667], "texture": "#1"},
				"down": {"uv": [14, 9.33333, 13.33333, 10], "texture": "#1"}
			}
		},
		{
			"from": [7.5, 0, 7.5],
			"to": [8.5, 0.5, 8.5],
			"rotation": {"angle": 0, "axis": "y", "origin": [8, 0.25, 8]},
			"faces": {
				"north": {"uv": [5.33333, 14, 6, 14.33333], "texture": "#1"},
				"east": {"uv": [6, 14, 6.66667, 14.33333], "texture": "#1"},
				"south": {"uv": [6.66667, 14, 7.33333, 14.33333], "texture": "#1"},
				"west": {"uv": [7.33333, 14, 8, 14.33333], "texture": "#1"},
				"down": {"uv": [14, 10, 13.33333, 10.66667], "texture": "#1"}
			}
		},
		{
			"from": [7.75, -0.25, 7.25],
			"to": [8.25, 0.75, 8.75],
			"rotation": {"angle": 0, "axis": "y", "origin": [8, 0.25, 8]},
			"faces": {
				"north": {"uv": [8, 14, 8.33333, 14.66667], "texture": "#1"},
				"east": {"uv": [13.33333, 1.33333, 14.33333, 2], "texture": "#1"},
				"south": {"uv": [8.66667, 14, 9, 14.66667], "texture": "#1"},
				"west": {"uv": [13.33333, 5.33333, 14.33333, 6], "texture": "#1"},
				"up": {"uv": [13.66667, 13, 13.33333, 12], "texture": "#1"},
				"down": {"uv": [13.66667, 13.33333, 13.33333, 14.33333], "texture": "#1"}
			}
		},
		{
			"from": [7.2535, 19.7, 7.25],
			"to": [8.7465, 22.2, 8.75],
			"rotation": {"angle": 0, "axis": "y", "origin": [7.5035, 7.7, 7.5]},
			"faces": {
				"north": {"uv": [12, 5.33333, 13, 7], "texture": "#1"},
				"east": {"uv": [7.33333, 12, 8.33333, 13.66667], "texture": "#1"},
				"south": {"uv": [12, 7.33333, 13, 9], "texture": "#1"},
				"west": {"uv": [8.66667, 12, 9.66667, 13.66667], "texture": "#1"}
			}
		},
		{
			"from": [7, 21.54289, 7.5],
			"to": [9, 23.54289, 9.5],
			"rotation": {"angle": -45, "axis": "x", "origin": [7.5, 22.04289, 8]},
			"faces": {
				"north": {"uv": [10.66667, 6.66667, 12, 8], "texture": "#1"},
				"east": {"uv": [7.33333, 10.66667, 8.66667, 12], "texture": "#1"},
				"south": {"uv": [10.66667, 8, 12, 9.33333], "texture": "#1"},
				"west": {"uv": [8.66667, 10.66667, 10, 12], "texture": "#1"},
				"up": {"uv": [12, 10.66667, 10.66667, 9.33333], "texture": "#1"},
				"down": {"uv": [12, 10.66667, 10.66667, 12], "texture": "#1"}
			}
		},
		{
			"from": [7.4, 7.2, 7.4],
			"to": [8.6, 10.2, 8.6],
			"rotation": {"angle": 0, "axis": "y", "origin": [7.5, 7.2, 7.5]},
			"faces": {
				"north": {"uv": [12, 9.33333, 12.66667, 11.33333], "texture": "#1"},
				"east": {"uv": [10.66667, 12, 11.33333, 14], "texture": "#1"},
				"south": {"uv": [11.33333, 12, 12, 14], "texture": "#1"},
				"west": {"uv": [12, 11.33333, 12.66667, 13.33333], "texture": "#1"},
				"up": {"uv": [14, 11.33333, 13.33333, 10.66667], "texture": "#1"},
				"down": {"uv": [14, 11.33333, 13.33333, 12], "texture": "#1"}
			}
		},
		{
			"from": [7.4, 16.2, 7.4],
			"to": [8.6, 19.2, 8.6],
			"rotation": {"angle": 0, "axis": "y", "origin": [7.5, 7.2, 7.5]},
			"faces": {
				"north": {"uv": [12.66667, 0, 13.33333, 2], "texture": "#1"},
				"east": {"uv": [2.66667, 12.66667, 3.33333, 14.66667], "texture": "#1"},
				"south": {"uv": [3.33333, 12.66667, 4, 14.66667], "texture": "#1"},
				"west": {"uv": [4, 12.66667, 4.66667, 14.66667], "texture": "#1"},
				"down": {"uv": [12.66667, 13.33333, 12, 14], "texture": "#1"}
			}
		},
		{
			"from": [6.5, 21.25, 6.25],
			"to": [9.5, 24.25, 7.25],
			"rotation": {"angle": 0, "axis": "y", "origin": [6.5, 0, 0]},
			"faces": {
				"east": {"uv": [4.66667, 12.66667, 5.33333, 14.66667], "texture": "#1"},
				"south": {"uv": [5.33333, 8, 7.33333, 10], "texture": "#1"},
				"west": {"uv": [12.66667, 9.33333, 13.33333, 11.33333], "texture": "#1"},
				"up": {"uv": [10, 8, 8, 7.33333], "texture": "#1"},
				"down": {"uv": [14.66667, 2, 12.66667, 2.66667], "texture": "#1"}
			}
		},
		{
			"from": [6, 20.75, 5.25],
			"to": [10, 24.75, 6.25],
			"rotation": {"angle": 0, "axis": "y", "origin": [6.5, 0, 0]},
			"faces": {
				"north": {"uv": [0, 0, 2.66667, 2.66667], "texture": "#1"},
				"east": {"uv": [2, 10.66667, 2.66667, 13.33333], "texture": "#1"},
				"south": {"uv": [0, 2.66667, 2.66667, 5.33333], "texture": "#1"},
				"west": {"uv": [11.33333, 0, 12, 2.66667], "texture": "#1"},
				"up": {"uv": [5.33333, 12, 2.66667, 11.33333], "texture": "#1"},
				"down": {"uv": [14, 2.66667, 11.33333, 3.33333], "texture": "#1"}
			}
		},
		{
			"from": [6, 20.75, 0.25],
			"to": [10, 24.75, 1.25],
			"rotation": {"angle": 0, "axis": "y", "origin": [6.5, 0, 0]},
			"faces": {
				"north": {"uv": [2.66667, 0, 5.33333, 2.66667], "texture": "#1"},
				"east": {"uv": [10, 11.33333, 10.66667, 14], "texture": "#1"},
				"south": {"uv": [2.66667, 2.66667, 5.33333, 5.33333], "texture": "#1"},
				"west": {"uv": [12, 0, 12.66667, 2.66667], "texture": "#1"},
				"up": {"uv": [14, 4, 11.33333, 3.33333], "texture": "#1"},
				"down": {"uv": [5.33333, 12, 2.66667, 12.66667], "texture": "#1"}
			}
		},
		{
			"from": [6.0035, 24.40642, 0.97731],
			"to": [9.9965, 26.40642, 1.97731],
			"rotation": {"angle": 22.5, "axis": "x", "origin": [8.0035, 26.40642, 1.47731]},
			"faces": {
				"north": {"uv": [8, 6, 10.66667, 7.33333], "texture": "#1"},
				"east": {"uv": [12.66667, 11.33333, 13.33333, 12.66667], "texture": "#1"},
				"south": {"uv": [7.33333, 8, 10, 9.33333], "texture": "#1"},
				"west": {"uv": [12.66667, 12.66667, 13.33333, 14], "texture": "#1"},
				"up": {"uv": [14.66667, 4.66667, 12, 4], "texture": "#1"}
			}
		},
		{
			"from": [6.25, 21, 1.25],
			"to": [9.75, 24.5, 5.25],
			"rotation": {"angle": 0, "axis": "y", "origin": [6.5, 0, 0]},
			"faces": {
				"east": {"uv": [0, 5.33333, 2.66667, 7.66667], "texture": "#1"},
				"west": {"uv": [5.33333, 0, 8, 2.33333], "texture": "#1"},
				"up": {"uv": [5, 8, 2.66667, 5.33333], "texture": "#1"},
				"down": {"uv": [7.66667, 2.66667, 5.33333, 5.33333], "texture": "#1"}
			}
		},
		{
			"from": [6.2535, 22.83292, 1.11731],
			"to": [9.7465, 25.33292, 5.11731],
			"rotation": {"angle": 22.5, "axis": "x", "origin": [8.0035, 23.83292, 3.11731]},
			"faces": {
				"east": {"uv": [8, 0, 10.66667, 1.66667], "texture": "#1"},
				"west": {"uv": [8, 2, 10.66667, 3.66667], "texture": "#1"},
				"up": {"uv": [7.66667, 8, 5.33333, 5.33333], "texture": "#1"}
			}
		},
		{
			"from": [6.0035, 19.09358, 0.97731],
			"to": [9.9965, 21.09358, 1.97731],
			"rotation": {"angle": -22.5, "axis": "x", "origin": [8.0035, 19.09358, 1.47731]},
			"faces": {
				"north": {"uv": [7.33333, 9.33333, 10, 10.66667], "texture": "#1"},
				"east": {"uv": [13.33333, 0, 14, 1.33333], "texture": "#1"},
				"south": {"uv": [2.66667, 10, 5.33333, 11.33333], "texture": "#1"},
				"west": {"uv": [2, 13.33333, 2.66667, 14.66667], "texture": "#1"},
				"down": {"uv": [14.66667, 4.66667, 12, 5.33333], "texture": "#1"}
			}
		},
		{
			"from": [6.2535, 20.16708, 1.11731],
			"to": [9.7465, 22.66708, 5.11731],
			"rotation": {"angle": -22.5, "axis": "x", "origin": [8.0035, 21.66708, 3.11731]},
			"faces": {
				"east": {"uv": [2.66667, 8, 5.33333, 9.66667], "texture": "#1"},
				"west": {"uv": [8, 4, 10.66667, 5.66667], "texture": "#1"},
				"down": {"uv": [2.33333, 8, 0, 10.66667], "texture": "#1"}
			}
		},
		{
			"from": [6.5, 21.25, 8.75],
			"to": [9.5, 24.25, 9.75],
			"rotation": {"angle": 0, "axis": "y", "origin": [6.5, 0, 16]},
			"faces": {
				"north": {"uv": [7.33333, 8, 5.33333, 10], "texture": "#1"},
				"east": {"uv": [5.33333, 12.66667, 4.66667, 14.66667], "texture": "#1"},
				"west": {"uv": [13.33333, 9.33333, 12.66667, 11.33333], "texture": "#1"},
				"up": {"uv": [10, 7.33333, 8, 8], "texture": "#1"},
				"down": {"uv": [14.66667, 2.66667, 12.66667, 2], "texture": "#1"}
			}
		},
		{
			"from": [6, 20.75, 9.75],
			"to": [10, 24.75, 10.75],
			"rotation": {"angle": 0, "axis": "y", "origin": [6.5, 0, 16]},
			"faces": {
				"north": {"uv": [2.66667, 2.66667, 0, 5.33333], "texture": "#1"},
				"east": {"uv": [2.66667, 10.66667, 2, 13.33333], "texture": "#1"},
				"south": {"uv": [2.66667, 0, 0, 2.66667], "texture": "#1"},
				"west": {"uv": [12, 0, 11.33333, 2.66667], "texture": "#1"},
				"up": {"uv": [5.33333, 11.33333, 2.66667, 12], "texture": "#1"},
				"down": {"uv": [14, 3.33333, 11.33333, 2.66667], "texture": "#1"}
			}
		},
		{
			"from": [6, 20.75, 14.75],
			"to": [10, 24.75, 15.75],
			"rotation": {"angle": 0, "axis": "y", "origin": [6.5, 0, 16]},
			"faces": {
				"north": {"uv": [5.33333, 2.66667, 2.66667, 5.33333], "texture": "#1"},
				"east": {"uv": [10.66667, 11.33333, 10, 14], "texture": "#1"},
				"south": {"uv": [5.33333, 0, 2.66667, 2.66667], "texture": "#1"},
				"west": {"uv": [12.66667, 0, 12, 2.66667], "texture": "#1"},
				"up": {"uv": [14, 3.33333, 11.33333, 4], "texture": "#1"},
				"down": {"uv": [5.33333, 12.66667, 2.66667, 12], "texture": "#1"}
			}
		},
		{
			"from": [6.25, 21, 10.75],
			"to": [9.75, 24.5, 14.75],
			"rotation": {"angle": 0, "axis": "y", "origin": [6.5, 0, 16]},
			"faces": {
				"east": {"uv": [2.66667, 5.33333, 0, 7.66667], "texture": "#1"},
				"west": {"uv": [8, 0, 5.33333, 2.33333], "texture": "#1"},
				"up": {"uv": [5, 5.33333, 2.66667, 8], "texture": "#1"},
				"down": {"uv": [7.66667, 5.33333, 5.33333, 2.66667], "texture": "#1"}
			}
		},
		{
			"from": [6.0035, 24.40642, 14.02269],
			"to": [9.9965, 26.40642, 15.02269],
			"rotation": {"angle": -22.5, "axis": "x", "origin": [8.0035, 26.40642, 14.52269]},
			"faces": {
				"north": {"uv": [10, 8, 7.33333, 9.33333], "texture": "#1"},
				"east": {"uv": [13.33333, 11.33333, 12.66667, 12.66667], "texture": "#1"},
				"south": {"uv": [10.66667, 6, 8, 7.33333], "texture": "#1"},
				"west": {"uv": [13.33333, 12.66667, 12.66667, 14], "texture": "#1"},
				"up": {"uv": [14.66667, 4, 12, 4.66667], "texture": "#1"}
			}
		},
		{
			"from": [6.2535, 22.83292, 10.88269],
			"to": [9.7465, 25.33292, 14.88269],
			"rotation": {"angle": -22.5, "axis": "x", "origin": [8.0035, 23.83292, 12.88269]},
			"faces": {
				"east": {"uv": [10.66667, 0, 8, 1.66667], "texture": "#1"},
				"west": {"uv": [10.66667, 2, 8, 3.66667], "texture": "#1"},
				"up": {"uv": [7.66667, 5.33333, 5.33333, 8], "texture": "#1"}
			}
		},
		{
			"from": [6.2535, 20.16708, 10.88269],
			"to": [9.7465, 22.66708, 14.88269],
			"rotation": {"angle": 22.5, "axis": "x", "origin": [8.0035, 21.66708, 12.88269]},
			"faces": {
				"east": {"uv": [5.33333, 8, 2.66667, 9.66667], "texture": "#1"},
				"west": {"uv": [10.66667, 4, 8, 5.66667], "texture": "#1"},
				"down": {"uv": [2.33333, 10.66667, 0, 8], "texture": "#1"}
			}
		},
		{
			"from": [6.0035, 19.09358, 14.02269],
			"to": [9.9965, 21.09358, 15.02269],
			"rotation": {"angle": 22.5, "axis": "x", "origin": [8.0035, 19.09358, 14.52269]},
			"faces": {
				"north": {"uv": [5.33333, 10, 2.66667, 11.33333], "texture": "#1"},
				"east": {"uv": [14, 0, 13.33333, 1.33333], "texture": "#1"},
				"south": {"uv": [10, 9.33333, 7.33333, 10.66667], "texture": "#1"},
				"west": {"uv": [2.66667, 13.33333, 2, 14.66667], "texture": "#1"},
				"down": {"uv": [14.66667, 5.33333, 12, 4.66667], "texture": "#1"}
			}
		}
	],
	"gui_light": "front",
	"display": {
		"thirdperson_righthand": {
			"translation": [0, -7.25, 1]
		},
		"thirdperson_lefthand": {
			"translation": [0, -7.25, 1]
		},
		"firstperson_righthand": {
			"rotation": [-10, 0, 0],
			"translation": [0, -5.5, 1.25]
		},
		"firstperson_lefthand": {
			"rotation": [-10, 0, 0],
			"translation": [0, -5.5, 1.25]
		},
		"ground": {
			"rotation": [-45, 0, 0],
			"translation": [0, 5, 0],
			"scale": [0.8, 0.8, 0.8]
		},
		"gui": {
			"rotation": [-90, 45, 90],
			"translation": [3.75, -3.75, 0],
			"scale": [0.7, 0.7, 0.7]
		},
		"head": {
			"rotation": [0, -90, 0]
		},
		"fixed": {
			"rotation": [0, -90, 0],
			"translation": [0, -10, -1],
			"scale": [2, 2, 2]
		}
	}
}