{
	"credit": "Made by PolygonMC",
	"texture_size": [24, 24],
	"textures": {
		"1": "shogunset/hoe"
	},
	"elements": [
		{
			"from": [7.5, 1.2, 7.5],
			"to": [8.5, 7.2, 8.5],
			"rotation": {"angle": 0, "axis": "y", "origin": [7.5, 0.2, 7.5]},
			"faces": {
				"north": {"uv": [4, 0, 4.66667, 4], "texture": "#1"},
				"east": {"uv": [4, 4, 4.66667, 8], "texture": "#1"},
				"south": {"uv": [4.66667, 0, 5.33333, 4], "texture": "#1"},
				"west": {"uv": [4.66667, 4, 5.33333, 8], "texture": "#1"}
			}
		},
		{
			"from": [7, 7.2, 7],
			"to": [9, 7.7, 9],
			"rotation": {"angle": 0, "axis": "y", "origin": [7.5, 6.2, 7.5]},
			"faces": {
				"north": {"uv": [9.33333, 2.66667, 10.66667, 3], "texture": "#1"},
				"east": {"uv": [9.33333, 3.33333, 10.66667, 3.66667], "texture": "#1"},
				"south": {"uv": [9.33333, 4, 10.66667, 4.33333], "texture": "#1"},
				"west": {"uv": [4.66667, 9.33333, 6, 9.66667], "texture": "#1"},
				"up": {"uv": [4, 8, 2.66667, 6.66667], "texture": "#1"},
				"down": {"uv": [8, 2.66667, 6.66667, 4], "texture": "#1"}
			}
		},
		{
			"from": [7.4, 0.5, 7.4],
			"to": [8.6, 1.2, 8.6],
			"rotation": {"angle": 0, "axis": "y", "origin": [7.5, -4.9, 7.5]},
			"faces": {
				"north": {"uv": [7.33333, 9.33333, 8, 9.66667], "texture": "#1"},
				"east": {"uv": [9.33333, 7.33333, 10, 7.66667], "texture": "#1"},
				"south": {"uv": [8, 9.33333, 8.66667, 9.66667], "texture": "#1"},
				"west": {"uv": [8.66667, 9.33333, 9.33333, 9.66667], "texture": "#1"},
				"up": {"uv": [10, 5.33333, 9.33333, 4.66667], "texture": "#1"},
				"down": {"uv": [10, 5.33333, 9.33333, 6], "texture": "#1"}
			}
		},
		{
			"from": [7.5, 0, 7.5],
			"to": [8.5, 0.5, 8.5],
			"rotation": {"angle": 0, "axis": "y", "origin": [8, 0.25, 8]},
			"faces": {
				"north": {"uv": [9.33333, 9.33333, 10, 9.66667], "texture": "#1"},
				"east": {"uv": [0, 10, 0.66667, 10.33333], "texture": "#1"},
				"south": {"uv": [10, 0, 10.66667, 0.33333], "texture": "#1"},
				"west": {"uv": [0.66667, 10, 1.33333, 10.33333], "texture": "#1"},
				"down": {"uv": [6.66667, 9.33333, 6, 10], "texture": "#1"}
			}
		},
		{
			"from": [7.75, -0.25, 7.25],
			"to": [8.25, 0.75, 8.75],
			"rotation": {"angle": 0, "axis": "y", "origin": [8, 0.25, 8]},
			"faces": {
				"north": {"uv": [10, 0.66667, 10.33333, 1.33333], "texture": "#1"},
				"east": {"uv": [8.66667, 0, 9.66667, 0.66667], "texture": "#1"},
				"south": {"uv": [1.33333, 10, 1.66667, 10.66667], "texture": "#1"},
				"west": {"uv": [8.66667, 0.66667, 9.66667, 1.33333], "texture": "#1"},
				"up": {"uv": [9.66667, 7, 9.33333, 6], "texture": "#1"},
				"down": {"uv": [7, 9.33333, 6.66667, 10.33333], "texture": "#1"}
			}
		},
		{
			"from": [7.25, 10.11844, 9.21626],
			"to": [8.75, 12.11844, 10.71626],
			"rotation": {"angle": -45, "axis": "x", "origin": [7.5, 10.11844, 9.21626]},
			"faces": {
				"north": {"uv": [6.66667, 4, 7.66667, 5.33333], "texture": "#1"},
				"east": {"uv": [5.33333, 6.66667, 6.33333, 8], "texture": "#1"},
				"south": {"uv": [6.66667, 5.33333, 7.66667, 6.66667], "texture": "#1"},
				"west": {"uv": [6.66667, 6.66667, 7.66667, 8], "texture": "#1"},
				"up": {"uv": [9, 3.66667, 8, 2.66667], "texture": "#1"},
				"down": {"uv": [9, 4, 8, 5], "texture": "#1"}
			}
		},
		{
			"from": [7.2535, 11.68594, 7.57265],
			"to": [8.7465, 14.68594, 8.97265],
			"rotation": {"angle": -22.5, "axis": "x", "origin": [8.0035, 12.18594, 8.07265]},
			"faces": {
				"north": {"uv": [5.33333, 2.66667, 6.33333, 4.66667], "texture": "#1"},
				"east": {"uv": [5.33333, 4.66667, 6.33333, 6.66667], "texture": "#1"},
				"south": {"uv": [0, 6, 1, 8], "texture": "#1"},
				"west": {"uv": [1.33333, 6, 2.33333, 8], "texture": "#1"},
				"up": {"uv": [5.66667, 9, 4.66667, 8], "texture": "#1"},
				"down": {"uv": [9, 5.33333, 8, 6.33333], "texture": "#1"}
			}
		},
		{
			"from": [7.2535, 7.5, 7.15],
			"to": [8.7465, 12, 8.65],
			"rotation": {"angle": 22.5, "axis": "x", "origin": [7.5035, 7.5, 7.4]},
			"faces": {
				"north": {"uv": [0, 2.66667, 1, 5.66667], "texture": "#1"},
				"east": {"uv": [2.66667, 0, 3.66667, 3], "texture": "#1"},
				"south": {"uv": [1.33333, 2.66667, 2.33333, 5.66667], "texture": "#1"},
				"west": {"uv": [2.66667, 3.33333, 3.66667, 6.33333], "texture": "#1"},
				"up": {"uv": [7, 9, 6, 8], "texture": "#1"},
				"down": {"uv": [9, 6.66667, 8, 7.66667], "texture": "#1"}
			}
		},
		{
			"from": [7.5, 13.7196, 5.52565],
			"to": [8.5, 15.7196, 8.52565],
			"rotation": {"angle": 22.5, "axis": "x", "origin": [7.5, 14.2196, 5.52565]},
			"faces": {
				"north": {"uv": [7.33333, 8, 8, 9.33333], "texture": "#1"},
				"east": {"uv": [5.33333, 0, 7.33333, 1.33333], "texture": "#1"},
				"south": {"uv": [8, 8, 8.66667, 9.33333], "texture": "#1"},
				"west": {"uv": [5.33333, 1.33333, 7.33333, 2.66667], "texture": "#1"},
				"up": {"uv": [8, 2, 7.33333, 0], "texture": "#1"},
				"down": {"uv": [0.66667, 8, 0, 10], "texture": "#1"}
			}
		},
		{
			"from": [5.5, 13.28349, 3.66072],
			"to": [6.5, 13.78349, 6.66072],
			"rotation": {"angle": -22.5, "axis": "x", "origin": [5.5, 13.53349, 3.71072]},
			"faces": {
				"north": {"uv": [2, 10, 2.66667, 10.33333], "texture": "#1"},
				"east": {"uv": [8.66667, 1.33333, 10.66667, 1.66667], "texture": "#1"},
				"south": {"uv": [2.66667, 10, 3.33333, 10.33333], "texture": "#1"},
				"west": {"uv": [2.66667, 8.66667, 4.66667, 9], "texture": "#1"},
				"up": {"uv": [8.66667, 2, 8, 0], "texture": "#1"},
				"down": {"uv": [1.33333, 8, 0.66667, 10], "texture": "#1"}
			}
		},
		{
			"from": [5.5, 12.5539, 3.53099],
			"to": [6.5, 13.5539, 4.03099],
			"rotation": {"angle": 45, "axis": "x", "origin": [5.5, 13.6039, 3.78099]},
			"faces": {
				"north": {"uv": [11.66667, 10, 11, 8], "rotation": 180, "texture": "#1"},
				"east": {"uv": [9.66667, 10.33333, 11.66667, 10.66667], "rotation": 90, "texture": "#1"},
				"south": {"uv": [12.66666, 8, 12, 10], "texture": "#1"},
				"west": {"uv": [2.66667, 8.66667, 4.66667, 9], "rotation": 270, "texture": "#1"},
				"up": {"uv": [2.66667, 10, 3.33333, 10.33333], "texture": "#1"},
				"down": {"uv": [2, 10, 2.66667, 10.33333], "rotation": 180, "texture": "#1"}
			}
		},
		{
			"from": [9.5, 12.5539, 3.53099],
			"to": [10.5, 13.5539, 4.03099],
			"rotation": {"angle": 45, "axis": "x", "origin": [10.5, 13.6039, 3.78099]},
			"faces": {
				"north": {"uv": [11, 10, 11.66667, 8], "rotation": 180, "texture": "#1"},
				"east": {"uv": [2.66667, 9, 4.66667, 8.66667], "rotation": 270, "texture": "#1"},
				"south": {"uv": [12, 8, 12.66666, 10], "texture": "#1"},
				"west": {"uv": [9.66667, 10.66667, 11.66667, 10.33333], "rotation": 90, "texture": "#1"},
				"up": {"uv": [3.33333, 10, 2.66667, 10.33333], "texture": "#1"},
				"down": {"uv": [2.66667, 10, 2, 10.33333], "rotation": 180, "texture": "#1"}
			}
		},
		{
			"from": [9.5, 13.28349, 3.66072],
			"to": [10.5, 13.78349, 6.66072],
			"rotation": {"angle": -22.5, "axis": "x", "origin": [5.5, 13.53349, 3.71072]},
			"faces": {
				"north": {"uv": [3.33333, 10, 4, 10.33333], "texture": "#1"},
				"east": {"uv": [8.66667, 8, 10.66667, 8.33333], "texture": "#1"},
				"south": {"uv": [4, 10, 4.66667, 10.33333], "texture": "#1"},
				"west": {"uv": [8.66667, 8.66667, 10.66667, 9], "texture": "#1"},
				"up": {"uv": [2, 10, 1.33333, 8], "texture": "#1"},
				"down": {"uv": [2.66667, 8, 2, 10], "texture": "#1"}
			}
		},
		{
			"from": [6, 13.53349, 3.66072],
			"to": [10, 13.56349, 5.66072],
			"rotation": {"angle": -22.5, "axis": "x", "origin": [5.5, 13.53349, 3.71072]},
			"faces": {
				"up": {"uv": [2.66667, 1.33334, 0, 0], "texture": "#1"},
				"down": {"uv": [2.66667, 0, 0, 1.33334], "texture": "#1"}
			}
		},
		{
			"from": [6, 12.81375, 2.14215],
			"to": [10, 12.84375, 3.96715],
			"rotation": {"angle": -45, "axis": "x", "origin": [8, 12.81375, 2.96715]},
			"faces": {
				"up": {"uv": [2.66667, 2.66667, 0, 1.33333], "texture": "#1"},
				"down": {"uv": [2.66667, 1.33333, 0, 2.66667], "texture": "#1"}
			}
		},
		{
			"from": [6.5, 13.28349, 5.66072],
			"to": [9.5, 13.78349, 6.66072],
			"rotation": {"angle": -22.5, "axis": "x", "origin": [5.5, 13.53349, 3.71072]},
			"faces": {
				"north": {"uv": [9.33333, 2, 11.33333, 2.33333], "texture": "#1"},
				"south": {"uv": [2.66667, 9.33333, 4.66667, 9.66667], "texture": "#1"},
				"up": {"uv": [9.33333, 2.66667, 7.33333, 2], "texture": "#1"},
				"down": {"uv": [4.66667, 8, 2.66667, 8.66667], "texture": "#1"}
			}
		}
	],
	"gui_light": "front",
	"display": {
		"thirdperson_righthand": {
			"translation": [0, 1, 1]
		},
		"thirdperson_lefthand": {
			"translation": [0, 1, 1]
		},
		"firstperson_righthand": {
			"rotation": [-10, 0, 0],
			"translation": [0, 1.75, 0]
		},
		"firstperson_lefthand": {
			"rotation": [-10, 0, 0],
			"translation": [0, 1.75, 0]
		},
		"ground": {
			"rotation": [-45, 0, 0],
			"translation": [0, 5, 0],
			"scale": [0.8, 0.8, 0.8]
		},
		"gui": {
			"rotation": [-90, 45, 90],
			"translation": [0.5, 0.75, 0]
		},
		"head": {
			"rotation": [0, -90, 0]
		},
		"fixed": {
			"rotation": [0, -90, 0],
			"translation": [0, 0, -1],
			"scale": [2, 2, 2]
		}
	}
}