{
	"credit": "Made with Blockbench",
	"texture_size": [32, 32],
	"textures": {
		"2": "shogunset/katana_sheath",
		"particle": "shogunset/katana_sheath"
	},
	"elements": [
		{
			"from": [5.5, -14.77426, 4.5],
			"to": [6, -13.77426, 15],
			"rotation": {"angle": 22.5, "axis": "x", "origin": [4, -14.77426, 4.5]},
			"faces": {
				"east": {"uv": [0, 0, 10.5, 1], "texture": "#2"},
				"south": {"uv": [5.5, 6.5, 6, 7.5], "texture": "#2"},
				"west": {"uv": [0, 1, 10.5, 2], "texture": "#2"},
				"up": {"uv": [2.5, 12.5, 2, 2], "texture": "#2"},
				"down": {"uv": [3, 2, 2.5, 12.5], "texture": "#2"}
			}
		},
		{
			"from": [5.375, -14.89926, 4],
			"to": [6.125, -13.64926, 4.5],
			"rotation": {"angle": 22.5, "axis": "x", "origin": [4, -14.77426, 4.5]},
			"faces": {
				"north": {"uv": [5, 5, 5.75, 6.25], "texture": "#2"},
				"east": {"uv": [6, 6, 6.5, 7.25], "texture": "#2"},
				"south": {"uv": [6, 3, 6.75, 4.25], "texture": "#2"},
				"west": {"uv": [5, 6.5, 5.5, 7.75], "texture": "#2"},
				"up": {"uv": [7.75, 3.5, 7, 3], "texture": "#2"},
				"down": {"uv": [7.75, 3.5, 7, 4], "texture": "#2"}
			}
		},
		{
			"from": [5.625, -15.43458, 4.47395],
			"to": [6.375, -14.18458, 4.97395],
			"rotation": {"angle": 45, "axis": "x", "origin": [6, -14.80958, 7.47395]},
			"faces": {
				"north": {"uv": [5, 5, 5.75, 6.25], "texture": "#2"},
				"east": {"uv": [6, 6, 6.5, 7.25], "texture": "#2"},
				"south": {"uv": [6, 3, 6.75, 4.25], "texture": "#2"},
				"west": {"uv": [5, 6.5, 5.5, 7.75], "texture": "#2"},
				"up": {"uv": [7.75, 3.5, 7, 3], "texture": "#2"},
				"down": {"uv": [7.75, 3.5, 7, 4], "texture": "#2"}
			}
		},
		{
			"from": [5.75, -15.30958, 4.97395],
			"to": [6.25, -14.30958, 15.47395],
			"rotation": {"angle": 45, "axis": "x", "origin": [6, -14.80958, 7.47395]},
			"faces": {
				"east": {"uv": [0, 0, 10.5, 1], "texture": "#2"},
				"south": {"uv": [5.5, 6.5, 6, 7.5], "texture": "#2"},
				"west": {"uv": [0, 1, 10.5, 2], "texture": "#2"},
				"up": {"uv": [2.5, 12.5, 2, 2], "texture": "#2"},
				"down": {"uv": [3, 2, 2.5, 12.5], "texture": "#2"}
			}
		},
		{
			"from": [5.45, -14.82747, 0.648],
			"to": [6.05, -14.22747, 0.998],
			"rotation": {"angle": 22.5, "axis": "x", "origin": [5.625, -14.27747, 5.2605]},
			"faces": {
				"north": {"uv": [7.5, 7, 8, 7.5], "texture": "#2"},
				"east": {"uv": [7, 8, 7.25, 8.5], "texture": "#2"},
				"south": {"uv": [7.5, 7.5, 8, 8], "texture": "#2"},
				"west": {"uv": [8, 7, 8.25, 7.5], "texture": "#2"},
				"up": {"uv": [8, 8.25, 7.5, 8], "texture": "#2"},
				"down": {"uv": [8.5, 7.5, 8, 7.75], "texture": "#2"}
			}
		},
		{
			"from": [5.5, -14.77747, 0.398],
			"to": [6, -14.27747, 0.648],
			"rotation": {"angle": 22.5, "axis": "x", "origin": [5.625, -14.27747, 5.2605]},
			"faces": {
				"north": {"uv": [7.5, 5.5, 8, 6], "texture": "#2"},
				"east": {"uv": [6, 8, 6.25, 8.5], "texture": "#2"},
				"west": {"uv": [8, 6, 8.25, 6.5], "texture": "#2"},
				"up": {"uv": [7, 8.25, 6.5, 8], "texture": "#2"},
				"down": {"uv": [8.5, 6.5, 8, 6.75], "texture": "#2"}
			}
		},
		{
			"from": [5.625, -14.90247, 0.273],
			"to": [5.875, -14.15247, 0.773],
			"rotation": {"angle": 22.5, "axis": "x", "origin": [5.625, -14.27747, 5.2605]},
			"faces": {
				"north": {"uv": [8, 2, 8.25, 2.75], "texture": "#2"},
				"east": {"uv": [7, 5, 7.5, 5.75], "texture": "#2"},
				"south": {"uv": [8, 3, 8.25, 3.75], "texture": "#2"},
				"west": {"uv": [6.5, 7, 7, 7.75], "texture": "#2"},
				"up": {"uv": [5.75, 8.5, 5.5, 8], "texture": "#2"},
				"down": {"uv": [8.25, 5.5, 8, 6], "texture": "#2"}
			}
		},
		{
			"from": [5.625, -14.90247, 4.248],
			"to": [5.875, -14.15247, 4.748],
			"rotation": {"angle": 22.5, "axis": "x", "origin": [5.625, -14.27747, 5.2605]},
			"faces": {
				"north": {"uv": [8, 4, 8.25, 4.75], "texture": "#2"},
				"east": {"uv": [7, 7, 7.5, 7.75], "texture": "#2"},
				"south": {"uv": [5, 8, 5.25, 8.75], "texture": "#2"},
				"west": {"uv": [7.5, 2, 8, 2.75], "texture": "#2"},
				"up": {"uv": [8.25, 8.5, 8, 8], "texture": "#2"},
				"down": {"uv": [8.75, 2, 8.5, 2.5], "texture": "#2"}
			}
		},
		{
			"from": [5.25, -15.02747, 3.998],
			"to": [6.25, -14.02747, 4.248],
			"rotation": {"angle": 22.5, "axis": "x", "origin": [5.625, -14.27747, 5.2605]},
			"faces": {
				"north": {"uv": [5, 3, 6, 4], "texture": "#2"},
				"east": {"uv": [4, 7.5, 4.25, 8.5], "texture": "#2"},
				"south": {"uv": [5, 4, 6, 5], "texture": "#2"},
				"west": {"uv": [4.5, 7.5, 4.75, 8.5], "texture": "#2"},
				"up": {"uv": [8.5, 5.25, 7.5, 5], "texture": "#2"},
				"down": {"uv": [6.5, 7.5, 5.5, 7.75], "texture": "#2"}
			}
		},
		{
			"from": [5.5, -14.77747, 0.998],
			"to": [6, -14.27747, 3.998],
			"rotation": {"angle": 22.5, "axis": "x", "origin": [5.625, -14.27747, 5.2605]},
			"faces": {
				"east": {"uv": [4, 2, 7, 2.5], "texture": "#2"},
				"west": {"uv": [4, 2.5, 7, 3], "texture": "#2"},
				"up": {"uv": [4.5, 6, 4, 3], "texture": "#2"},
				"down": {"uv": [5, 3, 4.5, 6], "texture": "#2"}
			}
		}
	],
	"gui_light": "front",
	"display": {
		"thirdperson_righthand": {
			"rotation": [150.98, -29.41, 104.15],
			"translation": [-1, -2, 1],
			"scale": [0.63477, 0.63477, 0.63477]
		},
		"thirdperson_lefthand": {
			"rotation": [67, 0, 0],
			"translation": [-5.75, -6.5, 2]
		},
		"firstperson_righthand": {
			"rotation": [-10, 0, 0],
			"translation": [7.25, 0.5, 2.75]
		},
		"firstperson_lefthand": {
			"rotation": [-10, 0, 0],
			"translation": [0, 0.5, 2.75],
			"scale": [0, 0, 0]
		},
		"ground": {
			"rotation": [-1, 0, 0],
			"translation": [3.25, 5, 0],
			"scale": [0.8, 0.8, 0.8]
		},
		"gui": {
			"rotation": [-90, 107, 90],
			"translation": [7, 18.75, 0],
			"scale": [0.78, 0.78, 0.78]
		},
		"head": {
			"translation": [-0.75, -51, 0],
			"scale": [3, 3, 3]
		},
		"fixed": {
			"rotation": [0, -90, 0],
			"translation": [2.75, 4.5, 7.25],
			"scale": [2, 2, 2]
		}
	}
}