{
	"credit": "Made with Blockbench",
	"texture_size": [32, 32],
	"textures": {
		"2": "shogunset/katana_sheath",
		"particle": "shogunset/katana_sheath"
	},
	"elements": [
		{
			"from": [3, 8.45148, 1],
			"to": [4, 10.45148, 22],
			"rotation": {"angle": 22.5, "axis": "x", "origin": [0, 8.45148, 1]},
			"faces": {
				"east": {"uv": [0, 0, 10.5, 1], "texture": "#2"},
				"south": {"uv": [5.5, 6.5, 6, 7.5], "texture": "#2"},
				"west": {"uv": [0, 1, 10.5, 2], "texture": "#2"},
				"up": {"uv": [2.5, 12.5, 2, 2], "texture": "#2"},
				"down": {"uv": [3, 2, 2.5, 12.5], "texture": "#2"}
			}
		},
		{
			"from": [2.75, 8.20148, 0],
			"to": [4.25, 10.70148, 1],
			"rotation": {"angle": 22.5, "axis": "x", "origin": [0, 8.45148, 1]},
			"faces": {
				"north": {"uv": [5, 5, 5.75, 6.25], "texture": "#2"},
				"east": {"uv": [6, 6, 6.5, 7.25], "texture": "#2"},
				"south": {"uv": [6, 3, 6.75, 4.25], "texture": "#2"},
				"west": {"uv": [5, 6.5, 5.5, 7.75], "texture": "#2"},
				"up": {"uv": [7.75, 3.5, 7, 3], "texture": "#2"},
				"down": {"uv": [7.75, 3.5, 7, 4], "texture": "#2"}
			}
		},
		{
			"from": [3.25, 7.13083, 0.94789],
			"to": [4.75, 9.63083, 1.94789],
			"rotation": {"angle": 45, "axis": "x", "origin": [4, 8.38083, 6.94789]},
			"faces": {
				"north": {"uv": [5, 5, 5.75, 6.25], "texture": "#2"},
				"east": {"uv": [6, 6, 6.5, 7.25], "texture": "#2"},
				"south": {"uv": [6, 3, 6.75, 4.25], "texture": "#2"},
				"west": {"uv": [5, 6.5, 5.5, 7.75], "texture": "#2"},
				"up": {"uv": [7.75, 3.5, 7, 3], "texture": "#2"},
				"down": {"uv": [7.75, 3.5, 7, 4], "texture": "#2"}
			}
		},
		{
			"from": [3.5, 7.38083, 1.94789],
			"to": [4.5, 9.38083, 22.94789],
			"rotation": {"angle": 45, "axis": "x", "origin": [4, 8.38083, 6.94789]},
			"faces": {
				"east": {"uv": [0, 0, 10.5, 1], "texture": "#2"},
				"south": {"uv": [5.5, 6.5, 6, 7.5], "texture": "#2"},
				"west": {"uv": [0, 1, 10.5, 2], "texture": "#2"},
				"up": {"uv": [2.5, 12.5, 2, 2], "texture": "#2"},
				"down": {"uv": [3, 2, 2.5, 12.5], "texture": "#2"}
			}
		},
		{
			"from": [2.9, 8.34505, -6.704],
			"to": [4.1, 9.54505, -6.004],
			"rotation": {"angle": 22.5, "axis": "x", "origin": [3.25, 9.44505, 2.521]},
			"faces": {
				"north": {"uv": [7.5, 7, 8, 7.5], "texture": "#2"},
				"east": {"uv": [7, 8, 7.25, 8.5], "texture": "#2"},
				"south": {"uv": [7.5, 7.5, 8, 8], "texture": "#2"},
				"west": {"uv": [8, 7, 8.25, 7.5], "texture": "#2"},
				"up": {"uv": [8, 8.25, 7.5, 8], "texture": "#2"},
				"down": {"uv": [8.5, 7.5, 8, 7.75], "texture": "#2"}
			}
		},
		{
			"from": [3, 8.44505, -7.204],
			"to": [4, 9.44505, -6.704],
			"rotation": {"angle": 22.5, "axis": "x", "origin": [3.25, 9.44505, 2.521]},
			"faces": {
				"north": {"uv": [7.5, 5.5, 8, 6], "texture": "#2"},
				"east": {"uv": [6, 8, 6.25, 8.5], "texture": "#2"},
				"west": {"uv": [8, 6, 8.25, 6.5], "texture": "#2"},
				"up": {"uv": [7, 8.25, 6.5, 8], "texture": "#2"},
				"down": {"uv": [8.5, 6.5, 8, 6.75], "texture": "#2"}
			}
		},
		{
			"from": [3.25, 8.19505, -7.454],
			"to": [3.75, 9.69505, -6.454],
			"rotation": {"angle": 22.5, "axis": "x", "origin": [3.25, 9.44505, 2.521]},
			"faces": {
				"north": {"uv": [8, 2, 8.25, 2.75], "texture": "#2"},
				"east": {"uv": [7, 5, 7.5, 5.75], "texture": "#2"},
				"south": {"uv": [8, 3, 8.25, 3.75], "texture": "#2"},
				"west": {"uv": [6.5, 7, 7, 7.75], "texture": "#2"},
				"up": {"uv": [5.75, 8.5, 5.5, 8], "texture": "#2"},
				"down": {"uv": [8.25, 5.5, 8, 6], "texture": "#2"}
			}
		},
		{
			"from": [3.25, 8.19505, 0.496],
			"to": [3.75, 9.69505, 1.496],
			"rotation": {"angle": 22.5, "axis": "x", "origin": [3.25, 9.44505, 2.521]},
			"faces": {
				"north": {"uv": [8, 4, 8.25, 4.75], "texture": "#2"},
				"east": {"uv": [7, 7, 7.5, 7.75], "texture": "#2"},
				"south": {"uv": [5, 8, 5.25, 8.75], "texture": "#2"},
				"west": {"uv": [7.5, 2, 8, 2.75], "texture": "#2"},
				"up": {"uv": [8.25, 8.5, 8, 8], "texture": "#2"},
				"down": {"uv": [8.75, 2, 8.5, 2.5], "texture": "#2"}
			}
		},
		{
			"from": [2.5, 7.94505, -0.004],
			"to": [4.5, 9.94505, 0.496],
			"rotation": {"angle": 22.5, "axis": "x", "origin": [3.25, 9.44505, 2.521]},
			"faces": {
				"north": {"uv": [5, 3, 6, 4], "texture": "#2"},
				"east": {"uv": [4, 7.5, 4.25, 8.5], "texture": "#2"},
				"south": {"uv": [5, 4, 6, 5], "texture": "#2"},
				"west": {"uv": [4.5, 7.5, 4.75, 8.5], "texture": "#2"},
				"up": {"uv": [8.5, 5.25, 7.5, 5], "texture": "#2"},
				"down": {"uv": [6.5, 7.5, 5.5, 7.75], "texture": "#2"}
			}
		},
		{
			"from": [3, 8.44505, -6.004],
			"to": [4, 9.44505, -0.004],
			"rotation": {"angle": 22.5, "axis": "x", "origin": [3.25, 9.44505, 2.521]},
			"faces": {
				"east": {"uv": [4, 2, 7, 2.5], "texture": "#2"},
				"west": {"uv": [4, 2.5, 7, 3], "texture": "#2"},
				"up": {"uv": [4.5, 6, 4, 3], "texture": "#2"},
				"down": {"uv": [5, 3, 4.5, 6], "texture": "#2"}
			}
		}
	],
	"gui_light": "front",
	"display": {
		"thirdperson_righthand": {
			"rotation": [150.98, -29.41, 104.15],
			"translation": [-1, -2, 1],
			"scale": [0.63477, 0.63477, 0.63477]
		},
		"thirdperson_lefthand": {
			"rotation": [67, 0, 0],
			"translation": [-5.75, -6.5, 2]
		},
		"firstperson_righthand": {
			"rotation": [-10, 0, 0],
			"translation": [7.25, 0.5, 2.75]
		},
		"firstperson_lefthand": {
			"rotation": [-10, 0, 0],
			"translation": [0, 0.5, 2.75],
			"scale": [0, 0, 0]
		},
		"ground": {
			"rotation": [-1, 0, 0],
			"translation": [3.25, 5, 0],
			"scale": [0.8, 0.8, 0.8]
		},
		"gui": {
			"rotation": [-90, 107, 90],
			"translation": [0.75, 1.75, 0],
			"scale": [0.78, 0.78, 0.78]
		},
		"head": {
			"translation": [-0.75, -68, 0],
			"scale": [1.5, 1.5, 1.5]
		},
		"fixed": {
			"rotation": [0, -90, 0],
			"translation": [2.75, 4.5, 7.25],
			"scale": [2, 2, 2]
		}
	}
}