{
	"credit": "Made with Blockbench",
	"textures": {
		"0": "shogunset/key",
		"particle": "shogunset/key"
	},
	"elements": [
		{
			"from": [7.25, 6.88579, 10.175],
			"to": [8.75, 9.38579, 12.675],
			"rotation": {"angle": -45, "axis": "x", "origin": [7.5, 7.13579, 10.425]},
			"faces": {
				"north": {"uv": [3, 0, 4.5, 2.5], "texture": "#0"},
				"east": {"uv": [0, 0, 2.5, 2.5], "texture": "#0"},
				"south": {"uv": [3, 3, 4.5, 5.5], "texture": "#0"},
				"west": {"uv": [0, 3, 2.5, 5.5], "texture": "#0"},
				"up": {"uv": [6.5, 2.5, 5, 0], "texture": "#0"},
				"down": {"uv": [6.5, 3, 5, 5.5], "texture": "#0"}
			}
		},
		{
			"from": [7.4, 7.38579, 9.425],
			"to": [8.6, 8.88579, 10.925],
			"rotation": {"angle": -45, "axis": "x", "origin": [7.5, 7.13579, 9.175]},
			"faces": {
				"north": {"uv": [9, 6, 10, 7.5], "texture": "#0"},
				"east": {"uv": [7, 4, 8.5, 5.5], "texture": "#0"},
				"south": {"uv": [7, 9, 8, 10.5], "texture": "#0"},
				"west": {"uv": [0, 8, 1.5, 9.5], "texture": "#0"},
				"up": {"uv": [9, 10.5, 8, 9], "texture": "#0"},
				"down": {"uv": [10, 8, 9, 9.5], "texture": "#0"}
			}
		},
		{
			"from": [7.4, 7.38579, 9.875],
			"to": [8.6, 8.88579, 11.375],
			"rotation": {"angle": 45, "axis": "x", "origin": [7.5, 7.13579, 11.625]},
			"faces": {
				"north": {"uv": [8, 9, 7, 10.5], "texture": "#0"},
				"east": {"uv": [8.5, 4, 7, 5.5], "texture": "#0"},
				"south": {"uv": [10, 6, 9, 7.5], "texture": "#0"},
				"west": {"uv": [1.5, 8, 0, 9.5], "texture": "#0"},
				"up": {"uv": [9, 9, 8, 10.5], "texture": "#0"},
				"down": {"uv": [10, 9.5, 9, 8], "texture": "#0"}
			}
		},
		{
			"from": [7, 7.38579, 10.675],
			"to": [9, 8.88579, 12.175],
			"rotation": {"angle": -45, "axis": "x", "origin": [7.5, 7.13579, 10.425]},
			"faces": {
				"north": {"uv": [0, 6, 2, 7.5], "texture": "#0"},
				"east": {"uv": [7, 0, 8.5, 1.5], "texture": "#0"},
				"south": {"uv": [2, 6, 4, 7.5], "texture": "#0"},
				"west": {"uv": [7, 2, 8.5, 3.5], "texture": "#0"},
				"up": {"uv": [6, 7.5, 4, 6], "texture": "#0"},
				"down": {"uv": [8, 6, 6, 7.5], "texture": "#0"}
			}
		},
		{
			"from": [7.5, 8.05, 7.675],
			"to": [8.5, 9.05, 9.175],
			"rotation": {"angle": 45, "axis": "z", "origin": [8, 8.55, 7.6]},
			"faces": {
				"north": {"uv": [0, 10, 1, 11], "texture": "#0"},
				"east": {"uv": [3, 9, 4.5, 10], "texture": "#0"},
				"south": {"uv": [1, 10, 2, 11], "texture": "#0"},
				"west": {"uv": [9, 3, 10.5, 4], "texture": "#0"},
				"up": {"uv": [10, 5.5, 9, 4], "texture": "#0"},
				"down": {"uv": [6, 9, 5, 10.5], "texture": "#0"}
			}
		},
		{
			"from": [7.4, 7.95, 3.875],
			"to": [8.6, 9.15, 5.875],
			"rotation": {"angle": 45, "axis": "z", "origin": [8, 8.55, 4.875]},
			"faces": {
				"north": {"uv": [10, 1, 11, 2], "texture": "#0"},
				"east": {"uv": [7, 8, 9, 9], "texture": "#0"},
				"south": {"uv": [10, 2, 11, 3], "texture": "#0"},
				"west": {"uv": [9, 0, 11, 1], "texture": "#0"},
				"up": {"uv": [10, 3, 9, 1], "texture": "#0"},
				"down": {"uv": [3, 9, 2, 11], "texture": "#0"}
			}
		},
		{
			"from": [7.6, 8.15, 5.875],
			"to": [8.4, 8.95, 7.675],
			"rotation": {"angle": 45, "axis": "z", "origin": [8, 8.55, 7.6]},
			"faces": {
				"east": {"uv": [2, 8, 4, 9], "texture": "#0"},
				"west": {"uv": [4, 8, 6, 9], "texture": "#0"},
				"up": {"uv": [7, 10, 6, 8], "texture": "#0"},
				"down": {"uv": [9, 6, 8, 8], "texture": "#0"}
			}
		},
		{
			"from": [7.75, 6.95, 4.125],
			"to": [8.25, 7.95, 4.625],
			"rotation": {"angle": 0, "axis": "y", "origin": [7.75, 6.95, 4.125]},
			"faces": {
				"north": {"uv": [3, 10, 3.5, 11], "texture": "#0"},
				"east": {"uv": [4, 10, 4.5, 11], "texture": "#0"},
				"south": {"uv": [10, 4, 10.5, 5], "texture": "#0"},
				"west": {"uv": [10, 5, 10.5, 6], "texture": "#0"},
				"up": {"uv": [9.5, 10.5, 9, 10], "texture": "#0"},
				"down": {"uv": [10.5, 9, 10, 9.5], "texture": "#0"}
			}
		},
		{
			"from": [7.75, 6.95, 5.125],
			"to": [8.25, 7.95, 5.625],
			"rotation": {"angle": 0, "axis": "y", "origin": [7.75, 6.95, 5.125]},
			"faces": {
				"north": {"uv": [6, 10, 6.5, 11], "texture": "#0"},
				"east": {"uv": [10, 6, 10.5, 7], "texture": "#0"},
				"south": {"uv": [10, 7, 10.5, 8], "texture": "#0"},
				"west": {"uv": [10, 8, 10.5, 9], "texture": "#0"},
				"up": {"uv": [11.5, 1.5, 11, 1], "texture": "#0"},
				"down": {"uv": [2.5, 11, 2, 11.5], "texture": "#0"}
			}
		},
		{
			"from": [7.75, 7.45, 4.625],
			"to": [8.25, 7.95, 5.125],
			"rotation": {"angle": 0, "axis": "y", "origin": [7.75, 6.95, 4.625]},
			"faces": {
				"east": {"uv": [10, 10, 10.5, 10.5], "texture": "#0"},
				"west": {"uv": [0, 11, 0.5, 11.5], "texture": "#0"},
				"up": {"uv": [11.5, 0.5, 11, 0], "texture": "#0"},
				"down": {"uv": [1.5, 11, 1, 11.5], "texture": "#0"}
			}
		}
	],
	"gui_light": "front",
	"display": {
		"thirdperson_righthand": {
			"rotation": [90, 0, 0],
			"translation": [0, 3, 0.25]
		},
		"thirdperson_lefthand": {
			"rotation": [90, 0, 0],
			"translation": [0, 3, 0.25]
		},
		"firstperson_righthand": {
			"rotation": [58, 0, -31],
			"translation": [0, 4.5, 0]
		},
		"firstperson_lefthand": {
			"rotation": [58, 0, -31],
			"translation": [0, 4.5, 0]
		},
		"ground": {
			"rotation": [45, 0, 0]
		},
		"gui": {
			"rotation": [-90, 135, 90],
			"translation": [-0.5, -1, 0],
			"scale": [2, 2, 2]
		},
		"head": {
			"rotation": [90, -45, 90]
		},
		"fixed": {
			"rotation": [90, -45, 90],
			"translation": [0.75, -1, -1.25],
			"scale": [2, 2, 2]
		}
	}
}