{
	"credit": "Made by PolygonMC",
	"texture_size": [24, 24],
	"textures": {
		"2": "shogunset/pickaxe",
		"particle": "shogunset/pickaxe"
	},
	"elements": [
		{
			"from": [7.5, 1.2, 7.5],
			"to": [8.5, 7.2, 8.5],
			"rotation": {"angle": 0, "axis": "y", "origin": [7.5, 0.2, 7.5]},
			"faces": {
				"north": {"uv": [0, 5.33333, 0.66667, 9.33333], "texture": "#2"},
				"east": {"uv": [5.33333, 0, 6, 4], "texture": "#2"},
				"south": {"uv": [0.66667, 5.33333, 1.33333, 9.33333], "texture": "#2"},
				"west": {"uv": [1.33333, 5.33333, 2, 9.33333], "texture": "#2"}
			}
		},
		{
			"from": [7, 7.2, 7],
			"to": [9, 7.7, 9],
			"rotation": {"angle": 0, "axis": "y", "origin": [7.5, 6.2, 7.5]},
			"faces": {
				"north": {"uv": [6.66667, 8.66667, 8, 9], "texture": "#2"},
				"east": {"uv": [8.66667, 6.66667, 10, 7], "texture": "#2"},
				"south": {"uv": [8, 8.66667, 9.33333, 9], "texture": "#2"},
				"west": {"uv": [0, 9.33333, 1.33333, 9.66667], "texture": "#2"},
				"up": {"uv": [7.33333, 7.33333, 6, 6], "texture": "#2"},
				"down": {"uv": [8, 4, 6.66667, 5.33333], "texture": "#2"}
			}
		},
		{
			"from": [7.4, 0.5, 7.4],
			"to": [8.6, 1.2, 8.6],
			"rotation": {"angle": 0, "axis": "y", "origin": [7.5, -4.9, 7.5]},
			"faces": {
				"north": {"uv": [9.33333, 3.33333, 10, 3.66667], "texture": "#2"},
				"east": {"uv": [4, 9.33333, 4.66667, 9.66667], "texture": "#2"},
				"south": {"uv": [9.33333, 4, 10, 4.33333], "texture": "#2"},
				"west": {"uv": [4.66667, 9.33333, 5.33333, 9.66667], "texture": "#2"},
				"up": {"uv": [5.33333, 6, 4.66667, 5.33333], "texture": "#2"},
				"down": {"uv": [8, 3.33333, 7.33333, 4], "texture": "#2"}
			}
		},
		{
			"from": [7.5, 0, 7.5],
			"to": [8.5, 0.5, 8.5],
			"rotation": {"angle": 0, "axis": "y", "origin": [8, 0.25, 8]},
			"faces": {
				"north": {"uv": [9.33333, 4.66667, 10, 5], "texture": "#2"},
				"east": {"uv": [5.33333, 9.33333, 6, 9.66667], "texture": "#2"},
				"south": {"uv": [9.33333, 5.33333, 10, 5.66667], "texture": "#2"},
				"west": {"uv": [6, 9.33333, 6.66667, 9.66667], "texture": "#2"},
				"down": {"uv": [4.66667, 8.66667, 4, 9.33333], "texture": "#2"}
			}
		},
		{
			"from": [7.75, -0.25, 7.25],
			"to": [8.25, 0.75, 8.75],
			"rotation": {"angle": 0, "axis": "y", "origin": [8, 0.25, 8]},
			"faces": {
				"north": {"uv": [6.66667, 9.33333, 7, 10], "texture": "#2"},
				"east": {"uv": [8, 4.66667, 9, 5.33333], "texture": "#2"},
				"south": {"uv": [7.33333, 9.33333, 7.66667, 10], "texture": "#2"},
				"west": {"uv": [8.66667, 6, 9.66667, 6.66667], "texture": "#2"},
				"up": {"uv": [1.66667, 10.33333, 1.33333, 9.33333], "texture": "#2"},
				"down": {"uv": [9.66667, 2, 9.33333, 3], "texture": "#2"}
			}
		},
		{
			"from": [7.25, 10.11844, 9.21626],
			"to": [8.75, 12.11844, 10.71626],
			"rotation": {"angle": -45, "axis": "x", "origin": [7.5, 10.11844, 9.21626]},
			"faces": {
				"north": {"uv": [7.33333, 0.66667, 8.33333, 2], "texture": "#2"},
				"east": {"uv": [2, 7.33333, 3, 8.66667], "texture": "#2"},
				"south": {"uv": [7.33333, 2, 8.33333, 3.33333], "texture": "#2"},
				"west": {"uv": [3.33333, 7.33333, 4.33333, 8.66667], "texture": "#2"},
				"up": {"uv": [8.33333, 7, 7.33333, 6], "texture": "#2"},
				"down": {"uv": [7.66667, 7.33333, 6.66667, 8.33333], "texture": "#2"}
			}
		},
		{
			"from": [7.2535, 11.68594, 7.57265],
			"to": [8.7465, 14.68594, 8.97265],
			"rotation": {"angle": -22.5, "axis": "x", "origin": [8.0035, 12.18594, 8.07265]},
			"faces": {
				"north": {"uv": [5.33333, 4, 6.33333, 6], "texture": "#2"},
				"east": {"uv": [6, 0, 7, 2], "texture": "#2"},
				"south": {"uv": [6, 2, 7, 4], "texture": "#2"},
				"west": {"uv": [4.66667, 6, 5.66667, 8], "texture": "#2"},
				"up": {"uv": [9, 4.33333, 8, 3.33333], "texture": "#2"},
				"down": {"uv": [5.66667, 8, 4.66667, 9], "texture": "#2"}
			}
		},
		{
			"from": [7.2535, 7.5, 7.15],
			"to": [8.7465, 12, 8.65],
			"rotation": {"angle": 22.5, "axis": "x", "origin": [7.5035, 7.5, 7.4]},
			"faces": {
				"north": {"uv": [0, 2, 1, 5], "texture": "#2"},
				"east": {"uv": [1.33333, 2, 2.33333, 5], "texture": "#2"},
				"south": {"uv": [2.66667, 2, 3.66667, 5], "texture": "#2"},
				"west": {"uv": [4, 2, 5, 5], "texture": "#2"},
				"up": {"uv": [9, 8.33333, 8, 7.33333], "texture": "#2"},
				"down": {"uv": [9.66667, 0.66667, 8.66667, 1.66667], "texture": "#2"}
			}
		},
		{
			"from": [7.5, 13.7196, 5.52565],
			"to": [8.5, 15.7196, 8.52565],
			"rotation": {"angle": 22.5, "axis": "x", "origin": [7.5, 14.2196, 5.52565]},
			"faces": {
				"north": {"uv": [2.66667, 10, 2, 8.66667], "rotation": 180, "texture": "#2"},
				"east": {"uv": [2, 5.33333, 3.33333, 7.33333], "rotation": 90, "texture": "#2"},
				"south": {"uv": [9.33333, 2, 8.66667, 3.33333], "texture": "#2"},
				"west": {"uv": [3.33333, 5.33333, 4.66667, 7.33333], "rotation": 270, "texture": "#2"},
				"up": {"uv": [6, 7.33333, 6.66667, 9.33333], "texture": "#2"},
				"down": {"uv": [4.66667, 0, 5.33333, 2], "rotation": 180, "texture": "#2"}
			}
		},
		{
			"from": [7.985, 11.99229, 0.01728],
			"to": [8.015, 14.99229, 7.01728],
			"rotation": {"angle": -22.5, "axis": "x", "origin": [6.985, 12.99229, 5.01728]},
			"faces": {
				"east": {"uv": [4.66667, 0, 0, 2], "texture": "#2"},
				"west": {"uv": [0, 0, 4.66667, 2], "texture": "#2"}
			}
		},
		{
			"from": [7.75, 13.91617, 2.6346],
			"to": [8.25, 14.91617, 6.6346],
			"rotation": {"angle": -22.5, "axis": "x", "origin": [7.75, 13.91617, 4.6346]},
			"faces": {
				"north": {"uv": [9.33333, 7.33333, 9.66667, 8], "texture": "#2"},
				"east": {"uv": [6.66667, 5.33333, 9.33333, 6], "texture": "#2"},
				"south": {"uv": [8, 9.33333, 8.33333, 10], "texture": "#2"},
				"west": {"uv": [7.33333, 0, 10, 0.66667], "texture": "#2"},
				"up": {"uv": [3, 11.33333, 2.66667, 8.66667], "texture": "#2"},
				"down": {"uv": [3.66667, 8.66667, 3.33333, 11.33333], "texture": "#2"}
			}
		}
	],
	"gui_light": "front",
	"display": {
		"thirdperson_righthand": {
			"translation": [0, 1, 1]
		},
		"thirdperson_lefthand": {
			"translation": [0, 1, 1]
		},
		"firstperson_righthand": {
			"rotation": [-10, 0, 0],
			"translation": [0, 1.75, 0]
		},
		"firstperson_lefthand": {
			"rotation": [-10, 0, 0],
			"translation": [0, 1.75, 0]
		},
		"ground": {
			"rotation": [-45, 0, 0],
			"translation": [0, 5, 0],
			"scale": [0.8, 0.8, 0.8]
		},
		"gui": {
			"rotation": [-90, 45, 90],
			"translation": [1.25, 0.75, 0]
		},
		"head": {
			"rotation": [0, -90, 0]
		},
		"fixed": {
			"rotation": [0, -90, 0],
			"translation": [0, 0, -1],
			"scale": [2, 2, 2]
		}
	}
}