{
	"credit": "Made with Blockbench",
	"texture_size": [24, 24],
	"textures": {
		"2": "shogunset/scythe",
		"particle": "shogunset/scythe"
	},
	"elements": [
		{
			"from": [7.5, 1.2, 7.5],
			"to": [8.5, 7.2, 8.5],
			"rotation": {"angle": 0, "axis": "y", "origin": [7.5, 0.2, 7.5]},
			"faces": {
				"north": {"uv": [5.33333, 3.33333, 6, 7.33333], "texture": "#2"},
				"east": {"uv": [6, 3.33333, 6.66667, 7.33333], "texture": "#2"},
				"south": {"uv": [6.66667, 0, 7.33333, 4], "texture": "#2"},
				"west": {"uv": [6.66667, 4, 7.33333, 8], "texture": "#2"}
			}
		},
		{
			"from": [7.5, 10.2, 7.5],
			"to": [8.5, 16.2, 8.5],
			"rotation": {"angle": 0, "axis": "y", "origin": [7.5, 0.2, 7.5]},
			"faces": {
				"north": {"uv": [7.33333, 0, 8, 4], "texture": "#2"},
				"east": {"uv": [3.33333, 7.33333, 4, 11.33333], "texture": "#2"},
				"south": {"uv": [4, 7.33333, 4.66667, 11.33333], "texture": "#2"},
				"west": {"uv": [7.33333, 4, 8, 8], "texture": "#2"}
			}
		},
		{
			"from": [7, 19.2, 7],
			"to": [9, 19.7, 9],
			"rotation": {"angle": 0, "axis": "y", "origin": [7.5, 6.2, 7.5]},
			"faces": {
				"north": {"uv": [7.33333, 10, 8.66667, 10.33333], "texture": "#2"},
				"east": {"uv": [10, 7.33333, 11.33333, 7.66667], "texture": "#2"},
				"south": {"uv": [10, 8, 11.33333, 8.33333], "texture": "#2"},
				"west": {"uv": [8.66667, 10, 10, 10.33333], "texture": "#2"},
				"up": {"uv": [6, 8.66667, 4.66667, 7.33333], "texture": "#2"},
				"down": {"uv": [9.33333, 0, 8, 1.33333], "texture": "#2"}
			}
		},
		{
			"from": [7.4, 0.5, 7.4],
			"to": [8.6, 1.2, 8.6],
			"rotation": {"angle": 0, "axis": "y", "origin": [7.5, -4.9, 7.5]},
			"faces": {
				"north": {"uv": [1.33333, 10.66667, 2, 11], "texture": "#2"},
				"east": {"uv": [2, 10.66667, 2.66667, 11], "texture": "#2"},
				"south": {"uv": [10.66667, 2, 11.33333, 2.33333], "texture": "#2"},
				"west": {"uv": [2.66667, 10.66667, 3.33333, 11], "texture": "#2"},
				"up": {"uv": [6.66667, 8, 6, 7.33333], "texture": "#2"},
				"down": {"uv": [10.66667, 8.66667, 10, 9.33333], "texture": "#2"}
			}
		},
		{
			"from": [7.5, 0, 7.5],
			"to": [8.5, 0.5, 8.5],
			"rotation": {"angle": 0, "axis": "y", "origin": [8, 0.25, 8]},
			"faces": {
				"north": {"uv": [10.66667, 2.66667, 11.33333, 3], "texture": "#2"},
				"east": {"uv": [10.66667, 3.33333, 11.33333, 3.66667], "texture": "#2"},
				"south": {"uv": [10.66667, 4, 11.33333, 4.33333], "texture": "#2"},
				"west": {"uv": [4.66667, 10.66667, 5.33333, 11], "texture": "#2"},
				"down": {"uv": [10.66667, 9.33333, 10, 10], "texture": "#2"}
			}
		},
		{
			"from": [7.75, -0.25, 7.25],
			"to": [8.25, 0.75, 8.75],
			"rotation": {"angle": 0, "axis": "y", "origin": [8, 0.25, 8]},
			"faces": {
				"north": {"uv": [10.66667, 4.66667, 11, 5.33333], "texture": "#2"},
				"east": {"uv": [10, 6, 11, 6.66667], "texture": "#2"},
				"south": {"uv": [5.33333, 10.66667, 5.66667, 11.33333], "texture": "#2"},
				"west": {"uv": [10, 6.66667, 11, 7.33333], "texture": "#2"},
				"up": {"uv": [1, 11.66667, 0.66667, 10.66667], "texture": "#2"},
				"down": {"uv": [11, 0.66667, 10.66667, 1.66667], "texture": "#2"}
			}
		},
		{
			"from": [7.2535, 19.7, 7.25],
			"to": [8.7465, 22.2, 8.75],
			"rotation": {"angle": 0, "axis": "y", "origin": [7.5035, 7.7, 7.5]},
			"faces": {
				"north": {"uv": [7.33333, 8, 8.33333, 9.66667], "texture": "#2"},
				"east": {"uv": [0, 8.66667, 1, 10.33333], "texture": "#2"},
				"south": {"uv": [1.33333, 8.66667, 2.33333, 10.33333], "texture": "#2"},
				"west": {"uv": [4.66667, 8.66667, 5.66667, 10.33333], "texture": "#2"}
			}
		},
		{
			"from": [7, 21.54289, 7.5],
			"to": [9, 23.54289, 9.5],
			"rotation": {"angle": -45, "axis": "x", "origin": [7.5, 22.04289, 8]},
			"faces": {
				"north": {"uv": [8, 1.33333, 9.33333, 2.66667], "texture": "#2"},
				"east": {"uv": [8, 2.66667, 9.33333, 4], "texture": "#2"},
				"south": {"uv": [8, 4, 9.33333, 5.33333], "texture": "#2"},
				"west": {"uv": [8, 5.33333, 9.33333, 6.66667], "texture": "#2"},
				"up": {"uv": [7.33333, 9.33333, 6, 8], "texture": "#2"},
				"down": {"uv": [9.33333, 6.66667, 8, 8], "texture": "#2"}
			}
		},
		{
			"from": [7.4, 7.2, 7.4],
			"to": [8.6, 10.2, 8.6],
			"rotation": {"angle": 0, "axis": "y", "origin": [7.5, 7.2, 7.5]},
			"faces": {
				"north": {"uv": [2.66667, 8.66667, 3.33333, 10.66667], "texture": "#2"},
				"east": {"uv": [8.66667, 8, 9.33333, 10], "texture": "#2"},
				"south": {"uv": [9.33333, 0, 10, 2], "texture": "#2"},
				"west": {"uv": [9.33333, 2, 10, 4], "texture": "#2"},
				"up": {"uv": [10.66667, 10.66667, 10, 10], "texture": "#2"},
				"down": {"uv": [0.66667, 10.66667, 0, 11.33333], "texture": "#2"}
			}
		},
		{
			"from": [7.4, 16.2, 7.4],
			"to": [8.6, 19.2, 8.6],
			"rotation": {"angle": 0, "axis": "y", "origin": [7.5, 7.2, 7.5]},
			"faces": {
				"north": {"uv": [9.33333, 4, 10, 6], "texture": "#2"},
				"east": {"uv": [6, 9.33333, 6.66667, 11.33333], "texture": "#2"},
				"south": {"uv": [9.33333, 6, 10, 8], "texture": "#2"},
				"west": {"uv": [6.66667, 9.33333, 7.33333, 11.33333], "texture": "#2"},
				"down": {"uv": [11.33333, 0, 10.66667, 0.66667], "texture": "#2"}
			}
		},
		{
			"from": [7.5, 20.42157, 7.08579],
			"to": [8.5, 23.42157, 10.08579],
			"rotation": {"angle": -45, "axis": "x", "origin": [7.5, 19.92157, 6.58579]},
			"faces": {
				"north": {"uv": [9.33333, 8, 10, 10], "texture": "#2"},
				"east": {"uv": [3.33333, 3.33333, 5.33333, 5.33333], "texture": "#2"},
				"south": {"uv": [10, 0, 10.66667, 2], "texture": "#2"},
				"west": {"uv": [3.33333, 5.33333, 5.33333, 7.33333], "texture": "#2"},
				"up": {"uv": [10.66667, 4, 10, 2], "texture": "#2"},
				"down": {"uv": [10.66667, 4, 10, 6], "texture": "#2"}
			}
		},
		{
			"from": [7.985, 16.42509, -0.73959],
			"to": [8.015, 21.42509, 9.26041],
			"rotation": {"angle": -22.5, "axis": "x", "origin": [7.985, 16.42509, -0.73959]},
			"faces": {
				"east": {"uv": [6.66667, 12, 0, 15.33333], "texture": "#2"},
				"west": {"uv": [0, 12, 6.66667, 15.33333], "texture": "#2"}
			}
		},
		{
			"from": [7.985, 13.42509, 9.26041],
			"to": [8.015, 21.42509, 14.26041],
			"rotation": {"angle": -22.5, "axis": "x", "origin": [7.985, 16.42509, -0.73959]},
			"faces": {
				"east": {"uv": [15.66667, 0, 12.33333, 5.33333], "texture": "#2"},
				"west": {"uv": [12.33333, 0, 15.66667, 5.33333], "texture": "#2"}
			}
		}
	],
	"gui_light": "front",
	"display": {
		"thirdperson_righthand": {
			"translation": [0, -7.25, 1]
		},
		"thirdperson_lefthand": {
			"translation": [0, -7.25, 1]
		},
		"firstperson_righthand": {
			"rotation": [-10, 0, 0],
			"translation": [0, -5.5, 1.25]
		},
		"firstperson_lefthand": {
			"rotation": [-10, 0, 0],
			"translation": [0, -5.5, 1.25]
		},
		"ground": {
			"rotation": [-45, 0, 0],
			"translation": [0, 5, 0],
			"scale": [0.8, 0.8, 0.8]
		},
		"gui": {
			"rotation": [-90, 45, 90],
			"translation": [3, -3, 0],
			"scale": [0.7, 0.7, 0.7]
		},
		"head": {
			"rotation": [0, -90, 0]
		},
		"fixed": {
			"rotation": [0, -90, 0],
			"translation": [0, -10, -1],
			"scale": [2, 2, 2]
		}
	}
}