{
	"credit": "Made with Blockbench",
	"texture_size": [32, 32],
	"textures": {
		"0": "shogunset/shield",
		"particle": "shogunset/shield"
	},
	"elements": [
		{
			"from": [6, -0.5, 7.375],
			"to": [10, 13.5, 8.625],
			"rotation": {"angle": 0, "axis": "y", "origin": [5, 1.5, 8.375]},
			"faces": {
				"north": {"uv": [0, 0, 2, 7], "texture": "#0"},
				"east": {"uv": [4, 0, 4.75, 7], "texture": "#0"},
				"south": {"uv": [2, 0, 4, 7], "texture": "#0"},
				"west": {"uv": [5, 0, 5.75, 7], "texture": "#0"}
			}
		},
		{
			"from": [7.19414, -1.61612, 7.37],
			"to": [10.02314, 1.21288, 8.63],
			"rotation": {"angle": -45, "axis": "z", "origin": [7.94414, 0.38388, 7.995]},
			"faces": {
				"north": {"uv": [7, 3, 8.5, 4.5], "texture": "#0"},
				"east": {"uv": [5, 9.5, 5.75, 11], "texture": "#0"},
				"south": {"uv": [4.5, 7, 6, 8.5], "texture": "#0"},
				"west": {"uv": [10, 3, 10.75, 4.5], "texture": "#0"},
				"up": {"uv": [11.5, 7.75, 10, 7], "texture": "#0"},
				"down": {"uv": [11.5, 8, 10, 8.75], "texture": "#0"}
			}
		},
		{
			"from": [7.19414, 12.38388, 7.37],
			"to": [10.02314, 15.21288, 8.63],
			"rotation": {"angle": -45, "axis": "z", "origin": [7.94414, 14.38388, 7.995]},
			"faces": {
				"north": {"uv": [6, 7, 7.5, 8.5], "texture": "#0"},
				"east": {"uv": [10, 9, 10.75, 10.5], "texture": "#0"},
				"south": {"uv": [7.5, 7, 9, 8.5], "texture": "#0"},
				"west": {"uv": [10.5, 4.5, 11.25, 6], "texture": "#0"},
				"up": {"uv": [12, 6.75, 10.5, 6], "texture": "#0"},
				"down": {"uv": [11.5, 10.5, 10, 11.25], "texture": "#0"}
			}
		},
		{
			"from": [3, 11.5, 7.5],
			"to": [13, 12.5, 8.5],
			"rotation": {"angle": 0, "axis": "y", "origin": [4.5, 11.5, 7.5]},
			"faces": {
				"north": {"uv": [7, 1, 12, 1.5], "texture": "#0"},
				"east": {"uv": [4, 9, 4.5, 9.5], "texture": "#0"},
				"south": {"uv": [7, 1.5, 12, 2], "texture": "#0"},
				"west": {"uv": [10, 4.5, 10.5, 5], "texture": "#0"},
				"up": {"uv": [12, 2.5, 7, 2], "texture": "#0"},
				"down": {"uv": [12, 2.5, 7, 3], "texture": "#0"}
			}
		},
		{
			"from": [3, 2.5, 7.5],
			"to": [13, 3.5, 8.5],
			"rotation": {"angle": 0, "axis": "y", "origin": [4.5, 2.5, 7.5]},
			"faces": {
				"north": {"uv": [7, 1, 12, 1.5], "texture": "#0"},
				"east": {"uv": [4, 9, 4.5, 9.5], "texture": "#0"},
				"south": {"uv": [7, 1.5, 12, 2], "texture": "#0"},
				"west": {"uv": [10, 4.5, 10.5, 5], "texture": "#0"},
				"up": {"uv": [12, 2.5, 7, 2], "texture": "#0"},
				"down": {"uv": [12, 2.5, 7, 3], "texture": "#0"}
			}
		},
		{
			"from": [11, 2.25, 7.25],
			"to": [12.5, 5.75, 8.75],
			"rotation": {"angle": 0, "axis": "y", "origin": [11, 2.5, 7.25]},
			"faces": {
				"north": {"uv": [8, 8.5, 8.75, 10.25], "texture": "#0"},
				"east": {"uv": [3, 9, 3.75, 10.75], "texture": "#0"},
				"south": {"uv": [9, 7, 9.75, 8.75], "texture": "#0"},
				"west": {"uv": [9, 9, 9.75, 10.75], "texture": "#0"},
				"up": {"uv": [11.75, 4.25, 11, 3.5], "texture": "#0"},
				"down": {"uv": [12.25, 0, 11.5, 0.75], "texture": "#0"}
			}
		},
		{
			"from": [11, 11.25, 7.25],
			"to": [12.5, 14.75, 8.75],
			"rotation": {"angle": 0, "axis": "y", "origin": [11, 2.5, 7.25]},
			"faces": {
				"north": {"uv": [0, 9.5, 0.75, 11.25], "texture": "#0"},
				"east": {"uv": [1, 9.5, 1.75, 11.25], "texture": "#0"},
				"south": {"uv": [2, 9.5, 2.75, 11.25], "texture": "#0"},
				"west": {"uv": [4, 9.5, 4.75, 11.25], "texture": "#0"},
				"down": {"uv": [2.25, 11.5, 1.5, 12.25], "texture": "#0"}
			}
		},
		{
			"from": [11.25, 5.75, 7.5],
			"to": [12.25, 11.25, 8.5],
			"rotation": {"angle": 0, "axis": "y", "origin": [11, 2.5, 7.25]},
			"faces": {
				"north": {"uv": [6, 8.5, 6.5, 11.25], "texture": "#0"},
				"east": {"uv": [6.5, 8.5, 6, 11.25], "texture": "#0"},
				"south": {"uv": [6, 8.5, 6.5, 11.25], "texture": "#0"},
				"west": {"uv": [6.5, 8.5, 6, 11.25], "texture": "#0"}
			}
		},
		{
			"from": [3.75, 5.75, 7.5],
			"to": [4.75, 11.25, 8.5],
			"rotation": {"angle": 0, "axis": "y", "origin": [5, 2.5, 7.25]},
			"faces": {
				"north": {"uv": [6.5, 8.5, 6, 11.25], "texture": "#0"},
				"east": {"uv": [6, 8.5, 6.5, 11.25], "texture": "#0"},
				"south": {"uv": [6.5, 8.5, 6, 11.25], "texture": "#0"},
				"west": {"uv": [6, 8.5, 6.5, 11.25], "texture": "#0"}
			}
		},
		{
			"from": [3.5, 11.25, 7.25],
			"to": [5, 14.75, 8.75],
			"rotation": {"angle": 0, "axis": "y", "origin": [5, 2.5, 7.25]},
			"faces": {
				"north": {"uv": [0.75, 9.5, 0, 11.25], "texture": "#0"},
				"east": {"uv": [4.75, 9.5, 4, 11.25], "texture": "#0"},
				"south": {"uv": [2.75, 9.5, 2, 11.25], "texture": "#0"},
				"west": {"uv": [1.75, 9.5, 1, 11.25], "texture": "#0"},
				"down": {"uv": [1.5, 11.5, 2.25, 12.25], "texture": "#0"}
			}
		},
		{
			"from": [3.5, 2.25, 7.25],
			"to": [5, 5.75, 8.75],
			"rotation": {"angle": 0, "axis": "y", "origin": [5, 2.5, 7.25]},
			"faces": {
				"north": {"uv": [8.75, 8.5, 8, 10.25], "texture": "#0"},
				"east": {"uv": [9.75, 9, 9, 10.75], "texture": "#0"},
				"south": {"uv": [9.75, 7, 9, 8.75], "texture": "#0"},
				"west": {"uv": [3.75, 9, 3, 10.75], "texture": "#0"},
				"up": {"uv": [11, 4.25, 11.75, 3.5], "texture": "#0"},
				"down": {"uv": [11.5, 0, 12.25, 0.75], "texture": "#0"}
			}
		},
		{
			"from": [3.5, 14.75, 7],
			"to": [12.5, 16.75, 9],
			"rotation": {"angle": 0, "axis": "y", "origin": [3.5, 14.75, 7]},
			"faces": {
				"north": {"uv": [6, 5, 10.5, 6], "texture": "#0"},
				"south": {"uv": [6, 6, 10.5, 7], "texture": "#0"},
				"up": {"uv": [4.5, 8, 0, 7], "texture": "#0"},
				"down": {"uv": [11.5, 0, 7, 1], "texture": "#0"}
			}
		},
		{
			"from": [12.42388, 15.13268, 7],
			"to": [15.42388, 17.13268, 9],
			"rotation": {"angle": 22.5, "axis": "z", "origin": [13.42388, 15.13268, 7]},
			"faces": {
				"north": {"uv": [3, 8, 4.5, 9], "texture": "#0"},
				"east": {"uv": [8, 10.5, 9, 11.5], "texture": "#0"},
				"south": {"uv": [8.5, 3, 10, 4], "texture": "#0"},
				"up": {"uv": [10, 5, 8.5, 4], "texture": "#0"},
				"down": {"uv": [6, 8.5, 4.5, 9.5], "texture": "#0"}
			}
		},
		{
			"from": [12.42388, 14.88268, 6.75],
			"to": [13.42388, 17.38268, 9.25],
			"rotation": {"angle": 22.5, "axis": "z", "origin": [13.42388, 15.13268, 7]},
			"faces": {
				"north": {"uv": [9.5, 11, 10, 12.25], "texture": "#0"},
				"east": {"uv": [0, 8, 1.25, 9.25], "texture": "#0"},
				"south": {"uv": [0, 11.5, 0.5, 12.75], "texture": "#0"},
				"west": {"uv": [1.5, 8, 2.75, 9.25], "texture": "#0"},
				"up": {"uv": [1, 12.75, 0.5, 11.5], "texture": "#0"},
				"down": {"uv": [1.5, 11.5, 1, 12.75], "texture": "#0"}
			}
		},
		{
			"from": [0.57612, 15.13268, 7],
			"to": [3.57612, 17.13268, 9],
			"rotation": {"angle": -22.5, "axis": "z", "origin": [2.57612, 15.13268, 7]},
			"faces": {
				"north": {"uv": [4.5, 8, 3, 9], "texture": "#0"},
				"south": {"uv": [10, 3, 8.5, 4], "texture": "#0"},
				"west": {"uv": [9, 10.5, 8, 11.5], "texture": "#0"},
				"up": {"uv": [8.5, 5, 10, 4], "texture": "#0"},
				"down": {"uv": [4.5, 8.5, 6, 9.5], "texture": "#0"}
			}
		},
		{
			"from": [2.57612, 14.88268, 6.75],
			"to": [3.57612, 17.38268, 9.25],
			"rotation": {"angle": -22.5, "axis": "z", "origin": [2.57612, 15.13268, 7]},
			"faces": {
				"north": {"uv": [10, 11, 9.5, 12.25], "texture": "#0"},
				"east": {"uv": [2.75, 8, 1.5, 9.25], "texture": "#0"},
				"south": {"uv": [0.5, 11.5, 0, 12.75], "texture": "#0"},
				"west": {"uv": [1.25, 8, 0, 9.25], "texture": "#0"},
				"up": {"uv": [0.5, 12.75, 1, 11.5], "texture": "#0"},
				"down": {"uv": [1, 11.5, 1.5, 12.75], "texture": "#0"}
			}
		},
		{
			"from": [7.29289, 11, 8.625],
			"to": [8.29289, 12, 11.625],
			"rotation": {"angle": -45, "axis": "z", "origin": [7.29289, 11, 10.625]},
			"faces": {
				"north": {"uv": [2.5, 11.5, 3, 12], "texture": "#0"},
				"east": {"uv": [7, 4.5, 8.5, 5], "texture": "#0"},
				"south": {"uv": [11.5, 5.5, 12, 6], "texture": "#0"},
				"west": {"uv": [11, 3, 12.5, 3.5], "texture": "#0"},
				"up": {"uv": [9.5, 12.5, 9, 11], "texture": "#0"},
				"down": {"uv": [11.5, 9, 11, 10.5], "texture": "#0"}
			}
		},
		{
			"from": [7.265, 10.265, 11.015],
			"to": [8.735, 11.735, 12.485],
			"rotation": {"angle": -45, "axis": "x", "origin": [8, 11, 11.75]},
			"faces": {
				"north": {"uv": [4, 11.5, 4.75, 12.25], "texture": "#0"},
				"east": {"uv": [11.5, 4.5, 12.25, 5.25], "texture": "#0"},
				"south": {"uv": [6, 11.5, 6.75, 12.25], "texture": "#0"},
				"west": {"uv": [7, 11.5, 7.75, 12.25], "texture": "#0"},
				"up": {"uv": [12.25, 7.75, 11.5, 7], "texture": "#0"},
				"down": {"uv": [8.75, 11.5, 8, 12.25], "texture": "#0"}
			}
		},
		{
			"from": [7.6, 6.375, 11.35],
			"to": [8.4, 9.625, 12.15],
			"rotation": {"angle": 0, "axis": "y", "origin": [7.5, 6.375, 11.25]},
			"faces": {
				"north": {"uv": [6, 11, 5.5, 12.75], "texture": "#0"},
				"east": {"uv": [5.5, 11, 6, 12.75], "texture": "#0"},
				"south": {"uv": [6, 11, 5.5, 12.75], "texture": "#0"},
				"west": {"uv": [5.5, 11, 6, 12.75], "texture": "#0"}
			}
		},
		{
			"from": [7.5, 9.625, 11.25],
			"to": [8.5, 10.625, 12.25],
			"rotation": {"angle": 0, "axis": "y", "origin": [7.5, 9.625, 11.25]},
			"faces": {
				"north": {"uv": [12, 9.5, 11.5, 10], "texture": "#0"},
				"east": {"uv": [11.5, 9.5, 12, 10], "texture": "#0"},
				"south": {"uv": [12, 9.5, 11.5, 10], "texture": "#0"},
				"west": {"uv": [11.5, 9.5, 12, 10], "texture": "#0"},
				"down": {"uv": [10.5, 11.5, 10, 12], "texture": "#0"}
			}
		},
		{
			"from": [7.265, 4.265, 11.015],
			"to": [8.735, 5.735, 12.485],
			"rotation": {"angle": 45, "axis": "x", "origin": [8, 5, 11.75]},
			"faces": {
				"north": {"uv": [4, 12.25, 4.75, 11.5], "texture": "#0"},
				"east": {"uv": [11.5, 5.25, 12.25, 4.5], "texture": "#0"},
				"south": {"uv": [6, 12.25, 6.75, 11.5], "texture": "#0"},
				"west": {"uv": [7, 12.25, 7.75, 11.5], "texture": "#0"},
				"up": {"uv": [8.75, 12.25, 8, 11.5], "texture": "#0"},
				"down": {"uv": [12.25, 7, 11.5, 7.75], "texture": "#0"}
			}
		},
		{
			"from": [7.29289, 4, 8.625],
			"to": [8.29289, 5, 11.625],
			"rotation": {"angle": 45, "axis": "z", "origin": [7.29289, 5, 10.625]},
			"faces": {
				"north": {"uv": [2.5, 12, 3, 11.5], "texture": "#0"},
				"east": {"uv": [7, 5, 8.5, 4.5], "texture": "#0"},
				"south": {"uv": [11.5, 6, 12, 5.5], "texture": "#0"},
				"west": {"uv": [11, 3.5, 12.5, 3], "texture": "#0"},
				"up": {"uv": [11.5, 10.5, 11, 9], "texture": "#0"},
				"down": {"uv": [9.5, 11, 9, 12.5], "texture": "#0"}
			}
		},
		{
			"from": [7.5, 5.375, 11.25],
			"to": [8.5, 6.375, 12.25],
			"rotation": {"angle": 0, "axis": "y", "origin": [7.5, 6.375, 11.25]},
			"faces": {
				"north": {"uv": [12, 10, 11.5, 9.5], "texture": "#0"},
				"east": {"uv": [11.5, 10, 12, 9.5], "texture": "#0"},
				"south": {"uv": [12, 10, 11.5, 9.5], "texture": "#0"},
				"west": {"uv": [11.5, 10, 12, 9.5], "texture": "#0"},
				"up": {"uv": [10.5, 12, 10, 11.5], "texture": "#0"}
			}
		},
		{
			"from": [12.77164, 5.89805, 7.985],
			"to": [14.77164, 15.89805, 8.015],
			"rotation": {"angle": 0, "axis": "y", "origin": [11.77164, 5.89805, 7.985]},
			"faces": {
				"north": {"uv": [6, 0, 7, 5], "texture": "#0"},
				"south": {"uv": [7, 0, 6, 5], "texture": "#0"}
			}
		},
		{
			"from": [1.22836, 5.89805, 7.985],
			"to": [3.22836, 15.89805, 8.015],
			"rotation": {"angle": 0, "axis": "y", "origin": [4.22836, 5.89805, 7.985]},
			"faces": {
				"north": {"uv": [7, 0, 6, 5], "texture": "#0"},
				"south": {"uv": [6, 0, 7, 5], "texture": "#0"}
			}
		}
	],
	"gui_light": "front",
	"display": {
		"thirdperson_righthand": {
			"rotation": [0, -70, 0],
			"translation": [3.5, -2, -0.5]
		},
		"thirdperson_lefthand": {
			"rotation": [0, -70, 0],
			"translation": [3.5, -2, -0.5]
		},
		"firstperson_righthand": {
			"rotation": [0, 0, -7],
			"translation": [1, 0, 0]
		},
		"firstperson_lefthand": {
			"rotation": [0, 0, -7],
			"translation": [1, 0, 0]
		},
		"ground": {
			"rotation": [55, 0, 0],
			"translation": [0, 5, 0]
		},
		"gui": {
			"rotation": [0, 180, -45],
			"translation": [1.25, -1.25, 0],
			"scale": [0.76172, 0.76172, 0.76172]
		},
		"fixed": {
			"translation": [0, 0, -6],
			"scale": [2, 2, 2]
		}
	}
}