{
	"credit": "Made by PolygonMC",
	"texture_size": [24, 24],
	"textures": {
		"1": "shogunset/sword"
	},
	"elements": [
		{
			"from": [7.5, 1.2, 7.5],
			"to": [8.5, 7.2, 8.5],
			"rotation": {"angle": 0, "axis": "y", "origin": [7.5, 0.2, 7.5]},
			"faces": {
				"north": {"uv": [4.33333, 0, 3.66667, 4], "texture": "#1"},
				"east": {"uv": [3.66667, 0, 4.33333, 4], "texture": "#1"},
				"south": {"uv": [4.33333, 0, 3.66667, 4], "texture": "#1"},
				"west": {"uv": [3.66667, 0, 4.33333, 4], "texture": "#1"}
			}
		},
		{
			"from": [7, 7.2, 7],
			"to": [9, 7.7, 9],
			"rotation": {"angle": 0, "axis": "y", "origin": [7.5, 6.2, 7.5]},
			"faces": {
				"north": {"uv": [3.66667, 4.66667, 5, 5], "texture": "#1"},
				"east": {"uv": [5, 3.33333, 6.33333, 3.66667], "texture": "#1"},
				"south": {"uv": [5, 4, 6.33333, 4.33333], "texture": "#1"},
				"west": {"uv": [5, 4.66667, 6.33333, 5], "texture": "#1"},
				"up": {"uv": [5.66667, 1.33333, 4.33333, 0], "texture": "#1"},
				"down": {"uv": [3, 4, 1.66667, 5.33333], "texture": "#1"}
			}
		},
		{
			"from": [7.4, 0.5, 7.4],
			"to": [8.6, 1.2, 8.6],
			"rotation": {"angle": 0, "axis": "y", "origin": [7.5, -4.9, 7.5]},
			"faces": {
				"north": {"uv": [3, 5.33333, 3.66667, 5.66667], "texture": "#1"},
				"east": {"uv": [5.66667, 2.66667, 6.33333, 3], "texture": "#1"},
				"south": {"uv": [3.66667, 5.33333, 4.33333, 5.66667], "texture": "#1"},
				"west": {"uv": [4.33333, 5.33333, 5, 5.66667], "texture": "#1"},
				"up": {"uv": [5, 4, 4.33333, 3.33333], "texture": "#1"},
				"down": {"uv": [5, 4, 4.33333, 4.66667], "texture": "#1"}
			}
		},
		{
			"from": [7.5, 0, 7.5],
			"to": [8.5, 0.5, 8.5],
			"rotation": {"angle": 0, "axis": "y", "origin": [8, 0.25, 8]},
			"faces": {
				"north": {"uv": [5, 5.33333, 5.66667, 5.66667], "texture": "#1"},
				"east": {"uv": [5.66667, 5.33333, 6.33333, 5.66667], "texture": "#1"},
				"south": {"uv": [6.33333, 0, 7, 0.33333], "texture": "#1"},
				"west": {"uv": [6.33333, 0.66667, 7, 1], "texture": "#1"},
				"down": {"uv": [3.66667, 4.66667, 3, 5.33333], "texture": "#1"}
			}
		},
		{
			"from": [7.75, -0.25, 7.25],
			"to": [8.25, 0.75, 8.75],
			"rotation": {"angle": 0, "axis": "z", "origin": [8, 0.25, 8]},
			"faces": {
				"north": {"uv": [6.33333, 1.33333, 6.66667, 2], "texture": "#1"},
				"east": {"uv": [4.33333, 1.33333, 5.33333, 2], "texture": "#1"},
				"south": {"uv": [6.33333, 2, 6.66667, 2.66667], "texture": "#1"},
				"west": {"uv": [4.33333, 2, 5.33333, 2.66667], "texture": "#1"},
				"up": {"uv": [6, 1, 5.66667, 0], "texture": "#1"},
				"down": {"uv": [2, 5.33333, 1.66667, 6.33333], "texture": "#1"}
			}
		},
		{
			"from": [7.75, 7.7, 7.25],
			"to": [8.25, 8.7, 8.75],
			"rotation": {"angle": 0, "axis": "y", "origin": [7.75, 7.7, 7]},
			"faces": {
				"north": {"uv": [3, 6, 3.33333, 6.66667], "texture": "#1"},
				"east": {"uv": [3, 4, 4, 4.66667], "texture": "#1"},
				"south": {"uv": [6.33333, 2.66667, 6.66667, 3.33333], "texture": "#1"},
				"west": {"uv": [4.33333, 2.66667, 5.33333, 3.33333], "texture": "#1"},
				"up": {"uv": [6, 2.33333, 5.66667, 1.33333], "texture": "#1"},
				"down": {"uv": [2.66667, 5.33333, 2.33333, 6.33333], "texture": "#1"}
			}
		},
		{
			"from": [7.985, 8.7, 7.5],
			"to": [8.015, 29.7, 9.5],
			"rotation": {"angle": 0, "axis": "y", "origin": [7.985, 8.7, 7.5]},
			"faces": {
				"east": {"uv": [1.33333, 0, 0, 14], "texture": "#1"},
				"west": {"uv": [0, 0, 1.33333, 14], "texture": "#1"}
			}
		}
	],
	"gui_light": "front",
	"display": {
		"thirdperson_righthand": {
			"translation": [0, 1, 1]
		},
		"thirdperson_lefthand": {
			"translation": [0, 1, 1]
		},
		"firstperson_righthand": {
			"rotation": [-10, 0, 0],
			"translation": [0, 1, 0]
		},
		"firstperson_lefthand": {
			"rotation": [-10, 0, 0],
			"translation": [0, 1, 0]
		},
		"ground": {
			"rotation": [-45, 0, 0],
			"translation": [0, 5, 0],
			"scale": [0.8, 0.8, 0.8]
		},
		"gui": {
			"rotation": [-90, 45, 90],
			"translation": [3.5, -3.75, 0],
			"scale": [0.78, 0.78, 0.78]
		},
		"head": {
			"rotation": [0, -90, 0]
		},
		"fixed": {
			"rotation": [0, -90, 0],
			"translation": [0, 0, -1],
			"scale": [2, 2, 2]
		}
	}
}