{
	"credit": "Made by PolygonMC",
	"texture_size": [4, 4],
	"textures": {
		"2": "mysticcyanset/animations/animations_hammer",
		"4": "mysticcyanset/animations/animations_1",
		"5": "mysticcyanset/hammer",
		"particle": "mysticcyanset/animations/animations_hammer"
	},
	"elements": [
		{
			"from": [7.25, 0.55, 6.125],
			"to": [8.75, 1.05, 7.625],
			"rotation": {"angle": 0, "axis": "y", "origin": [7.5, 0.55, 7.375]},
			"faces": {
				"north": {"uv": [5.14286, 12.57143, 6, 12.85714], "texture": "#5"},
				"east": {"uv": [12.57143, 5.14286, 13.42857, 5.42857], "texture": "#5"},
				"south": {"uv": [12.57143, 5.71429, 13.42857, 6], "texture": "#5"},
				"west": {"uv": [6.28571, 12.57143, 7.14286, 12.85714], "texture": "#5"},
				"up": {"uv": [11.14286, 8.28571, 10.28571, 7.42857], "texture": "#5"},
				"down": {"uv": [11.14286, 8.57143, 10.28571, 9.42857], "texture": "#5"}
			}
		},
		{
			"from": [7.25, 6.55, 6.125],
			"to": [8.75, 7.05, 7.625],
			"rotation": {"angle": 0, "axis": "y", "origin": [7.5, 0.075, 8.375]},
			"faces": {
				"north": {"uv": [12.57143, 6.28571, 13.42857, 6.57143], "texture": "#5"},
				"east": {"uv": [12.57143, 6.85714, 13.42857, 7.14286], "texture": "#5"},
				"south": {"uv": [7.42857, 12.57143, 8.28571, 12.85714], "texture": "#5"},
				"west": {"uv": [12.57143, 7.42857, 13.42857, 7.71429], "texture": "#5"},
				"up": {"uv": [10, 11.14286, 9.14286, 10.28571], "texture": "#5"},
				"down": {"uv": [11.14286, 9.71429, 10.28571, 10.57143], "texture": "#5"}
			}
		},
		{
			"from": [7.25, 10.25, 7.25],
			"to": [8.75, 10.75, 8.75],
			"rotation": {"angle": 0, "axis": "y", "origin": [7.5, 10.25, 8.5]},
			"faces": {
				"north": {"uv": [12.57143, 8, 13.42857, 8.28571], "texture": "#5"},
				"east": {"uv": [12.57143, 8.57143, 13.42857, 8.85714], "texture": "#5"},
				"south": {"uv": [9.71429, 12.57143, 10.57143, 12.85714], "texture": "#5"},
				"west": {"uv": [12.57143, 9.71429, 13.42857, 10], "texture": "#5"},
				"up": {"uv": [11.71429, 0.85714, 10.85714, 0], "texture": "#5"},
				"down": {"uv": [3.71429, 10.85714, 2.85714, 11.71429], "texture": "#5"}
			}
		},
		{
			"from": [7.25, 11.5, 7.25],
			"to": [8.75, 12, 8.75],
			"rotation": {"angle": 0, "axis": "y", "origin": [7.5, 11.5, 8.5]},
			"faces": {
				"north": {"uv": [12.57143, 10.28571, 13.42857, 10.57143], "texture": "#5"},
				"east": {"uv": [10.85714, 12.57143, 11.71429, 12.85714], "texture": "#5"},
				"south": {"uv": [12.57143, 10.85714, 13.42857, 11.14286], "texture": "#5"},
				"west": {"uv": [12.57143, 11.42857, 13.42857, 11.71429], "texture": "#5"},
				"up": {"uv": [4.85714, 11.71429, 4, 10.85714], "texture": "#5"},
				"down": {"uv": [6, 10.85714, 5.14286, 11.71429], "texture": "#5"}
			}
		},
		{
			"from": [7.35, 17.5, 7.35],
			"to": [8.65, 18.5, 8.65],
			"rotation": {"angle": 0, "axis": "y", "origin": [7.5, 9.75, 8.5]},
			"faces": {
				"north": {"uv": [12, 1.14286, 12.71429, 1.71429], "texture": "#5"},
				"east": {"uv": [12, 2.28571, 12.71429, 2.85714], "texture": "#5"},
				"south": {"uv": [2.85714, 12, 3.57143, 12.57143], "texture": "#5"},
				"west": {"uv": [12, 2.85714, 12.71429, 3.42857], "texture": "#5"},
				"up": {"uv": [12.14286, 10.42857, 11.42857, 9.71429], "texture": "#5"},
				"down": {"uv": [12.14286, 10.85714, 11.42857, 11.57143], "texture": "#5"}
			}
		},
		{
			"from": [7.35, 6.725, 6.15],
			"to": [8.65, 7.225, 7.65],
			"rotation": {"angle": 22.5, "axis": "x", "origin": [8, 6.975, 7.875]},
			"faces": {
				"north": {"uv": [2.85714, 13.14286, 3.57143, 13.42857], "texture": "#5"},
				"east": {"uv": [12, 12.57143, 12.85714, 12.85714], "texture": "#5"},
				"south": {"uv": [13.14286, 2.85714, 13.85714, 3.14286], "texture": "#5"},
				"west": {"uv": [13.14286, 0, 14, 0.28571], "texture": "#5"},
				"up": {"uv": [12.14286, 5.42857, 11.42857, 4.57143], "texture": "#5"},
				"down": {"uv": [12.14286, 5.71429, 11.42857, 6.57143], "texture": "#5"}
			}
		},
		{
			"from": [7.35, 9.325, 7.125],
			"to": [8.65, 9.825, 8.625],
			"rotation": {"angle": 22.5, "axis": "x", "origin": [8, 9.575, 7.875]},
			"faces": {
				"north": {"uv": [13.14286, 3.42857, 13.85714, 3.71429], "texture": "#5"},
				"east": {"uv": [13.14286, 0.57143, 14, 0.85714], "texture": "#5"},
				"south": {"uv": [4, 13.14286, 4.71429, 13.42857], "texture": "#5"},
				"west": {"uv": [1.14286, 13.14286, 2, 13.42857], "texture": "#5"},
				"up": {"uv": [12.14286, 7.71429, 11.42857, 6.85714], "texture": "#5"},
				"down": {"uv": [12.14286, 8, 11.42857, 8.85714], "texture": "#5"}
			}
		},
		{
			"from": [7.5, 6.5, 6.825],
			"to": [8.5, 9.5, 7.825],
			"rotation": {"angle": 22.5, "axis": "x", "origin": [8, 8.075, 7.875]},
			"faces": {
				"north": {"uv": [8.57143, 3.42857, 9.14286, 5.14286], "texture": "#5"},
				"east": {"uv": [9.14286, 2.28571, 9.71429, 4], "texture": "#5"},
				"south": {"uv": [2.85714, 9.14286, 3.42857, 10.85714], "texture": "#5"},
				"west": {"uv": [3.42857, 9.14286, 4, 10.85714], "texture": "#5"}
			}
		},
		{
			"from": [7.4, 9.5, 7.4],
			"to": [8.6, 11.5, 8.6],
			"rotation": {"angle": 0, "axis": "y", "origin": [7.5, 9.5, 8.5]},
			"faces": {
				"north": {"uv": [1.14286, 10.28571, 1.85714, 11.42857], "texture": "#5"},
				"east": {"uv": [10.28571, 4, 11, 5.14286], "texture": "#5"},
				"south": {"uv": [10.28571, 5.14286, 11, 6.28571], "texture": "#5"},
				"west": {"uv": [10.28571, 6.28571, 11, 7.42857], "texture": "#5"}
			}
		},
		{
			"from": [7.4, -0.45, 6.275],
			"to": [8.6, 0.55, 7.475],
			"rotation": {"angle": 0, "axis": "y", "origin": [7.25, -0.45, 6.625]},
			"faces": {
				"north": {"uv": [12, 3.42857, 12.71429, 4], "texture": "#5"},
				"east": {"uv": [4, 12, 4.71429, 12.57143], "texture": "#5"},
				"south": {"uv": [12, 4, 12.71429, 4.57143], "texture": "#5"},
				"west": {"uv": [5.14286, 12, 5.85714, 12.57143], "texture": "#5"}
			}
		},
		{
			"from": [7.3975, -0.82322, 6.325],
			"to": [8.6025, 0.02678, 7.175],
			"rotation": {"angle": -45, "axis": "x", "origin": [7.9975, -0.27322, 6.875]},
			"faces": {
				"north": {"uv": [10.85714, 12, 11.57143, 12.42857], "texture": "#5"},
				"east": {"uv": [13.14286, 12.57143, 13.57143, 13], "texture": "#5"},
				"south": {"uv": [12, 12, 12.71429, 12.42857], "texture": "#5"},
				"west": {"uv": [13.14286, 13.14286, 13.57143, 13.57143], "texture": "#5"},
				"up": {"uv": [13.28571, 2.14286, 12.57143, 1.71429], "texture": "#5"},
				"down": {"uv": [3.57143, 12.57143, 2.85714, 13], "texture": "#5"}
			}
		},
		{
			"from": [7.25, 21.71421, 7],
			"to": [8.75, 23.71421, 9],
			"rotation": {"angle": 45, "axis": "x", "origin": [8, 22.71421, 8]},
			"faces": {
				"north": {"uv": [9.14286, 4, 10, 5.14286], "texture": "#5"},
				"east": {"uv": [6.85714, 2.28571, 8, 3.42857], "texture": "#5"},
				"south": {"uv": [9.14286, 5.14286, 10, 6.28571], "texture": "#5"},
				"west": {"uv": [8, 2.28571, 9.14286, 3.42857], "texture": "#5"},
				"up": {"uv": [10, 7.42857, 9.14286, 6.28571], "texture": "#5"},
				"down": {"uv": [10, 7.42857, 9.14286, 8.57143], "texture": "#5"}
			}
		},
		{
			"from": [7.375, 20.24461, 4.9098],
			"to": [8.625, 20.74461, 7.1598],
			"rotation": {"angle": 0, "axis": "x", "origin": [8, 20.49461, 5.79019]},
			"faces": {
				"north": {"uv": [13.85714, 4.28571, 13.14286, 4], "rotation": 180, "texture": "#5"},
				"east": {"uv": [8.57143, 12, 8.85714, 13.28571], "rotation": 90, "texture": "#5"},
				"south": {"uv": [5.85714, 13.14286, 5.14286, 13.42857], "texture": "#5"},
				"west": {"uv": [9.14286, 12, 9.42857, 13.28571], "rotation": 270, "texture": "#5"},
				"up": {"uv": [9.71429, 0, 10.42857, 1.28571], "texture": "#5"},
				"down": {"uv": [9.14286, 8.57143, 9.85714, 9.85714], "rotation": 180, "texture": "#5"}
			}
		},
		{
			"from": [7.376, 20.38866, 4.88115],
			"to": [8.624, 21.23866, 5.80615],
			"rotation": {"angle": 22.5, "axis": "x", "origin": [8, 20.49461, 5.79019]},
			"faces": {
				"north": {"uv": [4.71429, 13, 4, 12.57143], "rotation": 180, "texture": "#5"},
				"east": {"uv": [1.14286, 12.57143, 1.57143, 13.14286], "rotation": 90, "texture": "#5"},
				"west": {"uv": [13.14286, 1.14286, 13.57143, 1.71429], "rotation": 270, "texture": "#5"},
				"up": {"uv": [6.28571, 12, 7, 12.57143], "texture": "#5"}
			}
		},
		{
			"from": [7.376, 19.75055, 4.88115],
			"to": [8.624, 20.60055, 5.80615],
			"rotation": {"angle": -22.5, "axis": "x", "origin": [8, 20.49461, 5.79019]},
			"faces": {
				"north": {"uv": [13.28571, 5, 12.57143, 4.57143], "rotation": 180, "texture": "#5"},
				"east": {"uv": [2.28571, 13.14286, 2.71429, 13.71429], "rotation": 90, "texture": "#5"},
				"west": {"uv": [13.14286, 2.28571, 13.57143, 2.85714], "rotation": 270, "texture": "#5"},
				"down": {"uv": [7.42857, 12, 8.14286, 12.57143], "rotation": 180, "texture": "#5"}
			}
		},
		{
			"from": [7.5, 20.02113, 4.26368],
			"to": [8.5, 22.02113, 6.26368],
			"rotation": {"angle": -45, "axis": "x", "origin": [8, 20.49461, 5.79019]},
			"faces": {
				"north": {"uv": [6.28571, 10.85714, 6.85714, 12], "texture": "#5"},
				"east": {"uv": [2.85714, 8, 4, 9.14286], "texture": "#5"},
				"south": {"uv": [6.85714, 10.85714, 7.42857, 12], "texture": "#5"},
				"west": {"uv": [8, 5.14286, 9.14286, 6.28571], "texture": "#5"},
				"up": {"uv": [8, 12, 7.42857, 10.85714], "texture": "#5"},
				"down": {"uv": [8.57143, 10.85714, 8, 12], "texture": "#5"}
			}
		},
		{
			"from": [7.375, 20.74461, 5.9098],
			"to": [8.625, 21.24461, 7.1598],
			"rotation": {"angle": 0, "axis": "x", "origin": [8, 20.49461, 5.79019]},
			"faces": {
				"north": {"uv": [8.14286, 13.42857, 7.42857, 13.14286], "rotation": 180, "texture": "#5"},
				"east": {"uv": [6.28571, 13.14286, 6.57143, 13.85714], "rotation": 90, "texture": "#5"},
				"south": {"uv": [10.42857, 13.14286, 9.71429, 13.42857], "texture": "#5"},
				"west": {"uv": [6.85714, 13.14286, 7.14286, 13.85714], "rotation": 270, "texture": "#5"},
				"up": {"uv": [12, 0, 12.71429, 0.71429], "texture": "#5"}
			}
		},
		{
			"from": [7.375, 19.74461, 5.9098],
			"to": [8.625, 20.24461, 7.1598],
			"rotation": {"angle": 0, "axis": "x", "origin": [8, 20.49461, 5.79019]},
			"faces": {
				"north": {"uv": [12.71429, 13.42857, 12, 13.14286], "rotation": 180, "texture": "#5"},
				"east": {"uv": [10.85714, 13.14286, 11.14286, 13.85714], "rotation": 90, "texture": "#5"},
				"south": {"uv": [13.85714, 12, 13.14286, 12.28571], "texture": "#5"},
				"west": {"uv": [11.42857, 13.14286, 11.71429, 13.85714], "rotation": 270, "texture": "#5"},
				"down": {"uv": [1.71429, 12, 2.42857, 12.71429], "rotation": 180, "texture": "#5"}
			}
		},
		{
			"from": [7.375, 20.24461, 8.8402],
			"to": [8.625, 20.74461, 11.0902],
			"rotation": {"angle": 0, "axis": "x", "origin": [8, 20.49461, 10.20981]},
			"faces": {
				"north": {"uv": [5.14286, 13.14286, 5.85714, 13.42857], "texture": "#5"},
				"east": {"uv": [8.57143, 13.28571, 8.85714, 12], "rotation": 90, "texture": "#5"},
				"south": {"uv": [13.14286, 4.28571, 13.85714, 4], "rotation": 180, "texture": "#5"},
				"west": {"uv": [9.14286, 13.28571, 9.42857, 12], "rotation": 270, "texture": "#5"},
				"up": {"uv": [9.71429, 1.28571, 10.42857, 0], "texture": "#5"},
				"down": {"uv": [9.14286, 9.85714, 9.85714, 8.57143], "rotation": 180, "texture": "#5"}
			}
		},
		{
			"from": [7.376, 20.38866, 10.19385],
			"to": [8.624, 21.23866, 11.11885],
			"rotation": {"angle": -22.5, "axis": "x", "origin": [8, 20.49461, 10.20981]},
			"faces": {
				"east": {"uv": [1.14286, 13.14286, 1.57143, 12.57143], "rotation": 90, "texture": "#5"},
				"south": {"uv": [4, 13, 4.71429, 12.57143], "rotation": 180, "texture": "#5"},
				"west": {"uv": [13.14286, 1.71429, 13.57143, 1.14286], "rotation": 270, "texture": "#5"},
				"up": {"uv": [6.28571, 12.57143, 7, 12], "texture": "#5"}
			}
		},
		{
			"from": [7.376, 19.75055, 10.19385],
			"to": [8.624, 20.60055, 11.11885],
			"rotation": {"angle": 22.5, "axis": "x", "origin": [8, 20.49461, 10.20981]},
			"faces": {
				"east": {"uv": [2.28571, 13.71429, 2.71429, 13.14286], "rotation": 90, "texture": "#5"},
				"south": {"uv": [12.57143, 5, 13.28571, 4.57143], "rotation": 180, "texture": "#5"},
				"west": {"uv": [13.14286, 2.85714, 13.57143, 2.28571], "rotation": 270, "texture": "#5"},
				"down": {"uv": [7.42857, 12.57143, 8.14286, 12], "rotation": 180, "texture": "#5"}
			}
		},
		{
			"from": [7.5, 20.02113, 9.73632],
			"to": [8.5, 22.02113, 11.73632],
			"rotation": {"angle": 45, "axis": "x", "origin": [8, 20.49461, 10.20981]},
			"faces": {
				"north": {"uv": [7.42857, 10.85714, 6.85714, 12], "texture": "#5"},
				"east": {"uv": [4, 8, 2.85714, 9.14286], "texture": "#5"},
				"south": {"uv": [6.85714, 10.85714, 6.28571, 12], "texture": "#5"},
				"west": {"uv": [9.14286, 5.14286, 8, 6.28571], "texture": "#5"},
				"up": {"uv": [8, 10.85714, 7.42857, 12], "texture": "#5"},
				"down": {"uv": [8.57143, 12, 8, 10.85714], "texture": "#5"}
			}
		},
		{
			"from": [7.375, 20.74461, 8.8402],
			"to": [8.625, 21.24461, 10.0902],
			"rotation": {"angle": 0, "axis": "x", "origin": [8, 20.49461, 10.20981]},
			"faces": {
				"north": {"uv": [9.71429, 13.14286, 10.42857, 13.42857], "texture": "#5"},
				"east": {"uv": [6.28571, 13.85714, 6.57143, 13.14286], "rotation": 90, "texture": "#5"},
				"south": {"uv": [7.42857, 13.42857, 8.14286, 13.14286], "rotation": 180, "texture": "#5"},
				"west": {"uv": [6.85714, 13.85714, 7.14286, 13.14286], "rotation": 270, "texture": "#5"},
				"up": {"uv": [12, 0.71429, 12.71429, 0], "texture": "#5"}
			}
		},
		{
			"from": [7.375, 19.74461, 8.8402],
			"to": [8.625, 20.24461, 10.0902],
			"rotation": {"angle": 0, "axis": "x", "origin": [8, 20.49461, 10.20981]},
			"faces": {
				"north": {"uv": [13.14286, 12, 13.85714, 12.28571], "texture": "#5"},
				"east": {"uv": [10.85714, 13.85714, 11.14286, 13.14286], "rotation": 90, "texture": "#5"},
				"south": {"uv": [12, 13.42857, 12.71429, 13.14286], "rotation": 180, "texture": "#5"},
				"west": {"uv": [11.42857, 13.85714, 11.71429, 13.14286], "rotation": 270, "texture": "#5"},
				"down": {"uv": [1.71429, 12.71429, 2.42857, 12], "rotation": 180, "texture": "#5"}
			}
		},
		{
			"from": [7.5, 18.5, 6],
			"to": [8.5, 22.5, 7],
			"rotation": {"angle": 45, "axis": "x", "origin": [8, 20.5, 8]},
			"faces": {
				"north": {"uv": [8, 6.28571, 8.57143, 8.57143], "texture": "#5"},
				"east": {"uv": [6.28571, 8.57143, 6.85714, 10.85714], "texture": "#5"},
				"south": {"uv": [8.57143, 6.28571, 9.14286, 8.57143], "texture": "#5"},
				"west": {"uv": [6.85714, 8.57143, 7.42857, 10.85714], "texture": "#5"}
			}
		},
		{
			"from": [7.5, 18.5, 9],
			"to": [8.5, 22.5, 10],
			"rotation": {"angle": 45, "axis": "x", "origin": [8, 20.5, 8]},
			"faces": {
				"north": {"uv": [7.42857, 8.57143, 8, 10.85714], "texture": "#5"},
				"east": {"uv": [8, 8.57143, 8.57143, 10.85714], "texture": "#5"},
				"south": {"uv": [8.57143, 8.57143, 9.14286, 10.85714], "texture": "#5"},
				"west": {"uv": [9.14286, 0, 9.71429, 2.28571], "texture": "#5"},
				"up": {"uv": [10.28571, 12.57143, 9.71429, 12], "texture": "#5"},
				"down": {"uv": [10.85714, 12, 10.28571, 12.57143], "texture": "#5"}
			}
		},
		{
			"from": [7.5, 18.5, 7],
			"to": [8.5, 19.5, 9],
			"rotation": {"angle": 45, "axis": "x", "origin": [8, 20.5, 8]},
			"faces": {
				"east": {"uv": [10.85714, 1.14286, 12, 1.71429], "texture": "#5"},
				"west": {"uv": [10.28571, 10.85714, 11.42857, 11.42857], "texture": "#5"},
				"up": {"uv": [9.14286, 12, 8.57143, 10.85714], "texture": "#5"},
				"down": {"uv": [1.71429, 11.42857, 1.14286, 12.57143], "texture": "#5"}
			}
		},
		{
			"from": [7.5, 21.5, 7],
			"to": [8.5, 22.5, 9],
			"rotation": {"angle": 45, "axis": "x", "origin": [8, 20.5, 8]},
			"faces": {
				"east": {"uv": [1.71429, 11.42857, 2.85714, 12], "texture": "#5"},
				"west": {"uv": [11.42857, 1.71429, 12.57143, 2.28571], "texture": "#5"},
				"up": {"uv": [12, 3.42857, 11.42857, 2.28571], "texture": "#5"},
				"down": {"uv": [12, 3.42857, 11.42857, 4.57143], "texture": "#5"}
			}
		},
		{
			"from": [7, 19.48921, 7],
			"to": [9, 21.48921, 9],
			"rotation": {"angle": 45, "axis": "x", "origin": [8, 20.48921, 8]},
			"faces": {
				"north": {"uv": [6.5, 0, 10.5, 4], "texture": "#4"},
				"east": {"uv": [6.5, 0, 10.5, 4], "texture": "#4"},
				"south": {"uv": [6.5, 0, 10.5, 4], "texture": "#4"},
				"west": {"uv": [6.5, 0, 10.5, 4], "texture": "#4"},
				"up": {"uv": [6.5, 0, 10.5, 4], "texture": "#4"},
				"down": {"uv": [6.5, 0, 10.5, 4], "texture": "#4"}
			}
		},
		{
			"from": [5.65, 19.25, 4.7],
			"to": [5.68, 24.25, 7.7],
			"rotation": {"angle": 22.5, "axis": "y", "origin": [5.65, 19.25, 3.7]},
			"faces": {
				"east": {"uv": [6, 0, 0, 10], "texture": "#4"},
				"west": {"uv": [0, 0, 6, 10], "texture": "#4"}
			}
		},
		{
			"from": [5.65, 19.25, 8.3],
			"to": [5.68, 24.25, 11.3],
			"rotation": {"angle": -22.5, "axis": "y", "origin": [5.65, 19.25, 12.3]},
			"faces": {
				"east": {"uv": [0, 0, 6, 10], "texture": "#4"},
				"west": {"uv": [6, 0, 0, 10], "texture": "#4"}
			}
		},
		{
			"from": [10.32, 19.25, 8.3],
			"to": [10.35, 24.25, 11.3],
			"rotation": {"angle": 22.5, "axis": "y", "origin": [10.35, 19.25, 12.3]},
			"faces": {
				"east": {"uv": [0, 0, 6, 10], "texture": "#4"},
				"west": {"uv": [6, 0, 0, 10], "texture": "#4"}
			}
		},
		{
			"from": [10.32, 19.25, 4.7],
			"to": [10.35, 24.25, 7.7],
			"rotation": {"angle": -22.5, "axis": "y", "origin": [10.35, 19.25, 3.7]},
			"faces": {
				"east": {"uv": [6, 0, 0, 10], "texture": "#4"},
				"west": {"uv": [0, 0, 6, 10], "texture": "#4"}
			}
		},
		{
			"from": [7.5, 1.05, 6.375],
			"to": [8.5, 6.55, 7.375],
			"rotation": {"angle": 0, "axis": "y", "origin": [7.5, 1.05, 6.375]},
			"faces": {
				"north": {"uv": [1.14286, 6.85714, 1.71429, 10], "texture": "#5"},
				"east": {"uv": [1.71429, 6.85714, 2.28571, 10], "texture": "#5"},
				"south": {"uv": [4, 7.42857, 4.57143, 10.57143], "texture": "#5"},
				"west": {"uv": [4.57143, 7.42857, 5.14286, 10.57143], "texture": "#5"}
			}
		},
		{
			"from": [7.5, 12, 7.5],
			"to": [8.5, 17.5, 8.5],
			"rotation": {"angle": 0, "axis": "y", "origin": [7.5, 0.5, 7.5]},
			"faces": {
				"north": {"uv": [5.14286, 7.42857, 5.71429, 10.57143], "texture": "#5"},
				"east": {"uv": [7.42857, 5.14286, 8, 8.28571], "texture": "#5"},
				"south": {"uv": [5.71429, 7.42857, 6.28571, 10.57143], "texture": "#5"},
				"west": {"uv": [2.28571, 8, 2.85714, 11.14286], "texture": "#5"}
			}
		},
		{
			"from": [6, 18.5, 2],
			"to": [10, 22.5, 4.5],
			"rotation": {"angle": 0, "axis": "y", "origin": [6, 0, 0]},
			"faces": {
				"east": {"uv": [4.57143, 3.42857, 6, 5.71429], "texture": "#5"},
				"south": {"uv": [2.28571, 3.42857, 4.57143, 5.71429], "texture": "#5"},
				"west": {"uv": [2.28571, 5.71429, 3.71429, 8], "texture": "#5"},
				"up": {"uv": [6.28571, 7.14286, 4, 5.71429], "texture": "#5"},
				"down": {"uv": [8.57143, 3.42857, 6.28571, 4.85714], "texture": "#5"}
			}
		},
		{
			"from": [6.001, 22.15538, 1.73254],
			"to": [9.999, 23.15538, 4.40754],
			"rotation": {"angle": 22.5, "axis": "x", "origin": [8.001, 22.65538, 2.73254]},
			"faces": {
				"east": {"uv": [9.71429, 1.71429, 11.28571, 2.28571], "texture": "#5"},
				"west": {"uv": [9.71429, 2.28571, 11.28571, 2.85714], "texture": "#5"},
				"up": {"uv": [6.85714, 1.57143, 4.57143, 0], "texture": "#5"}
			}
		},
		{
			"from": [6.001, 17.84462, 1.73254],
			"to": [9.999, 18.84462, 4.40754],
			"rotation": {"angle": -22.5, "axis": "x", "origin": [8.001, 18.34462, 2.73254]},
			"faces": {
				"east": {"uv": [9.71429, 2.85714, 11.28571, 3.42857], "texture": "#5"},
				"west": {"uv": [9.71429, 3.42857, 11.28571, 4], "texture": "#5"},
				"down": {"uv": [6.85714, 1.71429, 4.57143, 3.28571], "texture": "#5"}
			}
		},
		{
			"from": [6, 17.5, 0.5],
			"to": [10, 23.5, 2],
			"rotation": {"angle": 0, "axis": "y", "origin": [6, 0, 0]},
			"faces": {
				"north": {"uv": [0, 0, 2.28571, 3.42857], "texture": "#5"},
				"east": {"uv": [6.28571, 5.14286, 7.14286, 8.57143], "texture": "#5"},
				"south": {"uv": [2.28571, 0, 4.57143, 3.42857], "texture": "#5"},
				"west": {"uv": [0, 6.85714, 0.85714, 10.28571], "texture": "#5"},
				"up": {"uv": [9.14286, 0.85714, 6.85714, 0], "texture": "#5"},
				"down": {"uv": [9.14286, 1.14286, 6.85714, 2], "texture": "#5"}
			}
		},
		{
			"from": [6.25, 17.75, 0],
			"to": [9.75, 23.25, 0.5],
			"rotation": {"angle": 0, "axis": "y", "origin": [6, 0, -1.5]},
			"faces": {
				"north": {"uv": [0, 3.42857, 2, 6.57143], "texture": "#5"},
				"east": {"uv": [0, 10.28571, 0.28571, 13.42857], "texture": "#5"},
				"west": {"uv": [0.57143, 10.28571, 0.85714, 13.42857], "texture": "#5"},
				"up": {"uv": [11.14286, 11.71429, 9.14286, 11.42857], "texture": "#5"},
				"down": {"uv": [13.42857, 9.14286, 11.42857, 9.42857], "texture": "#5"}
			}
		},
		{
			"from": [6, 18.5, 11.5],
			"to": [10, 22.5, 14],
			"rotation": {"angle": 0, "axis": "y", "origin": [6, 0, 16]},
			"faces": {
				"north": {"uv": [4.57143, 3.42857, 2.28571, 5.71429], "texture": "#5"},
				"east": {"uv": [6, 3.42857, 4.57143, 5.71429], "texture": "#5"},
				"west": {"uv": [3.71429, 5.71429, 2.28571, 8], "texture": "#5"},
				"up": {"uv": [6.28571, 5.71429, 4, 7.14286], "texture": "#5"},
				"down": {"uv": [8.57143, 4.85714, 6.28571, 3.42857], "texture": "#5"}
			}
		},
		{
			"from": [6, 17.5, 14],
			"to": [10, 23.5, 15.5],
			"rotation": {"angle": 0, "axis": "y", "origin": [6, 0, 16]},
			"faces": {
				"north": {"uv": [4.57143, 0, 2.28571, 3.42857], "texture": "#5"},
				"east": {"uv": [7.14286, 5.14286, 6.28571, 8.57143], "texture": "#5"},
				"south": {"uv": [2.28571, 0, 0, 3.42857], "texture": "#5"},
				"west": {"uv": [0.85714, 6.85714, 0, 10.28571], "texture": "#5"},
				"up": {"uv": [9.14286, 0, 6.85714, 0.85714], "texture": "#5"},
				"down": {"uv": [9.14286, 2, 6.85714, 1.14286], "texture": "#5"}
			}
		},
		{
			"from": [6.001, 22.15538, 11.59246],
			"to": [9.999, 23.15538, 14.26746],
			"rotation": {"angle": -22.5, "axis": "x", "origin": [8.001, 22.65538, 13.26746]},
			"faces": {
				"east": {"uv": [11.28571, 1.71429, 9.71429, 2.28571], "texture": "#5"},
				"west": {"uv": [11.28571, 2.28571, 9.71429, 2.85714], "texture": "#5"},
				"up": {"uv": [6.85714, 0, 4.57143, 1.57143], "texture": "#5"}
			}
		},
		{
			"from": [6.001, 17.84462, 11.59246],
			"to": [9.999, 18.84462, 14.26746],
			"rotation": {"angle": 22.5, "axis": "x", "origin": [8.001, 18.34462, 13.26746]},
			"faces": {
				"east": {"uv": [11.28571, 2.85714, 9.71429, 3.42857], "texture": "#5"},
				"west": {"uv": [11.28571, 3.42857, 9.71429, 4], "texture": "#5"},
				"down": {"uv": [6.85714, 3.28571, 4.57143, 1.71429], "texture": "#5"}
			}
		},
		{
			"from": [6.25, 17.75, 15.5],
			"to": [9.75, 23.25, 16],
			"rotation": {"angle": 0, "axis": "y", "origin": [6, 0, 17.5]},
			"faces": {
				"east": {"uv": [0.28571, 10.28571, 0, 13.42857], "texture": "#5"},
				"south": {"uv": [2, 3.42857, 0, 6.57143], "texture": "#5"},
				"west": {"uv": [0.85714, 10.28571, 0.57143, 13.42857], "texture": "#5"},
				"up": {"uv": [11.14286, 11.42857, 9.14286, 11.71429], "texture": "#5"},
				"down": {"uv": [13.42857, 9.42857, 11.42857, 9.14286], "texture": "#5"}
			}
		},
		{
			"from": [6.875, 23, 1.5],
			"to": [6.905, 24.5, 5.5],
			"faces": {
				"east": {"uv": [16, 0, 0, 6], "texture": "#2"},
				"west": {"uv": [0, 0, 16, 6], "texture": "#2"}
			}
		},
		{
			"from": [9.095, 23, 1.5],
			"to": [9.125, 24.5, 5.5],
			"rotation": {"angle": 0, "axis": "y", "origin": [16, 0, 0]},
			"faces": {
				"east": {"uv": [16, 0, 0, 6], "texture": "#2"},
				"west": {"uv": [0, 0, 16, 6], "texture": "#2"}
			}
		},
		{
			"from": [9.095, 23, 10.5],
			"to": [9.125, 24.5, 14.5],
			"rotation": {"angle": 0, "axis": "y", "origin": [16, 0, 16]},
			"faces": {
				"east": {"uv": [0, 0, 16, 6], "texture": "#2"},
				"west": {"uv": [16, 0, 0, 6], "texture": "#2"}
			}
		},
		{
			"from": [6.875, 23, 10.5],
			"to": [6.905, 24.5, 14.5],
			"rotation": {"angle": 0, "axis": "y", "origin": [0, 0, 16]},
			"faces": {
				"east": {"uv": [0, 0, 16, 6], "texture": "#2"},
				"west": {"uv": [16, 0, 0, 6], "texture": "#2"}
			}
		},
		{
			"from": [9.095, 16.5, 10.5],
			"to": [9.125, 18, 14.5],
			"rotation": {"angle": 0, "axis": "y", "origin": [16, 16, 16]},
			"faces": {
				"east": {"uv": [0, 6, 16, 0], "texture": "#2"},
				"west": {"uv": [16, 6, 0, 0], "texture": "#2"}
			}
		},
		{
			"from": [6.875, 16.5, 10.5],
			"to": [6.905, 18, 14.5],
			"rotation": {"angle": 0, "axis": "y", "origin": [0, 16, 16]},
			"faces": {
				"east": {"uv": [0, 6, 16, 0], "texture": "#2"},
				"west": {"uv": [16, 6, 0, 0], "texture": "#2"}
			}
		},
		{
			"from": [6.875, 16.5, 1.5],
			"to": [6.905, 18, 5.5],
			"rotation": {"angle": 0, "axis": "y", "origin": [0, 16, 0]},
			"faces": {
				"east": {"uv": [16, 6, 0, 0], "texture": "#2"},
				"west": {"uv": [0, 6, 16, 0], "texture": "#2"}
			}
		},
		{
			"from": [9.095, 16.5, 1.5],
			"to": [9.125, 18, 5.5],
			"rotation": {"angle": 0, "axis": "y", "origin": [16, 16, 0]},
			"faces": {
				"east": {"uv": [16, 6, 0, 0], "texture": "#2"},
				"west": {"uv": [0, 6, 16, 0], "texture": "#2"}
			}
		}
	],
	"gui_light": "front",
	"display": {
		"thirdperson_righthand": {
			"translation": [0, -2.25, 0.75]
		},
		"thirdperson_lefthand": {
			"translation": [0, -2.25, 0.75]
		},
		"firstperson_righthand": {
			"rotation": [-10, 0, 0],
			"translation": [0, -3.25, 1]
		},
		"firstperson_lefthand": {
			"rotation": [-10, 0, 0],
			"translation": [0, -3.25, 1]
		},
		"ground": {
			"rotation": [-45, 0, 0],
			"translation": [0, 8, 4.25]
		},
		"gui": {
			"rotation": [-90, 45, 90],
			"translation": [3.5, -3.5, 0],
			"scale": [0.74805, 0.74805, 0.74805]
		},
		"head": {
			"rotation": [0, 90, 0]
		},
		"fixed": {
			"rotation": [0, -90, 0],
			"translation": [0, -9.75, -1.75],
			"scale": [2.5, 2.5, 2.5]
		}
	}
}