{
	"credit": "Made by PolygonMC",
	"texture_size": [12, 12],
	"textures": {
		"0": "mysticcyanset/key",
		"particle": "mysticcyanset/key"
	},
	"elements": [
		{
			"from": [7.3, 8, 10.0625],
			"to": [8.7, 9, 12.2875],
			"rotation": {"angle": 0, "axis": "z", "origin": [8, 8.5, 10.6375]},
			"faces": {
				"north": {"uv": [5.33333, 8, 7.33333, 9.33333], "texture": "#0"},
				"east": {"uv": [0, 8, 3, 9.33333], "texture": "#0"},
				"south": {"uv": [8, 6.66667, 10, 8], "texture": "#0"},
				"west": {"uv": [8, 0, 11, 1.33333], "texture": "#0"},
				"up": {"uv": [4.66667, 3, 2.66667, 0], "texture": "#0"},
				"down": {"uv": [4.66667, 4, 2.66667, 7], "texture": "#0"}
			}
		},
		{
			"from": [7.4, 7.5, 9.5625],
			"to": [8.6, 9.5, 11.5625],
			"rotation": {"angle": 0, "axis": "y", "origin": [7.5, 7.5, 9.5625]},
			"faces": {
				"north": {"uv": [0, 5.33333, 1.66667, 8], "texture": "#0"},
				"east": {"uv": [0, 0, 2.66667, 2.66667], "texture": "#0"},
				"south": {"uv": [5.33333, 0, 7, 2.66667], "texture": "#0"},
				"west": {"uv": [0, 2.66667, 2.66667, 5.33333], "texture": "#0"},
				"up": {"uv": [7, 5.33333, 5.33333, 2.66667], "texture": "#0"},
				"down": {"uv": [7, 5.33333, 5.33333, 8], "texture": "#0"}
			}
		},
		{
			"from": [7.5, 8, 8.5625],
			"to": [8.5, 9, 9.5625],
			"rotation": {"angle": 0, "axis": "y", "origin": [7.5, 8, 7.5625]},
			"faces": {
				"north": {"uv": [5.33333, 9.33333, 6.66667, 10.66667], "texture": "#0"},
				"east": {"uv": [6.66667, 9.33333, 8, 10.66667], "texture": "#0"},
				"west": {"uv": [8, 9.33333, 9.33333, 10.66667], "texture": "#0"},
				"up": {"uv": [10.66667, 10.66667, 9.33333, 9.33333], "texture": "#0"},
				"down": {"uv": [1.33333, 10.66667, 0, 12], "texture": "#0"}
			}
		},
		{
			"from": [7.5, 8, 4.6625],
			"to": [8.5, 9, 6.6625],
			"rotation": {"angle": 0, "axis": "y", "origin": [7.5, 8, 4.6625]},
			"faces": {
				"north": {"uv": [1.33333, 10.66667, 2.66667, 12], "texture": "#0"},
				"east": {"uv": [8, 1.33333, 10.66667, 2.66667], "texture": "#0"},
				"south": {"uv": [10.66667, 1.33333, 12, 2.66667], "texture": "#0"},
				"west": {"uv": [8, 2.66667, 10.66667, 4], "texture": "#0"},
				"up": {"uv": [5.33333, 10.66667, 4, 8], "texture": "#0"},
				"down": {"uv": [9.33333, 4, 8, 6.66667], "texture": "#0"}
			}
		},
		{
			"from": [7.75, 7, 4.9125],
			"to": [8.25, 8, 5.4125],
			"rotation": {"angle": 0, "axis": "y", "origin": [7.5, 7, 4.9125]},
			"faces": {
				"north": {"uv": [10.66667, 2.66667, 11.33333, 4], "texture": "#0"},
				"east": {"uv": [4, 10.66667, 4.66667, 12], "texture": "#0"},
				"south": {"uv": [10.66667, 4, 11.33333, 5.33333], "texture": "#0"},
				"west": {"uv": [5.33333, 10.66667, 6, 12], "texture": "#0"},
				"down": {"uv": [11.33333, 8, 10.66667, 8.66667], "texture": "#0"}
			}
		},
		{
			"from": [7.75, 7, 5.9125],
			"to": [8.25, 8, 6.4125],
			"rotation": {"angle": 0, "axis": "y", "origin": [7.5, 7, 5.9125]},
			"faces": {
				"north": {"uv": [10.66667, 5.33333, 11.33333, 6.66667], "texture": "#0"},
				"east": {"uv": [6.66667, 10.66667, 7.33333, 12], "texture": "#0"},
				"south": {"uv": [10.66667, 6.66667, 11.33333, 8], "texture": "#0"},
				"west": {"uv": [8, 10.66667, 8.66667, 12], "texture": "#0"},
				"down": {"uv": [0.66667, 12, 0, 12.66667], "texture": "#0"}
			}
		},
		{
			"from": [7.75, 7.5, 5.4125],
			"to": [8.25, 8, 5.9125],
			"rotation": {"angle": 0, "axis": "y", "origin": [7.5, 7, 5.4125]},
			"faces": {
				"east": {"uv": [9.33333, 10.66667, 10, 11.33333], "texture": "#0"},
				"west": {"uv": [10.66667, 9.33333, 11.33333, 10], "texture": "#0"},
				"down": {"uv": [11.33333, 10.66667, 10.66667, 11.33333], "texture": "#0"}
			}
		},
		{
			"from": [7.6, 8.1, 6.6625],
			"to": [8.4, 8.9, 8.5625],
			"rotation": {"angle": 0, "axis": "y", "origin": [7.5, 8, 6.5625]},
			"faces": {
				"east": {"uv": [8, 8, 10.66667, 9], "texture": "#0"},
				"west": {"uv": [0, 9.33333, 2.66667, 10.33333], "texture": "#0"},
				"up": {"uv": [3.66667, 12, 2.66667, 9.33333], "texture": "#0"},
				"down": {"uv": [10.33333, 4, 9.33333, 6.66667], "texture": "#0"}
			}
		}
	],
	"gui_light": "front",
	"display": {
		"thirdperson_righthand": {
			"rotation": [90, 0, 0],
			"translation": [0, 2.75, 0.25]
		},
		"thirdperson_lefthand": {
			"rotation": [90, 0, 0],
			"translation": [0, 2.75, 0.25]
		},
		"firstperson_righthand": {
			"rotation": [55.75, 0, -8],
			"translation": [-1, 5.75, 2.5]
		},
		"firstperson_lefthand": {
			"rotation": [55.75, 0, -8],
			"translation": [-1, 5.75, 2.5]
		},
		"ground": {
			"rotation": [45, 0, 0],
			"translation": [0, 3.5, 0],
			"scale": [1.44727, 1.44727, 1.44727]
		},
		"gui": {
			"rotation": [-90, 135, 90],
			"translation": [-1, 0, 0],
			"scale": [2.52148, 2.52148, 2.52148]
		},
		"head": {
			"rotation": [90, -45, 90],
			"scale": [1.57617, 1.57617, 1.57617]
		},
		"fixed": {
			"rotation": [90, -45, 90],
			"translation": [1.25, -0.5, -0.75],
			"scale": [2.68945, 2.68945, 2.68945]
		}
	}
}