{
	"credit": "Made by PolygonMC",
	"texture_size": [24, 24],
	"textures": {
		"2": "mysticcyanset/animations/animations_2",
		"3": "mysticcyanset/shovel",
		"4": "mysticcyanset/animations/animations_1"
	},
	"elements": [
		{
			"from": [7.25, 0, 7.25],
			"to": [8.75, 0.5, 8.75],
			"rotation": {"angle": 0, "axis": "y", "origin": [7.5, 0, 8.5]},
			"faces": {
				"north": {"uv": [7.33333, 11.33333, 8.33333, 11.66667], "texture": "#3"},
				"east": {"uv": [11.33333, 7.33333, 12.33333, 7.66667], "texture": "#3"},
				"south": {"uv": [11.33333, 8, 12.33333, 8.33333], "texture": "#3"},
				"west": {"uv": [11.33333, 8.66667, 12.33333, 9], "texture": "#3"},
				"up": {"uv": [9, 7.66667, 8, 6.66667], "texture": "#3"},
				"down": {"uv": [8.33333, 8, 7.33333, 9], "texture": "#3"}
			}
		},
		{
			"from": [7.25, 4.25, 7.25],
			"to": [8.75, 4.75, 8.75],
			"rotation": {"angle": 0, "axis": "y", "origin": [7.5, 4.25, 8.5]},
			"faces": {
				"north": {"uv": [9.33333, 11.33333, 10.33333, 11.66667], "texture": "#3"},
				"east": {"uv": [11.33333, 9.33333, 12.33333, 9.66667], "texture": "#3"},
				"south": {"uv": [11.33333, 10, 12.33333, 10.33333], "texture": "#3"},
				"west": {"uv": [10.66667, 11.33333, 11.66667, 11.66667], "texture": "#3"},
				"up": {"uv": [1.66667, 9.66667, 0.66667, 8.66667], "texture": "#3"},
				"down": {"uv": [3, 8.66667, 2, 9.66667], "texture": "#3"}
			}
		},
		{
			"from": [7.25, 5.5, 7.25],
			"to": [8.75, 6, 8.75],
			"rotation": {"angle": 0, "axis": "y", "origin": [7.5, 5.5, 8.5]},
			"faces": {
				"north": {"uv": [11.33333, 10.66667, 12.33333, 11], "texture": "#3"},
				"east": {"uv": [12, 0, 13, 0.33333], "texture": "#3"},
				"south": {"uv": [0.66667, 12, 1.66667, 12.33333], "texture": "#3"},
				"west": {"uv": [12, 0.66667, 13, 1], "texture": "#3"},
				"up": {"uv": [4.33333, 9.66667, 3.33333, 8.66667], "texture": "#3"},
				"down": {"uv": [9.66667, 8, 8.66667, 9], "texture": "#3"}
			}
		},
		{
			"from": [7.25, 9, 7.25],
			"to": [8.75, 9.5, 8.75],
			"rotation": {"angle": 0, "axis": "y", "origin": [7.5, 5.75, 8.5]},
			"faces": {
				"north": {"uv": [12, 1.33333, 13, 1.66667], "texture": "#3"},
				"east": {"uv": [2, 12, 3, 12.33333], "texture": "#3"},
				"south": {"uv": [12, 2, 13, 2.33333], "texture": "#3"},
				"west": {"uv": [3.33333, 12, 4.33333, 12.33333], "texture": "#3"},
				"up": {"uv": [10.33333, 1, 9.33333, 0], "texture": "#3"},
				"down": {"uv": [10.33333, 1.33333, 9.33333, 2.33333], "texture": "#3"}
			}
		},
		{
			"from": [7.35, 0.65, 7.25],
			"to": [8.65, 1.15, 8.75],
			"rotation": {"angle": 22.5, "axis": "x", "origin": [8, 0.9, 8]},
			"faces": {
				"north": {"uv": [10.66667, 12, 11.5, 12.33333], "texture": "#3"},
				"east": {"uv": [12, 4.66667, 13, 5], "texture": "#3"},
				"south": {"uv": [12, 11.33333, 12.83333, 11.66667], "texture": "#3"},
				"west": {"uv": [12, 5.33333, 13, 5.66667], "texture": "#3"},
				"up": {"uv": [1.5, 11, 0.66667, 10], "texture": "#3"},
				"down": {"uv": [2.83333, 10, 2, 11], "texture": "#3"}
			}
		},
		{
			"from": [7.35, 3.25, 7.25],
			"to": [8.65, 3.75, 8.75],
			"rotation": {"angle": 22.5, "axis": "x", "origin": [8, 3.5, 8]},
			"faces": {
				"north": {"uv": [12, 12, 12.83333, 12.33333], "texture": "#3"},
				"east": {"uv": [12, 6, 13, 6.33333], "texture": "#3"},
				"south": {"uv": [0, 12.66667, 0.83333, 13], "texture": "#3"},
				"west": {"uv": [12, 6.66667, 13, 7], "texture": "#3"},
				"up": {"uv": [10.83333, 3.66667, 10, 2.66667], "texture": "#3"},
				"down": {"uv": [4.16667, 10, 3.33333, 11], "texture": "#3"}
			}
		},
		{
			"from": [7.5, 0.5, 7.5],
			"to": [8.5, 3.5, 8.5],
			"rotation": {"angle": 0, "axis": "y", "origin": [7.5, 0.5, 8.5]},
			"faces": {
				"north": {"uv": [6.66667, 4, 7.33333, 6], "texture": "#3"},
				"east": {"uv": [6.66667, 6, 7.33333, 8], "texture": "#3"},
				"south": {"uv": [7.33333, 4, 8, 6], "texture": "#3"},
				"west": {"uv": [7.33333, 6, 8, 8], "texture": "#3"}
			}
		},
		{
			"from": [7.4, 3.5, 7.4],
			"to": [8.6, 5.5, 8.6],
			"rotation": {"angle": 0, "axis": "y", "origin": [7.5, 3.5, 8.5]},
			"faces": {
				"north": {"uv": [8, 4, 8.83333, 5.33333], "texture": "#3"},
				"east": {"uv": [4.66667, 8, 5.5, 9.33333], "texture": "#3"},
				"south": {"uv": [8, 5.33333, 8.83333, 6.66667], "texture": "#3"},
				"west": {"uv": [6, 8, 6.83333, 9.33333], "texture": "#3"}
			}
		},
		{
			"from": [7.4, 6, 7.4],
			"to": [8.6, 9, 8.6],
			"rotation": {"angle": 0, "axis": "y", "origin": [7.5, 3.5, 8.5]},
			"faces": {
				"north": {"uv": [6.66667, 0, 7.5, 2], "texture": "#3"},
				"east": {"uv": [0.66667, 6.66667, 1.5, 8.66667], "texture": "#3"},
				"south": {"uv": [6.66667, 2, 7.5, 4], "texture": "#3"},
				"west": {"uv": [3.33333, 6.66667, 4.16667, 8.66667], "texture": "#3"}
			}
		},
		{
			"from": [7.4, -1, 7.4],
			"to": [8.6, 0, 8.6],
			"rotation": {"angle": 0, "axis": "y", "origin": [7.25, -1, 7.75]},
			"faces": {
				"north": {"uv": [10, 9.33333, 10.83333, 10], "texture": "#3"},
				"east": {"uv": [10, 10, 10.83333, 10.66667], "texture": "#3"},
				"south": {"uv": [10.66667, 0, 11.5, 0.66667], "texture": "#3"},
				"west": {"uv": [10.66667, 0.66667, 11.5, 1.33333], "texture": "#3"}
			}
		},
		{
			"from": [7.3975, -1.37322, 7.45],
			"to": [8.6025, -0.52322, 8.3],
			"rotation": {"angle": -45, "axis": "x", "origin": [7.9975, -0.82322, 8]},
			"faces": {
				"north": {"uv": [0.66667, 11.33333, 1.5, 11.83333], "texture": "#3"},
				"east": {"uv": [12.66667, 8, 13.16667, 8.5], "texture": "#3"},
				"south": {"uv": [2, 11.33333, 2.83333, 11.83333], "texture": "#3"},
				"west": {"uv": [8.66667, 12.66667, 9.16667, 13.16667], "texture": "#3"},
				"up": {"uv": [12.16667, 3.16667, 11.33333, 2.66667], "texture": "#3"},
				"down": {"uv": [4.16667, 11.33333, 3.33333, 11.83333], "texture": "#3"}
			}
		},
		{
			"from": [7.375, 10.49461, 4.9098],
			"to": [8.625, 10.99461, 7.1598],
			"rotation": {"angle": 0, "axis": "x", "origin": [8, 10.74461, 4.875]},
			"faces": {
				"north": {"uv": [2.16667, 13, 1.33333, 12.66667], "rotation": 180, "texture": "#3"},
				"east": {"uv": [0, 10.66667, 0.33333, 12.16667], "rotation": 90, "texture": "#3"},
				"south": {"uv": [3.5, 12.66667, 2.66667, 13], "texture": "#3"},
				"west": {"uv": [4.66667, 10.66667, 5, 12.16667], "rotation": 270, "texture": "#3"},
				"up": {"uv": [8, 2, 8.83333, 3.5], "texture": "#3"},
				"down": {"uv": [8, 0, 8.83333, 1.5], "rotation": 180, "texture": "#3"}
			}
		},
		{
			"from": [7.376, 10.98889, 4.81149],
			"to": [8.624, 11.83889, 5.73649],
			"rotation": {"angle": 22.5, "axis": "x", "origin": [8, 10.74461, 4.875]},
			"faces": {
				"north": {"uv": [12.16667, 3.83333, 11.33333, 3.33333], "rotation": 180, "texture": "#3"},
				"east": {"uv": [7.33333, 12, 7.83333, 12.66667], "rotation": 90, "texture": "#3"},
				"west": {"uv": [8, 12, 8.5, 12.66667], "rotation": 270, "texture": "#3"},
				"up": {"uv": [10.66667, 1.33333, 11.5, 2], "texture": "#3"}
			}
		},
		{
			"from": [7.376, 9.65032, 4.81149],
			"to": [8.624, 10.50032, 5.73649],
			"rotation": {"angle": -22.5, "axis": "x", "origin": [8, 10.74461, 4.875]},
			"faces": {
				"north": {"uv": [12.16667, 4.5, 11.33333, 4], "rotation": 180, "texture": "#3"},
				"east": {"uv": [9.33333, 12, 9.83333, 12.66667], "rotation": 90, "texture": "#3"},
				"west": {"uv": [10, 12, 10.5, 12.66667], "rotation": 270, "texture": "#3"},
				"down": {"uv": [10.66667, 2, 11.5, 2.66667], "rotation": 180, "texture": "#3"}
			}
		},
		{
			"from": [7.5, 9.62399, 3.99562],
			"to": [8.5, 11.62399, 5.99562],
			"rotation": {"angle": -45, "axis": "x", "origin": [8, 10.74461, 4.875]},
			"faces": {
				"north": {"uv": [0, 9.33333, 0.66667, 10.66667], "texture": "#3"},
				"east": {"uv": [2, 4.66667, 3.33333, 6], "texture": "#3"},
				"south": {"uv": [9.33333, 2.66667, 10, 4], "texture": "#3"},
				"west": {"uv": [3.33333, 5.33333, 4.66667, 6.66667], "texture": "#3"},
				"up": {"uv": [10, 5.33333, 9.33333, 4], "texture": "#3"},
				"down": {"uv": [5.33333, 9.33333, 4.66667, 10.66667], "texture": "#3"}
			}
		},
		{
			"from": [7.375, 10.99461, 5.9098],
			"to": [8.625, 11.49461, 7.1598],
			"rotation": {"angle": 0, "axis": "x", "origin": [8, 10.74461, 4.875]},
			"faces": {
				"north": {"uv": [13.5, 4.33333, 12.66667, 4], "rotation": 180, "texture": "#3"},
				"east": {"uv": [12.66667, 2.66667, 13, 3.5], "rotation": 90, "texture": "#3"},
				"south": {"uv": [5.5, 12.66667, 4.66667, 13], "texture": "#3"},
				"west": {"uv": [4, 12.66667, 4.33333, 13.5], "rotation": 270, "texture": "#3"},
				"up": {"uv": [10, 4, 10.83333, 4.83333], "texture": "#3"}
			}
		},
		{
			"from": [7.375, 9.99461, 5.9098],
			"to": [8.625, 10.49461, 7.1598],
			"rotation": {"angle": 0, "axis": "x", "origin": [8, 10.74461, 4.875]},
			"faces": {
				"north": {"uv": [8.16667, 13, 7.33333, 12.66667], "rotation": 180, "texture": "#3"},
				"east": {"uv": [6, 12.66667, 6.33333, 13.5], "rotation": 90, "texture": "#3"},
				"south": {"uv": [13.5, 7.33333, 12.66667, 7.66667], "texture": "#3"},
				"west": {"uv": [6.66667, 12.66667, 7, 13.5], "rotation": 270, "texture": "#3"},
				"down": {"uv": [5.33333, 10, 6.16667, 10.83333], "rotation": 180, "texture": "#3"}
			}
		},
		{
			"from": [7.5, 8.75, 6],
			"to": [8.5, 12.75, 7],
			"rotation": {"angle": 45, "axis": "x", "origin": [8, 10.75, 8]},
			"faces": {
				"north": {"uv": [4.66667, 5.33333, 5.33333, 8], "texture": "#3"},
				"east": {"uv": [5.33333, 5.33333, 6, 8], "texture": "#3"},
				"south": {"uv": [6, 0, 6.66667, 2.66667], "texture": "#3"},
				"west": {"uv": [2, 6, 2.66667, 8.66667], "texture": "#3"},
				"up": {"uv": [4, 5.33055, 3.33472, 4.66528], "texture": "#3"},
				"down": {"uv": [4, 4.66667, 3.33333, 5.33333], "texture": "#3"}
			}
		},
		{
			"from": [7.5, 8.75, 9],
			"to": [8.5, 12.75, 10],
			"rotation": {"angle": 45, "axis": "x", "origin": [8, 10.75, 8]},
			"faces": {
				"north": {"uv": [2.66667, 6, 3.33333, 8.66667], "texture": "#3"},
				"east": {"uv": [6, 2.66667, 6.66667, 5.33333], "texture": "#3"},
				"south": {"uv": [6, 5.33333, 6.66667, 8], "texture": "#3"},
				"west": {"uv": [0, 6.66667, 0.66667, 9.33333], "texture": "#3"},
				"up": {"uv": [10, 11.33333, 9.33333, 10.66667], "texture": "#3"},
				"down": {"uv": [10.66667, 10.66667, 10, 11.33333], "texture": "#3"}
			}
		},
		{
			"from": [7.5, 8.75, 7],
			"to": [8.5, 9.75, 9],
			"rotation": {"angle": 45, "axis": "x", "origin": [8, 10.75, 8]},
			"faces": {
				"east": {"uv": [5.33333, 9.33333, 6.66667, 10], "texture": "#3"},
				"west": {"uv": [9.33333, 5.33333, 10.66667, 6], "texture": "#3"},
				"up": {"uv": [10, 7.33333, 9.33333, 6], "texture": "#3"},
				"down": {"uv": [7.33333, 9.33333, 6.66667, 10.66667], "texture": "#3"}
			}
		},
		{
			"from": [7.5, 11.75, 7],
			"to": [8.5, 12.75, 9],
			"rotation": {"angle": 45, "axis": "x", "origin": [8, 10.75, 8]},
			"faces": {
				"east": {"uv": [7.33333, 9.33333, 8.66667, 10], "texture": "#3"},
				"west": {"uv": [9.33333, 7.33333, 10.66667, 8], "texture": "#3"},
				"up": {"uv": [9.33333, 10.66667, 8.66667, 9.33333], "texture": "#3"},
				"down": {"uv": [10, 9.33333, 9.33333, 10.66667], "texture": "#3"}
			}
		},
		{
			"from": [7.985, 9.24461, 0.7152],
			"to": [8.015, 12.24461, 5.7152],
			"rotation": {"angle": 0, "axis": "x", "origin": [8, 10.74461, 4.875]},
			"faces": {
				"east": {"uv": [4, 3.33333, 6, 0], "rotation": 270, "texture": "#3"},
				"west": {"uv": [4, 0, 6, 3.33333], "rotation": 270, "texture": "#3"}
			}
		},
		{
			"from": [7.985, 9.24461, 10.2848],
			"to": [8.015, 12.24461, 15.2848],
			"rotation": {"angle": 0, "axis": "x", "origin": [8, 10.74461, 11.125]},
			"faces": {
				"east": {"uv": [4, 0, 6, 3.33333], "rotation": 270, "texture": "#3"},
				"west": {"uv": [4, 3.33333, 6, 0], "rotation": 270, "texture": "#3"}
			}
		},
		{
			"from": [7.5, 9.62399, 10.00438],
			"to": [8.5, 11.62399, 12.00438],
			"rotation": {"angle": 45, "axis": "x", "origin": [8, 10.74461, 11.125]},
			"faces": {
				"north": {"uv": [10, 2.66667, 9.33333, 4], "texture": "#3"},
				"east": {"uv": [3.33333, 4.66667, 2, 6], "texture": "#3"},
				"south": {"uv": [0.66667, 9.33333, 0, 10.66667], "texture": "#3"},
				"west": {"uv": [4.66667, 5.33333, 3.33333, 6.66667], "texture": "#3"},
				"up": {"uv": [10, 4, 9.33333, 5.33333], "texture": "#3"},
				"down": {"uv": [5.33333, 10.66667, 4.66667, 9.33333], "texture": "#3"}
			}
		},
		{
			"from": [7.376, 10.98889, 10.26351],
			"to": [8.624, 11.83889, 11.18851],
			"rotation": {"angle": -22.5, "axis": "x", "origin": [8, 10.74461, 11.125]},
			"faces": {
				"east": {"uv": [7.33333, 12.66667, 7.83333, 12], "rotation": 90, "texture": "#3"},
				"south": {"uv": [11.33333, 3.83333, 12.16667, 3.33333], "rotation": 180, "texture": "#3"},
				"west": {"uv": [8, 12.66667, 8.5, 12], "rotation": 270, "texture": "#3"},
				"up": {"uv": [10.66667, 2, 11.5, 1.33333], "texture": "#3"}
			}
		},
		{
			"from": [7.375, 10.49461, 8.8402],
			"to": [8.625, 10.99461, 11.0902],
			"rotation": {"angle": 0, "axis": "x", "origin": [8, 10.74461, 11.125]},
			"faces": {
				"north": {"uv": [2.66667, 12.66667, 3.5, 13], "texture": "#3"},
				"east": {"uv": [0, 12.16667, 0.33333, 10.66667], "rotation": 90, "texture": "#3"},
				"south": {"uv": [1.33333, 13, 2.16667, 12.66667], "rotation": 180, "texture": "#3"},
				"west": {"uv": [4.66667, 12.16667, 5, 10.66667], "rotation": 270, "texture": "#3"},
				"up": {"uv": [8, 3.5, 8.83333, 2], "texture": "#3"},
				"down": {"uv": [8, 1.5, 8.83333, 0], "rotation": 180, "texture": "#3"}
			}
		},
		{
			"from": [7.376, 9.65032, 10.26351],
			"to": [8.624, 10.50032, 11.18851],
			"rotation": {"angle": 22.5, "axis": "x", "origin": [8, 10.74461, 11.125]},
			"faces": {
				"east": {"uv": [9.33333, 12.66667, 9.83333, 12], "rotation": 90, "texture": "#3"},
				"south": {"uv": [11.33333, 4.5, 12.16667, 4], "rotation": 180, "texture": "#3"},
				"west": {"uv": [10, 12.66667, 10.5, 12], "rotation": 270, "texture": "#3"},
				"down": {"uv": [10.66667, 2.66667, 11.5, 2], "rotation": 180, "texture": "#3"}
			}
		},
		{
			"from": [7.375, 10.99461, 8.8402],
			"to": [8.625, 11.49461, 10.0902],
			"rotation": {"angle": 0, "axis": "x", "origin": [8, 10.74461, 11.125]},
			"faces": {
				"north": {"uv": [4.66667, 12.66667, 5.5, 13], "texture": "#3"},
				"east": {"uv": [12.66667, 3.5, 13, 2.66667], "rotation": 90, "texture": "#3"},
				"south": {"uv": [12.66667, 4.33333, 13.5, 4], "rotation": 180, "texture": "#3"},
				"west": {"uv": [4, 13.5, 4.33333, 12.66667], "rotation": 270, "texture": "#3"},
				"up": {"uv": [10, 4.83333, 10.83333, 4], "texture": "#3"}
			}
		},
		{
			"from": [7.375, 9.99461, 8.8402],
			"to": [8.625, 10.49461, 10.0902],
			"rotation": {"angle": 0, "axis": "x", "origin": [8, 10.74461, 11.125]},
			"faces": {
				"north": {"uv": [12.66667, 7.33333, 13.5, 7.66667], "texture": "#3"},
				"east": {"uv": [6, 13.5, 6.33333, 12.66667], "rotation": 90, "texture": "#3"},
				"south": {"uv": [7.33333, 13, 8.16667, 12.66667], "rotation": 180, "texture": "#3"},
				"west": {"uv": [6.66667, 13.5, 7, 12.66667], "rotation": 270, "texture": "#3"},
				"down": {"uv": [5.33333, 10.83333, 6.16667, 10], "rotation": 180, "texture": "#3"}
			}
		},
		{
			"from": [7, 9.73921, 7],
			"to": [9, 11.73921, 9],
			"rotation": {"angle": 45, "axis": "x", "origin": [8, 10.73921, 8]},
			"faces": {
				"north": {"uv": [6.5, 0, 10.5, 4], "texture": "#4"},
				"east": {"uv": [6.5, 0, 10.5, 4], "texture": "#4"},
				"south": {"uv": [6.5, 0, 10.5, 4], "texture": "#4"},
				"west": {"uv": [6.5, 0, 10.5, 4], "texture": "#4"},
				"up": {"uv": [6.5, 0, 10.5, 4], "texture": "#4"},
				"down": {"uv": [6.5, 0, 10.5, 4], "texture": "#4"}
			}
		},
		{
			"from": [5.65, 9.5, 4.7],
			"to": [5.68, 14.5, 7.7],
			"rotation": {"angle": 22.5, "axis": "y", "origin": [5.65, 9.5, 3.7]},
			"faces": {
				"east": {"uv": [6, 0, 0, 10], "texture": "#4"},
				"west": {"uv": [0, 0, 6, 10], "texture": "#4"}
			}
		},
		{
			"from": [10.32, 9.5, 4.7],
			"to": [10.35, 14.5, 7.7],
			"rotation": {"angle": -22.5, "axis": "y", "origin": [10.35, 9.5, 3.7]},
			"faces": {
				"east": {"uv": [6, 0, 0, 10], "texture": "#4"},
				"west": {"uv": [0, 0, 6, 10], "texture": "#4"}
			}
		},
		{
			"from": [5.65, 9.5, 8.3],
			"to": [5.68, 14.5, 11.3],
			"rotation": {"angle": -22.5, "axis": "y", "origin": [5.65, 9.5, 12.3]},
			"faces": {
				"east": {"uv": [0, 0, 6, 10], "texture": "#4"},
				"west": {"uv": [6, 0, 0, 10], "texture": "#4"}
			}
		},
		{
			"from": [10.32, 9.5, 8.3],
			"to": [10.35, 14.5, 11.3],
			"rotation": {"angle": 22.5, "axis": "y", "origin": [10.35, 9.5, 12.3]},
			"faces": {
				"east": {"uv": [0, 0, 6, 10], "texture": "#4"},
				"west": {"uv": [6, 0, 0, 10], "texture": "#4"}
			}
		},
		{
			"from": [7.725, 12.63921, 6.875],
			"to": [8.275, 14.88921, 9.125],
			"rotation": {"angle": 45, "axis": "x", "origin": [8, 13.76421, 8]},
			"faces": {
				"north": {"uv": [10.66667, 5.33333, 11, 6.83333], "texture": "#3"},
				"east": {"uv": [4, 3.33333, 5.5, 4.83333], "texture": "#3"},
				"south": {"uv": [6.66667, 10.66667, 7, 12.16667], "texture": "#3"},
				"west": {"uv": [0, 4.66667, 1.5, 6.16667], "texture": "#3"},
				"up": {"uv": [11, 8.83333, 10.66667, 7.33333], "texture": "#3"},
				"down": {"uv": [9, 10.66667, 8.66667, 12.16667], "texture": "#3"}
			}
		},
		{
			"from": [7.4, 13, 8.25],
			"to": [7.4, 20, 12.25],
			"rotation": {"angle": 0, "axis": "x", "origin": [7.5, 12.5, 2.75]},
			"faces": {
				"west": {"uv": [0, 14.00417, 8.00417, 0], "rotation": 180, "texture": "#2"}
			}
		},
		{
			"from": [7.4, 13, 3.75],
			"to": [7.4, 20, 7.75],
			"rotation": {"angle": 0, "axis": "x", "origin": [7.5, 12.5, 13.25]},
			"faces": {
				"west": {"uv": [8.00417, 14.00417, 0, 0], "rotation": 180, "texture": "#2"}
			}
		},
		{
			"from": [8.6, 13, 3.75],
			"to": [8.6, 20, 7.75],
			"rotation": {"angle": 0, "axis": "x", "origin": [8.5, 12.5, 13.25]},
			"faces": {
				"east": {"uv": [0, 14.00417, 8.00417, 0], "rotation": 180, "texture": "#2"}
			}
		},
		{
			"from": [8.6, 13, 8.25],
			"to": [8.6, 20, 12.25],
			"rotation": {"angle": 0, "axis": "x", "origin": [8.5, 12.5, 2.75]},
			"faces": {
				"east": {"uv": [8.00417, 14.00417, 0, 0], "rotation": 180, "texture": "#2"}
			}
		},
		{
			"from": [7.5, 13.57843, 9],
			"to": [8.5, 15.07843, 10],
			"rotation": {"angle": 45, "axis": "x", "origin": [7.5, 13.57843, 8]},
			"faces": {
				"north": {"uv": [10, 6, 10.66667, 7], "texture": "#3"},
				"east": {"uv": [7.33333, 10, 8, 11], "texture": "#3"},
				"south": {"uv": [8, 10, 8.66667, 11], "texture": "#3"},
				"west": {"uv": [10, 8, 10.66667, 9], "texture": "#3"},
				"up": {"uv": [11.33333, 11.33333, 10.66667, 10.66667], "texture": "#3"}
			}
		},
		{
			"from": [7.58, 14.19888, 9.55678],
			"to": [8.42, 15.37888, 10.39678],
			"rotation": {"angle": 22.5, "axis": "x", "origin": [7.5, 13.57843, 8]},
			"faces": {
				"north": {"uv": [11.33333, 4.66667, 11.83333, 5.5], "texture": "#3"},
				"east": {"uv": [5.33333, 11.33333, 5.83333, 12.16667], "texture": "#3"},
				"south": {"uv": [6, 11.33333, 6.5, 12.16667], "texture": "#3"},
				"west": {"uv": [11.33333, 6, 11.83333, 6.83333], "texture": "#3"},
				"up": {"uv": [13.16667, 9.16667, 12.66667, 8.66667], "texture": "#3"}
			}
		},
		{
			"from": [7.6598, 14.32462, 10.17294],
			"to": [8.3402, 15.18542, 10.85334],
			"rotation": {"angle": 0, "axis": "x", "origin": [7.5, 13.57843, 8]},
			"faces": {
				"north": {"uv": [9.33333, 12.66667, 9.83333, 13.16667], "texture": "#3"},
				"east": {"uv": [12.66667, 9.33333, 13.16667, 9.83333], "texture": "#3"},
				"south": {"uv": [10, 12.66667, 10.5, 13.16667], "texture": "#3"},
				"west": {"uv": [12.66667, 10, 13.16667, 10.5], "texture": "#3"},
				"up": {"uv": [11.16667, 13.16667, 10.66667, 12.66667], "texture": "#3"}
			}
		},
		{
			"from": [7.6598, 14.32462, 5.14666],
			"to": [8.3402, 15.18542, 5.82706],
			"rotation": {"angle": 0, "axis": "x", "origin": [7.5, 13.57843, 8]},
			"faces": {
				"north": {"uv": [10.5, 12.66667, 10, 13.16667], "texture": "#3"},
				"east": {"uv": [13.16667, 9.33333, 12.66667, 9.83333], "texture": "#3"},
				"south": {"uv": [9.83333, 12.66667, 9.33333, 13.16667], "texture": "#3"},
				"west": {"uv": [13.16667, 10, 12.66667, 10.5], "texture": "#3"},
				"up": {"uv": [11.16667, 12.66667, 10.66667, 13.16667], "texture": "#3"}
			}
		},
		{
			"from": [7.58, 14.19888, 5.60322],
			"to": [8.42, 15.37888, 6.44322],
			"rotation": {"angle": -22.5, "axis": "x", "origin": [7.5, 13.57843, 8]},
			"faces": {
				"north": {"uv": [6.5, 11.33333, 6, 12.16667], "texture": "#3"},
				"east": {"uv": [5.83333, 11.33333, 5.33333, 12.16667], "texture": "#3"},
				"south": {"uv": [11.83333, 4.66667, 11.33333, 5.5], "texture": "#3"},
				"west": {"uv": [11.83333, 6, 11.33333, 6.83333], "texture": "#3"},
				"up": {"uv": [13.16667, 8.66667, 12.66667, 9.16667], "texture": "#3"}
			}
		},
		{
			"from": [7.5, 13.57843, 6],
			"to": [8.5, 15.07843, 7],
			"rotation": {"angle": -45, "axis": "x", "origin": [7.5, 13.57843, 8]},
			"faces": {
				"north": {"uv": [8.66667, 10, 8, 11], "texture": "#3"},
				"east": {"uv": [8, 10, 7.33333, 11], "texture": "#3"},
				"south": {"uv": [10.66667, 6, 10, 7], "texture": "#3"},
				"west": {"uv": [10.66667, 8, 10, 9], "texture": "#3"},
				"up": {"uv": [11.33333, 10.66667, 10.66667, 11.33333], "texture": "#3"}
			}
		},
		{
			"from": [7.985, 13, 5.25],
			"to": [8.015, 19.5, 10.75],
			"rotation": {"angle": 0, "axis": "y", "origin": [7.985, 0, -0.5]},
			"faces": {
				"east": {"uv": [3.66667, 0, 0, 4.33333], "texture": "#3"},
				"west": {"uv": [0, 0, 3.66667, 4.33333], "texture": "#3"}
			}
		}
	],
	"gui_light": "front",
	"display": {
		"thirdperson_righthand": {
			"translation": [0, 3, 0.75]
		},
		"thirdperson_lefthand": {
			"translation": [0, 3, 0.75]
		},
		"firstperson_righthand": {
			"rotation": [-10, 0, 0],
			"translation": [0, 4.25, 0]
		},
		"firstperson_lefthand": {
			"rotation": [-10, 0, 0],
			"translation": [0, 4.25, 0]
		},
		"ground": {
			"rotation": [-45, 0, 0],
			"translation": [0, 8, 0]
		},
		"gui": {
			"rotation": [-90, 45, 90],
			"translation": [0.75, -1.25, 0],
			"scale": [0.74805, 0.74805, 0.74805]
		},
		"head": {
			"rotation": [0, -90, 0]
		},
		"fixed": {
			"rotation": [0, -90, 0],
			"translation": [0, 0.25, -1.75],
			"scale": [2.5, 2.5, 2.5]
		}
	}
}