{
	"credit": "Made by PolygonMC",
	"texture_size": [12, 12],
	"textures": {
		"0": "mysticcyanset/wings",
		"1": "mysticcyanset/animations/animation_wings",
		"particle": "mysticcyanset/wings"
	},
	"elements": [
		{
			"from": [6.7929, -3.35355, 7.625],
			"to": [8.2929, -1.85355, 8.375],
			"rotation": {"angle": -45, "axis": "z", "origin": [7.2929, -3.35355, 7.5]},
			"faces": {
				"north": {"uv": [7, 10.375, 8.5, 11.875], "texture": "#0"},
				"east": {"uv": [10, 10.375, 10.75, 11.875], "texture": "#0"},
				"south": {"uv": [8.5, 10.375, 10, 11.875], "texture": "#0"},
				"west": {"uv": [11, 0.375, 11.75, 1.875], "texture": "#0"},
				"up": {"uv": [12.5, 2.625, 11, 1.875], "texture": "#0"},
				"down": {"uv": [12.5, 2.875, 11, 3.625], "texture": "#0"}
			}
		},
		{
			"from": [7.0429, -3.10355, 7.5],
			"to": [8.0429, -2.10355, 8.5],
			"rotation": {"angle": -45, "axis": "z", "origin": [7.2929, -3.35355, 7.5]},
			"faces": {
				"north": {"uv": [11, 3.875, 12, 4.875], "texture": "#0"},
				"east": {"uv": [11, 4.875, 12, 5.875], "texture": "#0"},
				"south": {"uv": [11, 5.875, 12, 6.875], "texture": "#0"},
				"west": {"uv": [11, 6.875, 12, 7.875], "texture": "#0"},
				"up": {"uv": [12, 8.875, 11, 7.875], "texture": "#0"},
				"down": {"uv": [12, 8.875, 11, 9.875], "texture": "#0"}
			}
		},
		{
			"from": [9.5, -4, 7.75],
			"to": [10, -2, 8.25],
			"rotation": {"angle": 0, "axis": "y", "origin": [10, -3.5, 7.75]},
			"faces": {
				"north": {"uv": [11, 9.875, 11.5, 11.875], "texture": "#0"},
				"east": {"uv": [11.5, 9.875, 12, 11.875], "texture": "#0"},
				"south": {"uv": [12, 3.875, 12.5, 5.875], "texture": "#0"},
				"west": {"uv": [12, 5.875, 12.5, 7.875], "texture": "#0"},
				"up": {"uv": [10.5, 12.375, 10, 11.875], "texture": "#0"},
				"down": {"uv": [12.5, 9.875, 12, 10.375], "texture": "#0"}
			}
		},
		{
			"from": [9.25, -5, 7.875],
			"to": [10.5, -1, 7.89],
			"rotation": {"angle": 0, "axis": "y", "origin": [9.75, -3.5, 7.875]},
			"faces": {
				"north": {"uv": [5.5, 10.375, 6.75, 14.375], "texture": "#0"},
				"south": {"uv": [6.75, 10.375, 5.5, 14.375], "texture": "#0"}
			}
		},
		{
			"from": [9.14645, -2.14644, 7.751],
			"to": [9.64645, -1.14644, 8.249],
			"rotation": {"angle": 45, "axis": "z", "origin": [9.64645, -1.64644, 7.751]},
			"faces": {
				"north": {"uv": [12, 7.875, 12.5, 8.875], "texture": "#0"},
				"east": {"uv": [8.5, 11.875, 9, 12.875], "texture": "#0"},
				"south": {"uv": [9, 11.875, 9.5, 12.875], "texture": "#0"},
				"west": {"uv": [12, 8.875, 12.5, 9.875], "texture": "#0"},
				"up": {"uv": [10, 12.375, 9.5, 11.875], "texture": "#0"}
			}
		},
		{
			"from": [9.14645, -4.85355, 7.751],
			"to": [9.64645, -3.85355, 8.249],
			"rotation": {"angle": -45, "axis": "z", "origin": [9.64645, -4.35355, 7.751]},
			"faces": {
				"north": {"uv": [12, 0.375, 12.5, 1.375], "texture": "#0"},
				"east": {"uv": [7, 11.875, 7.5, 12.875], "texture": "#0"},
				"south": {"uv": [7.5, 11.875, 8, 12.875], "texture": "#0"},
				"west": {"uv": [8, 11.875, 8.5, 12.875], "texture": "#0"},
				"down": {"uv": [12.5, 1.375, 12, 1.875], "texture": "#0"}
			}
		},
		{
			"from": [9.5, -8, 8.125],
			"to": [20, 2, 8.14],
			"rotation": {"angle": 0, "axis": "y", "origin": [4, -8, 8]},
			"faces": {
				"north": {"uv": [0, 0, 10.5, 10], "texture": "#0"},
				"south": {"uv": [10.5, 0, 0, 10], "texture": "#0"}
			}
		},
		{
			"from": [6, -4, 7.75],
			"to": [6.5, -2, 8.25],
			"rotation": {"angle": 0, "axis": "y", "origin": [6, -3.5, 7.75]},
			"faces": {
				"north": {"uv": [11.5, 9.875, 11, 11.875], "texture": "#0"},
				"east": {"uv": [12.5, 5.875, 12, 7.875], "texture": "#0"},
				"south": {"uv": [12.5, 3.875, 12, 5.875], "texture": "#0"},
				"west": {"uv": [12, 9.875, 11.5, 11.875], "texture": "#0"},
				"up": {"uv": [10, 12.375, 10.5, 11.875], "texture": "#0"},
				"down": {"uv": [12, 9.875, 12.5, 10.375], "texture": "#0"}
			}
		},
		{
			"from": [5.5, -5, 7.875],
			"to": [6.75, -1, 7.89],
			"rotation": {"angle": 0, "axis": "y", "origin": [6.25, -3.5, 7.875]},
			"faces": {
				"north": {"uv": [6.75, 10.375, 5.5, 14.375], "texture": "#0"},
				"south": {"uv": [5.5, 10.375, 6.75, 14.375], "texture": "#0"}
			}
		},
		{
			"from": [6.35356, -2.14644, 7.751],
			"to": [6.85356, -1.14644, 8.249],
			"rotation": {"angle": -45, "axis": "z", "origin": [6.35356, -1.64644, 7.751]},
			"faces": {
				"north": {"uv": [12.5, 7.875, 12, 8.875], "texture": "#0"},
				"east": {"uv": [12.5, 8.875, 12, 9.875], "texture": "#0"},
				"south": {"uv": [9.5, 11.875, 9, 12.875], "texture": "#0"},
				"west": {"uv": [9, 11.875, 8.5, 12.875], "texture": "#0"},
				"up": {"uv": [9.5, 12.375, 10, 11.875], "texture": "#0"}
			}
		},
		{
			"from": [6.35356, -4.85355, 7.751],
			"to": [6.85356, -3.85355, 8.249],
			"rotation": {"angle": 45, "axis": "z", "origin": [6.35356, -4.35355, 7.751]},
			"faces": {
				"north": {"uv": [12.5, 0.375, 12, 1.375], "texture": "#0"},
				"east": {"uv": [8.5, 11.875, 8, 12.875], "texture": "#0"},
				"south": {"uv": [8, 11.875, 7.5, 12.875], "texture": "#0"},
				"west": {"uv": [7.5, 11.875, 7, 12.875], "texture": "#0"},
				"down": {"uv": [12, 1.375, 12.5, 1.875], "texture": "#0"}
			}
		},
		{
			"from": [-4, -8, 8.125],
			"to": [6.5, 2, 8.14],
			"rotation": {"angle": 0, "axis": "y", "origin": [12, -8, 8]},
			"faces": {
				"north": {"uv": [10.5, 0, 0, 10], "texture": "#0"},
				"south": {"uv": [0, 0, 10.5, 10], "texture": "#0"}
			}
		},
		{
			"from": [5, -6, 9.25],
			"to": [11, 0, 9.265],
			"rotation": {"angle": -45, "axis": "z", "origin": [8, -3, 9.2575]},
			"faces": {
				"north": {"uv": [0, 0, 6.125, 6.125], "rotation": 90, "texture": "#1"},
				"south": {"uv": [6.125, 0, 0, 6.125], "rotation": 90, "texture": "#1"}
			}
		},
		{
			"from": [5, -6, 9.25],
			"to": [11, 0, 9.265],
			"rotation": {"angle": -22.5, "axis": "z", "origin": [8, -3, 9.2575]},
			"faces": {
				"north": {"uv": [8, 0, 14.125, 6.125], "rotation": 90, "texture": "#1"},
				"south": {"uv": [14.125, 0, 8, 6.125], "rotation": 90, "texture": "#1"}
			}
		},
		{
			"from": [5, -6, 9.25],
			"to": [11, 0, 9.265],
			"rotation": {"angle": 0, "axis": "y", "origin": [8, -3, 9.2575]},
			"faces": {
				"north": {"uv": [0, 8, 6.125, 14.125], "rotation": 90, "texture": "#1"},
				"south": {"uv": [6.125, 8, 0, 14.125], "rotation": 90, "texture": "#1"}
			}
		},
		{
			"from": [5, -6, 9.25],
			"to": [11, 0, 9.265],
			"rotation": {"angle": 22.5, "axis": "z", "origin": [8, -3, 9.2575]},
			"faces": {
				"north": {"uv": [8, 8, 14.125, 14.125], "rotation": 90, "texture": "#1"},
				"south": {"uv": [14.125, 8, 8, 14.125], "rotation": 90, "texture": "#1"}
			}
		}
	],
	"gui_light": "front",
	"display": {
		"thirdperson_righthand": {
			"rotation": [-138.75, 0, -180],
			"translation": [0, 0.75, 0],
			"scale": [0.48633, 0.48633, 0.48633]
		},
		"thirdperson_lefthand": {
			"rotation": [67, 0, 0],
			"translation": [-5.5, -7.25, 9.25]
		},
		"firstperson_righthand": {
			"rotation": [-15, 180, 0],
			"translation": [0.5, 1.5, 1],
			"scale": [0.69922, 0.69922, 0.69922]
		},
		"firstperson_lefthand": {
			"rotation": [-15, 0, 0],
			"translation": [0.5, 1.5, 1],
			"scale": [0, 0, 0]
		},
		"ground": {
			"rotation": [-45, 0, 0],
			"translation": [0, 5.75, 0]
		},
		"gui": {
			"rotation": [0, 180, 0],
			"translation": [0, 6, 0],
			"scale": [0.41016, 0.41016, 0.41016]
		},
		"head": {
			"translation": [0, -73.25, 8],
			"scale": [3, 3, 3]
		},
		"fixed": {
			"rotation": [0, 180, 0],
			"translation": [0, 0, -1.75],
			"scale": [1.5, 1.5, 1.5]
		}
	}
}