{
	"credit": "Made by PolygonMC",
	"texture_size": [8, 8],
	"textures": {
		"2": "protocalset/animations/animations_5",
		"3": "protocalset/crossbow_1",
		"particle": "protocalset/animations/animations_5"
	},
	"elements": [
		{
			"from": [5.48268, 8.29537, 3.61508],
			"to": [6.48268, 9.29537, 6.61508],
			"rotation": {"angle": -22.5, "axis": "y", "origin": [8.25, 8.79537, 7.48395]},
			"faces": {
				"north": {"uv": [4, 8, 5, 9], "texture": "#3"},
				"east": {"uv": [6, 2, 9, 3], "texture": "#3"},
				"west": {"uv": [9, 2, 12, 3], "texture": "#3"},
				"up": {"uv": [3, 13, 2, 10], "texture": "#3"},
				"down": {"uv": [4, 10, 3, 13], "texture": "#3"}
			}
		},
		{
			"from": [7.99371, 8.29037, 4.59477],
			"to": [8.99371, 9.30037, 6.09477],
			"rotation": {"angle": 45, "axis": "y", "origin": [8.25, 8.79537, 7.48395]},
			"faces": {
				"north": {"uv": [6, 13, 7, 14], "texture": "#3"},
				"east": {"uv": [12, 2, 13.5, 3], "texture": "#3"},
				"south": {"uv": [7, 13, 8, 14], "texture": "#3"},
				"west": {"uv": [0, 13, 1.5, 14], "texture": "#3"},
				"up": {"uv": [3, 14.5, 2, 13], "texture": "#3"},
				"down": {"uv": [4, 13, 3, 14.5], "texture": "#3"}
			}
		},
		{
			"from": [9.22366, 8.40537, 8.73274],
			"to": [10.22366, 9.18537, 9.73274],
			"rotation": {"angle": -45, "axis": "y", "origin": [8, 8.79537, 5.98395]},
			"faces": {
				"north": {"uv": [14, 4, 15, 4.75], "texture": "#3"},
				"east": {"uv": [14, 5, 15, 5.75], "texture": "#3"},
				"south": {"uv": [6, 14, 7, 14.75], "texture": "#3"},
				"west": {"uv": [14, 6, 15, 6.75], "texture": "#3"},
				"up": {"uv": [9, 14, 8, 13], "texture": "#3"},
				"down": {"uv": [14, 11, 13, 12], "texture": "#3"}
			}
		},
		{
			"from": [6.62868, 8.42037, 5.5],
			"to": [7.62868, 9.17037, 9.5],
			"rotation": {"angle": 0, "axis": "y", "origin": [8, 8.79537, 5.98395]},
			"faces": {
				"east": {"uv": [10, 0, 14, 0.75], "texture": "#3"},
				"west": {"uv": [10, 1, 14, 1.75], "texture": "#3"},
				"up": {"uv": [7, 13, 6, 9], "texture": "#3"},
				"down": {"uv": [8, 9, 7, 13], "texture": "#3"}
			}
		},
		{
			"from": [3.39515, 8.49537, 6.12909],
			"to": [5.39515, 9.09537, 8.12909],
			"rotation": {"angle": -45, "axis": "y", "origin": [8.25, 8.79537, 7.48395]},
			"faces": {
				"north": {"uv": [13, 7, 15, 7.5], "texture": "#3"},
				"east": {"uv": [13, 8, 15, 8.5], "texture": "#3"},
				"south": {"uv": [13, 9, 15, 9.5], "texture": "#3"},
				"west": {"uv": [13, 10, 15, 10.5], "texture": "#3"},
				"up": {"uv": [4, 10, 2, 8], "texture": "#3"},
				"down": {"uv": [6, 9, 4, 11], "texture": "#3"}
			}
		},
		{
			"from": [1.5, 8.77037, 2.46789],
			"to": [7, 8.82037, 5.46789],
			"rotation": {"angle": 0, "axis": "y", "origin": [8.25, 8.79537, 7.48395]},
			"faces": {
				"up": {"uv": [5.5, 3, 0, 0], "texture": "#3"},
				"down": {"uv": [5.5, 0, 0, 3], "texture": "#3"}
			}
		},
		{
			"from": [7.5, 7.79537, 6],
			"to": [8.5, 8.79537, 9],
			"rotation": {"angle": 0, "axis": "y", "origin": [7.5, 4.79537, 8]},
			"faces": {
				"north": {"uv": [13, 12, 14, 13], "texture": "#3"},
				"east": {"uv": [10, 3, 13, 4], "texture": "#3"},
				"south": {"uv": [13, 13, 14, 14], "texture": "#3"},
				"west": {"uv": [10, 4, 13, 5], "texture": "#3"},
				"up": {"uv": [11, 8, 10, 5], "texture": "#3"},
				"down": {"uv": [11, 8, 10, 11], "texture": "#3"}
			}
		},
		{
			"from": [7.5, 7.29537, 4],
			"to": [8.5, 8.79537, 6],
			"rotation": {"angle": 0, "axis": "y", "origin": [7.5, 4.79537, 8]},
			"faces": {
				"north": {"uv": [13, 3, 14, 4.5], "texture": "#3"},
				"east": {"uv": [0, 11, 2, 12.5], "texture": "#3"},
				"south": {"uv": [4, 13, 5, 14.5], "texture": "#3"},
				"west": {"uv": [4, 11, 6, 12.5], "texture": "#3"},
				"up": {"uv": [13, 12, 12, 10], "texture": "#3"},
				"down": {"uv": [13, 12, 12, 14], "texture": "#3"}
			}
		},
		{
			"from": [7.5, 7.29537, 9],
			"to": [8.5, 8.79537, 13],
			"rotation": {"angle": 0, "axis": "y", "origin": [7.5, 4.79537, 8]},
			"faces": {
				"north": {"uv": [5, 13, 6, 14.5], "texture": "#3"},
				"east": {"uv": [6, 0, 10, 1.5], "texture": "#3"},
				"south": {"uv": [13, 5, 14, 6.5], "texture": "#3"},
				"west": {"uv": [5, 7, 9, 8.5], "texture": "#3"},
				"up": {"uv": [10, 11, 9, 7], "texture": "#3"},
				"down": {"uv": [9, 9, 8, 13], "texture": "#3"}
			}
		},
		{
			"from": [7.7, 7.09537, 9],
			"to": [8.3, 8.99537, 13.2],
			"rotation": {"angle": 0, "axis": "y", "origin": [7.5, 4.79537, 8]},
			"faces": {
				"north": {"uv": [0, 14, 0.5, 16], "texture": "#3"},
				"east": {"uv": [5, 3, 9.25, 5], "texture": "#3"},
				"south": {"uv": [14, 0, 14.5, 2], "texture": "#3"},
				"west": {"uv": [5, 5, 9.25, 7], "texture": "#3"},
				"up": {"uv": [11.5, 15.25, 11, 11], "texture": "#3"},
				"down": {"uv": [12.5, 5, 12, 9.25], "texture": "#3"}
			}
		},
		{
			"from": [7.505, 5.55922, 9.00175],
			"to": [8.495, 8.03422, 9.99175],
			"rotation": {"angle": -22.5, "axis": "x", "origin": [7.505, 6.05422, 9.00175]},
			"faces": {
				"north": {"uv": [11, 5, 12, 7.5], "texture": "#3"},
				"east": {"uv": [11, 8, 12, 10.5], "texture": "#3"},
				"south": {"uv": [9, 11, 10, 13.5], "texture": "#3"},
				"west": {"uv": [10, 11, 11, 13.5], "texture": "#3"},
				"down": {"uv": [2, 14, 1, 15], "texture": "#3"}
			}
		},
		{
			"from": [7.75, 8.27037, 9.25],
			"to": [8.25, 9.27037, 10.25],
			"rotation": {"angle": -45, "axis": "x", "origin": [7.75, 8.27037, 9.25]},
			"faces": {
				"north": {"uv": [7, 14, 7.5, 15], "texture": "#3"},
				"east": {"uv": [14, 2, 15, 3], "texture": "#3"},
				"south": {"uv": [8, 14, 8.5, 15], "texture": "#3"},
				"west": {"uv": [14, 3, 15, 4], "texture": "#3"},
				"up": {"uv": [9.5, 15, 9, 14], "texture": "#3"},
				"down": {"uv": [10.5, 14, 10, 15], "texture": "#3"}
			}
		},
		{
			"from": [7.25, 9.04537, -1],
			"to": [8.75, 9.09537, 7],
			"rotation": {"angle": 45, "axis": "z", "origin": [8, 9.07037, 3]},
			"faces": {
				"up": {"uv": [1.5, 11, 0, 3], "texture": "#3"},
				"down": {"uv": [1.5, 3, 0, 11], "texture": "#3"}
			}
		},
		{
			"from": [7.975, 8.32037, -1],
			"to": [8.025, 9.82037, 7],
			"rotation": {"angle": 45, "axis": "z", "origin": [8, 9.07037, 3]},
			"faces": {
				"east": {"uv": [1.5, 3, 0, 11], "rotation": 270, "texture": "#3"},
				"west": {"uv": [1.5, 11, 0, 3], "rotation": 270, "texture": "#3"}
			}
		},
		{
			"from": [4.5, 8.94537, 4.55],
			"to": [6.75, 8.99537, 9.5],
			"rotation": {"angle": 0, "axis": "y", "origin": [7.25, 8.94537, 0.75]},
			"faces": {
				"up": {"uv": [4.25, 8, 2, 3], "texture": "#3"},
				"down": {"uv": [4.25, 3, 2, 8], "texture": "#3"}
			}
		},
		{
			"from": [9.51732, 8.29537, 3.61508],
			"to": [10.51732, 9.29537, 6.61508],
			"rotation": {"angle": 22.5, "axis": "y", "origin": [7.75, 8.79537, 7.48395]},
			"faces": {
				"north": {"uv": [5, 8, 4, 9], "texture": "#3"},
				"east": {"uv": [12, 2, 9, 3], "texture": "#3"},
				"west": {"uv": [9, 2, 6, 3], "texture": "#3"},
				"up": {"uv": [2, 13, 3, 10], "texture": "#3"},
				"down": {"uv": [3, 10, 4, 13], "texture": "#3"}
			}
		},
		{
			"from": [10.60485, 8.49537, 6.12909],
			"to": [12.60485, 9.09537, 8.12909],
			"rotation": {"angle": 45, "axis": "y", "origin": [7.75, 8.79537, 7.48395]},
			"faces": {
				"north": {"uv": [15, 7, 13, 7.5], "texture": "#3"},
				"east": {"uv": [15, 10, 13, 10.5], "texture": "#3"},
				"south": {"uv": [15, 9, 13, 9.5], "texture": "#3"},
				"west": {"uv": [15, 8, 13, 8.5], "texture": "#3"},
				"up": {"uv": [2, 10, 4, 8], "texture": "#3"},
				"down": {"uv": [4, 9, 6, 11], "texture": "#3"}
			}
		},
		{
			"from": [7.00629, 8.29037, 4.59477],
			"to": [8.00629, 9.30037, 6.09477],
			"rotation": {"angle": -45, "axis": "y", "origin": [7.75, 8.79537, 7.48395]},
			"faces": {
				"north": {"uv": [7, 13, 6, 14], "texture": "#3"},
				"east": {"uv": [1.5, 13, 0, 14], "texture": "#3"},
				"south": {"uv": [8, 13, 7, 14], "texture": "#3"},
				"west": {"uv": [13.5, 2, 12, 3], "texture": "#3"},
				"up": {"uv": [2, 14.5, 3, 13], "texture": "#3"},
				"down": {"uv": [3, 13, 4, 14.5], "texture": "#3"}
			}
		},
		{
			"from": [8.37132, 8.42037, 5.5],
			"to": [9.37132, 9.17037, 9.5],
			"rotation": {"angle": 0, "axis": "y", "origin": [8, 8.79537, 5.98395]},
			"faces": {
				"east": {"uv": [14, 1, 10, 1.75], "texture": "#3"},
				"west": {"uv": [14, 0, 10, 0.75], "texture": "#3"},
				"up": {"uv": [6, 13, 7, 9], "texture": "#3"},
				"down": {"uv": [7, 9, 8, 13], "texture": "#3"}
			}
		},
		{
			"from": [5.77634, 8.40537, 8.73274],
			"to": [6.77634, 9.18537, 9.73274],
			"rotation": {"angle": 45, "axis": "y", "origin": [8, 8.79537, 5.98395]},
			"faces": {
				"north": {"uv": [15, 4, 14, 4.75], "texture": "#3"},
				"east": {"uv": [15, 6, 14, 6.75], "texture": "#3"},
				"south": {"uv": [7, 14, 6, 14.75], "texture": "#3"},
				"west": {"uv": [15, 5, 14, 5.75], "texture": "#3"},
				"up": {"uv": [8, 14, 9, 13], "texture": "#3"},
				"down": {"uv": [13, 11, 14, 12], "texture": "#3"}
			}
		},
		{
			"from": [9.25, 8.94537, 4.55],
			"to": [11.5, 8.99537, 9.5],
			"rotation": {"angle": 0, "axis": "y", "origin": [8.75, 8.94537, 0.75]},
			"faces": {
				"up": {"uv": [2, 8, 4.25, 3], "texture": "#3"},
				"down": {"uv": [2, 3, 4.25, 8], "texture": "#3"}
			}
		},
		{
			"from": [9, 8.77037, 2.46789],
			"to": [14.5, 8.82037, 5.46789],
			"rotation": {"angle": 0, "axis": "y", "origin": [7.75, 8.79537, 7.48395]},
			"faces": {
				"up": {"uv": [0, 3, 5.5, 0], "texture": "#3"},
				"down": {"uv": [0, 0, 5.5, 3], "texture": "#3"}
			}
		},
		{
			"from": [7.75, 6.96828, 8.16478],
			"to": [8.25, 7.96828, 8.66478],
			"rotation": {"angle": -22.5, "axis": "x", "origin": [7.75, 6.76828, 8.16478]},
			"faces": {
				"north": {"uv": [14, 11, 14.5, 12], "texture": "#3"},
				"east": {"uv": [12, 14, 12.5, 15], "texture": "#3"},
				"west": {"uv": [14, 12, 14.5, 13], "texture": "#3"},
				"down": {"uv": [1.5, 15, 1, 15.5], "texture": "#3"}
			}
		},
		{
			"from": [7.7875, 8.5927, 6.93404],
			"to": [8.2125, 9.4427, 7.35904],
			"rotation": {"angle": 45, "axis": "x", "origin": [7.7875, 9.2727, 6.93404]},
			"faces": {
				"north": {"uv": [13, 14, 13.5, 15], "texture": "#3"},
				"east": {"uv": [14, 13, 14.5, 14], "texture": "#3"},
				"south": {"uv": [14, 14, 14.5, 15], "texture": "#3"},
				"west": {"uv": [15, 0, 15.5, 1], "texture": "#3"},
				"up": {"uv": [15.5, 1.5, 15, 1], "texture": "#3"},
				"down": {"uv": [2.5, 15, 2, 15.5], "texture": "#3"}
			}
		},
		{
			"from": [5, 9.5, -1],
			"to": [11, 9.5, 4],
			"rotation": {"angle": 0, "axis": "y", "origin": [8, 9.5, 1.5]},
			"faces": {
				"north": {"uv": [0, 0, 12, 0], "texture": "#2"},
				"east": {"uv": [0, 0, 10, 0], "texture": "#2"},
				"south": {"uv": [0, 0, 12, 0], "texture": "#2"},
				"west": {"uv": [0, 0, 10, 0], "texture": "#2"},
				"up": {"uv": [12, 10, 0, 0], "rotation": 180, "texture": "#2"}
			}
		}
	],
	"gui_light": "front",
	"display": {
		"thirdperson_righthand": {
			"translation": [0, 0.25, 0.5]
		},
		"thirdperson_lefthand": {
			"translation": [0, 0.25, 0.5]
		},
		"firstperson_righthand": {
			"rotation": [0.52, -11.97, 13.05],
			"translation": [4.25, 4, 5],
			"scale": [0.78906, 0.78906, 0.78906]
		},
		"firstperson_lefthand": {
			"rotation": [0.52, -11.97, 13.05],
			"translation": [4.25, 4, 5],
			"scale": [0.78906, 0.78906, 0.78906]
		},
		"ground": {
			"rotation": [20, 0, 0],
			"translation": [0, 7, 0]
		},
		"gui": {
			"rotation": [90, 45, 0],
			"translation": [2, -2, 0],
			"scale": [1.32227, 1.32227, 1.32227]
		},
		"head": {
			"rotation": [135, 0, 180],
			"scale": [1.5, 1.5, 1.5]
		},
		"fixed": {
			"rotation": [-90, 0, 0],
			"translation": [0, -0.5, -1.5],
			"scale": [2.62578, 2.62578, 2.62578]
		}
	}
}