{
	"credit": "Made by PolygonMC",
	"texture_size": [24, 24],
	"textures": {
		"1": "protocalset/animations/animations_2",
		"2": "protocalset/hoe",
		"particle": "protocalset/hoe"
	},
	"elements": [
		{
			"from": [7.75, 0, 7.5],
			"to": [8.25, 0.5, 8.5],
			"rotation": {"angle": -45, "axis": "x", "origin": [8, 1, 8]},
			"faces": {
				"east": {"uv": [12.66667, 10.66667, 13.33333, 11], "texture": "#2"},
				"west": {"uv": [12.66667, 11.33333, 13.33333, 11.66667], "texture": "#2"},
				"up": {"uv": [13, 12.66667, 12.66667, 12], "texture": "#2"},
				"down": {"uv": [13, 12.66667, 12.66667, 13.33333], "texture": "#2"}
			}
		},
		{
			"from": [7.75, 1.5, 7.5],
			"to": [8.25, 2, 8.5],
			"rotation": {"angle": -45, "axis": "x", "origin": [8, 1, 8]},
			"faces": {
				"east": {"uv": [0, 13.33333, 0.66667, 13.66667], "texture": "#2"},
				"west": {"uv": [13.33333, 0, 14, 0.33333], "texture": "#2"},
				"up": {"uv": [1, 14, 0.66667, 13.33333], "texture": "#2"},
				"down": {"uv": [13.66667, 0.66667, 13.33333, 1.33333], "texture": "#2"}
			}
		},
		{
			"from": [7.75, 0, 7],
			"to": [8.25, 2, 7.5],
			"rotation": {"angle": -45, "axis": "x", "origin": [8, 1, 8]},
			"faces": {
				"north": {"uv": [2.66667, 12, 3, 13.33333], "texture": "#2"},
				"east": {"uv": [12, 2.66667, 12.33333, 4], "texture": "#2"},
				"south": {"uv": [3.33333, 12, 3.66667, 13.33333], "texture": "#2"},
				"west": {"uv": [4, 12, 4.33333, 13.33333], "texture": "#2"},
				"up": {"uv": [1.66667, 13.66667, 1.33333, 13.33333], "texture": "#2"},
				"down": {"uv": [13.66667, 1.33333, 13.33333, 1.66667], "texture": "#2"}
			}
		},
		{
			"from": [7.75, 0, 8.5],
			"to": [8.25, 2, 9],
			"rotation": {"angle": -45, "axis": "x", "origin": [8, 1, 8]},
			"faces": {
				"north": {"uv": [12, 4, 12.33333, 5.33333], "texture": "#2"},
				"east": {"uv": [4.66667, 12, 5, 13.33333], "texture": "#2"},
				"south": {"uv": [5.33333, 12, 5.66667, 13.33333], "texture": "#2"},
				"west": {"uv": [12, 5.33333, 12.33333, 6.66667], "texture": "#2"},
				"up": {"uv": [2.33333, 13.66667, 2, 13.33333], "texture": "#2"},
				"down": {"uv": [13.66667, 2, 13.33333, 2.33333], "texture": "#2"}
			}
		},
		{
			"from": [7.25, 1.5, 7.25],
			"to": [8.75, 3, 8.75],
			"rotation": {"angle": 45, "axis": "x", "origin": [8, 2.25, 8]},
			"faces": {
				"north": {"uv": [8.66667, 2, 9.66667, 3], "texture": "#2"},
				"east": {"uv": [6, 8.66667, 7, 9.66667], "texture": "#2"},
				"south": {"uv": [7.33333, 8.66667, 8.33333, 9.66667], "texture": "#2"},
				"west": {"uv": [8.66667, 8.66667, 9.66667, 9.66667], "texture": "#2"},
				"up": {"uv": [10.33333, 1, 9.33333, 0], "texture": "#2"},
				"down": {"uv": [10.33333, 3.33333, 9.33333, 4.33333], "texture": "#2"}
			}
		},
		{
			"from": [7.5, 1.5, 6.75],
			"to": [8.5, 3, 7.75],
			"rotation": {"angle": -22.5, "axis": "x", "origin": [8, 2.25, 7.25]},
			"faces": {
				"north": {"uv": [5.33333, 10.66667, 6, 11.66667], "texture": "#2"},
				"east": {"uv": [10.66667, 8, 11.33333, 9], "texture": "#2"},
				"west": {"uv": [10.66667, 9.33333, 11.33333, 10.33333], "texture": "#2"},
				"up": {"uv": [10, 2, 9.33333, 1.33333], "texture": "#2"},
				"down": {"uv": [10.66667, 2.66667, 10, 3.33333], "texture": "#2"}
			}
		},
		{
			"from": [7.5, 1.5, 8.25],
			"to": [8.5, 3, 9.25],
			"rotation": {"angle": 22.5, "axis": "x", "origin": [8, 2.25, 8.75]},
			"faces": {
				"east": {"uv": [10.66667, 10.66667, 11.33333, 11.66667], "texture": "#2"},
				"south": {"uv": [11.33333, 1.33333, 12, 2.33333], "texture": "#2"},
				"west": {"uv": [11.33333, 8, 12, 9], "texture": "#2"},
				"up": {"uv": [6.66667, 12.66667, 6, 12], "texture": "#2"},
				"down": {"uv": [7.33333, 12, 6.66667, 12.66667], "texture": "#2"}
			}
		},
		{
			"from": [7.4, 2.25, 7.4],
			"to": [8.6, 3.75, 8.6],
			"rotation": {"angle": 0, "axis": "y", "origin": [7.5, 2.25, 7.5]},
			"faces": {
				"north": {"uv": [0, 10.66667, 0.83333, 11.66667], "texture": "#2"},
				"east": {"uv": [10.66667, 0, 11.5, 1], "texture": "#2"},
				"south": {"uv": [1.33333, 10.66667, 2.16667, 11.66667], "texture": "#2"},
				"west": {"uv": [2.66667, 10.66667, 3.5, 11.66667], "texture": "#2"}
			}
		},
		{
			"from": [7.5, 4.25, 7.5],
			"to": [8.5, 6.25, 8.5],
			"rotation": {"angle": 0, "axis": "y", "origin": [7.5, 4.25, 7.5]},
			"faces": {
				"north": {"uv": [8.66667, 10, 9.33333, 11.33333], "texture": "#2"},
				"east": {"uv": [10, 8.66667, 10.66667, 10], "texture": "#2"},
				"south": {"uv": [9.33333, 10, 10, 11.33333], "texture": "#2"},
				"west": {"uv": [10, 10, 10.66667, 11.33333], "texture": "#2"}
			}
		},
		{
			"from": [7.3, 3.75, 7.3],
			"to": [8.7, 4.25, 8.7],
			"rotation": {"angle": 0, "axis": "y", "origin": [7.5, 3.75, 7.5]},
			"faces": {
				"north": {"uv": [12.66667, 5.33333, 13.66667, 5.66667], "texture": "#2"},
				"east": {"uv": [6, 12.66667, 7, 13], "texture": "#2"},
				"south": {"uv": [12.66667, 6, 13.66667, 6.33333], "texture": "#2"},
				"west": {"uv": [12.66667, 6.66667, 13.66667, 7], "texture": "#2"},
				"up": {"uv": [5, 10.33333, 4, 9.33333], "texture": "#2"},
				"down": {"uv": [10.33333, 4.66667, 9.33333, 5.66667], "texture": "#2"}
			}
		},
		{
			"from": [7.4, 6.75, 7.4],
			"to": [8.6, 8.25, 8.6],
			"rotation": {"angle": 0, "axis": "y", "origin": [7.5, 8.25, 7.5]},
			"faces": {
				"north": {"uv": [10.66667, 2.66667, 11.5, 3.66667], "texture": "#2"},
				"east": {"uv": [4, 10.66667, 4.83333, 11.66667], "texture": "#2"},
				"south": {"uv": [10.66667, 4, 11.5, 5], "texture": "#2"},
				"west": {"uv": [10.66667, 5.33333, 11.5, 6.33333], "texture": "#2"}
			}
		},
		{
			"from": [7.3, 6.25, 7.3],
			"to": [8.7, 6.75, 8.7],
			"rotation": {"angle": 0, "axis": "x", "origin": [8, 6.5, 8]},
			"faces": {
				"north": {"uv": [7.33333, 12.66667, 8.33333, 13], "texture": "#2"},
				"east": {"uv": [12.66667, 7.33333, 13.66667, 7.66667], "texture": "#2"},
				"south": {"uv": [12.66667, 8, 13.66667, 8.33333], "texture": "#2"},
				"west": {"uv": [8.66667, 12.66667, 9.66667, 13], "texture": "#2"},
				"up": {"uv": [10.33333, 7, 9.33333, 6], "texture": "#2"},
				"down": {"uv": [10.33333, 7.33333, 9.33333, 8.33333], "texture": "#2"}
			}
		},
		{
			"from": [7.25, 13.25, 7.25],
			"to": [8.75, 14.25, 8.75],
			"rotation": {"angle": 0, "axis": "y", "origin": [7.25, 13.25, 7.25]},
			"faces": {
				"north": {"uv": [7.33333, 2.66667, 8.33333, 3.33333], "texture": "#2"},
				"east": {"uv": [8.66667, 11.33333, 9.66667, 12], "texture": "#2"},
				"south": {"uv": [11.33333, 9.33333, 12.33333, 10], "texture": "#2"},
				"west": {"uv": [11.33333, 10, 12.33333, 10.66667], "texture": "#2"},
				"down": {"uv": [11, 1.33333, 10, 2.33333], "texture": "#2"}
			}
		},
		{
			"from": [7.5, 12.75, 7],
			"to": [8.5, 15.75, 8],
			"rotation": {"angle": -22.5, "axis": "x", "origin": [7.5, 12.75, 6]},
			"faces": {
				"north": {"uv": [0, 8.66667, 0.66667, 10.66667], "texture": "#2"},
				"east": {"uv": [8.66667, 0, 9.33333, 2], "texture": "#2"},
				"south": {"uv": [0.66667, 8.66667, 1.33333, 10.66667], "texture": "#2"},
				"west": {"uv": [1.33333, 8.66667, 2, 10.66667], "texture": "#2"},
				"down": {"uv": [12.66667, 6.66667, 12, 7.33333], "texture": "#2"}
			}
		},
		{
			"from": [7.495, 15.11143, 6.69004],
			"to": [8.505, 16.61143, 7.69004],
			"rotation": {"angle": 45, "axis": "x", "origin": [7.995, 16.61143, 7.19004]},
			"faces": {
				"north": {"uv": [10, 11.33333, 10.66667, 12.33333], "texture": "#2"},
				"east": {"uv": [11.33333, 10.66667, 12, 11.66667], "texture": "#2"},
				"south": {"uv": [0, 12, 0.66667, 13], "texture": "#2"},
				"west": {"uv": [12, 0, 12.66667, 1], "texture": "#2"},
				"up": {"uv": [8, 12.66667, 7.33333, 12], "texture": "#2"},
				"down": {"uv": [12.66667, 7.33333, 12, 8], "texture": "#2"}
			}
		},
		{
			"from": [7.495, 15.11143, 8.30996],
			"to": [8.505, 16.61143, 9.30996],
			"rotation": {"angle": -45, "axis": "x", "origin": [7.995, 16.61143, 8.80996]},
			"faces": {
				"north": {"uv": [0.66667, 12, 1.33333, 13], "texture": "#2"},
				"east": {"uv": [1.33333, 12, 2, 13], "texture": "#2"},
				"south": {"uv": [12, 1.33333, 12.66667, 2.33333], "texture": "#2"},
				"west": {"uv": [2, 12, 2.66667, 13], "texture": "#2"},
				"up": {"uv": [8.66667, 12.66667, 8, 12], "texture": "#2"},
				"down": {"uv": [12.66667, 8, 12, 8.66667], "texture": "#2"}
			}
		},
		{
			"from": [7.5, 12.75, 8],
			"to": [8.5, 15.75, 9],
			"rotation": {"angle": 22.5, "axis": "x", "origin": [7.5, 12.75, 10]},
			"faces": {
				"north": {"uv": [2, 8.66667, 2.66667, 10.66667], "texture": "#2"},
				"east": {"uv": [2.66667, 8.66667, 3.33333, 10.66667], "texture": "#2"},
				"south": {"uv": [3.33333, 8.66667, 4, 10.66667], "texture": "#2"},
				"west": {"uv": [5.33333, 8.66667, 6, 10.66667], "texture": "#2"},
				"down": {"uv": [9.33333, 12, 8.66667, 12.66667], "texture": "#2"}
			}
		},
		{
			"from": [7, 13.5, 8],
			"to": [9, 15.5, 10],
			"rotation": {"angle": -45, "axis": "x", "origin": [7, 13.5, 8]},
			"faces": {
				"north": {"uv": [4, 6.66667, 5.33333, 8], "texture": "#2"},
				"east": {"uv": [6.66667, 4.66667, 8, 6], "texture": "#2"},
				"south": {"uv": [6.66667, 6, 8, 7.33333], "texture": "#2"},
				"west": {"uv": [7.33333, 0, 8.66667, 1.33333], "texture": "#2"},
				"up": {"uv": [8.66667, 2.66667, 7.33333, 1.33333], "texture": "#2"},
				"down": {"uv": [8, 7.33333, 6.66667, 8.66667], "texture": "#2"}
			}
		},
		{
			"from": [7.6, 14.85, 7],
			"to": [8.4, 17.85, 10],
			"rotation": {"angle": -45, "axis": "x", "origin": [8, 15.85, 8]},
			"faces": {
				"north": {"uv": [6, 10, 6.5, 12], "texture": "#2"},
				"east": {"uv": [0, 14, 2, 16], "texture": "#2"},
				"south": {"uv": [6.66667, 10, 7.16667, 12], "texture": "#2"},
				"west": {"uv": [2, 14, 4, 16], "texture": "#2"},
				"up": {"uv": [7.83333, 12, 7.33333, 10], "texture": "#2"},
				"down": {"uv": [8.5, 10, 8, 12], "texture": "#2"}
			}
		},
		{
			"from": [7.61, 13.76957, 1.72707],
			"to": [8.39, 14.76957, 2.72707],
			"rotation": {"angle": 22.5, "axis": "x", "origin": [8, 15.09284, 3.52513]},
			"faces": {
				"north": {"uv": [12.66667, 8.66667, 13.16667, 9.33333], "texture": "#2"},
				"east": {"uv": [12, 8.66667, 12.66667, 9.33333], "texture": "#2"},
				"south": {"uv": [12.66667, 9.33333, 13.16667, 10], "texture": "#2"},
				"west": {"uv": [9.33333, 12, 10, 12.66667], "texture": "#2"},
				"up": {"uv": [10.5, 13.33333, 10, 12.66667], "texture": "#2"},
				"down": {"uv": [13.16667, 10, 12.66667, 10.66667], "texture": "#2"}
			}
		},
		{
			"from": [7.625, 15.13567, 2.02513],
			"to": [8.375, 16.13567, 8.02513],
			"rotation": {"angle": -22.5, "axis": "x", "origin": [8, 15.09284, 3.52513]},
			"faces": {
				"east": {"uv": [4, 14, 8, 14.66667], "texture": "#2"},
				"west": {"uv": [4, 14.66667, 8, 15.33334], "texture": "#2"},
				"up": {"uv": [5.83333, 8.66667, 5.33333, 4.66667], "texture": "#2"},
				"down": {"uv": [6.5, 4.66667, 6, 8.66667], "texture": "#2"}
			}
		},
		{
			"from": [7.7, 13.78934, 4.52513],
			"to": [8.3, 15.78934, 6.52513],
			"rotation": {"angle": -45, "axis": "x", "origin": [8, 14.78934, 5.52513]},
			"faces": {
				"north": {"uv": [10.66667, 12, 11, 13.33333], "texture": "#2"},
				"east": {"uv": [4, 8, 5.33333, 9.33333], "texture": "#2"},
				"south": {"uv": [12, 10.66667, 12.33333, 12], "texture": "#2"},
				"west": {"uv": [8, 4.66667, 9.33333, 6], "texture": "#2"},
				"up": {"uv": [11.66667, 13.33333, 11.33333, 12], "texture": "#2"},
				"down": {"uv": [12.33333, 12, 12, 13.33333], "texture": "#2"}
			}
		},
		{
			"from": [7.375, 8.25, 7.375],
			"to": [8.625, 13.25, 8.625],
			"rotation": {"angle": 0, "axis": "y", "origin": [7.375, 8.25, 6.625]},
			"faces": {
				"north": {"uv": [14, 0, 14.83333, 3.33334], "texture": "#2"},
				"east": {"uv": [0, 5.33333, 0.83333, 8.66667], "texture": "#2"},
				"south": {"uv": [1.33333, 5.33333, 2.16667, 8.66667], "texture": "#2"},
				"west": {"uv": [2.66667, 5.33333, 3.5, 8.66667], "texture": "#2"},
				"down": {"uv": [11.5, 6.66667, 10.66667, 7.5], "texture": "#2"}
			}
		},
		{
			"from": [7.975, 12.05, -2.25],
			"to": [8.025, 17.05, 8.25],
			"rotation": {"angle": -22.5, "axis": "x", "origin": [8, 15.09284, 3.52513]},
			"faces": {
				"east": {"uv": [7, 0, 0, 3.33333], "texture": "#2"},
				"west": {"uv": [0, 0, 7, 3.33333], "texture": "#2"}
			}
		},
		{
			"from": [7.1, 15.95, 7.25],
			"to": [7.1, 17.95, 17.25],
			"rotation": {"angle": -22.5, "axis": "x", "origin": [7.1, 16.95, 12.25]},
			"faces": {
				"west": {"uv": [0, 13.33333, 2.66667, 0], "rotation": 270, "texture": "#1"}
			}
		},
		{
			"from": [8.9, 15.95, 7.25],
			"to": [8.9, 17.95, 17.25],
			"rotation": {"angle": -22.5, "axis": "x", "origin": [8.9, 16.95, 12.25]},
			"faces": {
				"east": {"uv": [0, 0, 2.66667, 13.33333], "rotation": 270, "texture": "#1"}
			}
		}
	],
	"gui_light": "front",
	"display": {
		"thirdperson_righthand": {
			"translation": [0, 0.25, 1]
		},
		"thirdperson_lefthand": {
			"translation": [0, 0.25, 1]
		},
		"firstperson_righthand": {
			"rotation": [-10, 0, 0],
			"translation": [0, 1.75, 0]
		},
		"firstperson_lefthand": {
			"rotation": [-10, 0, 0],
			"translation": [0, 1.75, 0]
		},
		"ground": {
			"rotation": [-45, 0, 0],
			"translation": [0, 7, 0]
		},
		"gui": {
			"rotation": [-90, 45, 90],
			"translation": [1.5, -0.75, 0],
			"scale": [0.71875, 0.71875, 0.71875]
		},
		"head": {
			"rotation": [0, 90, 0],
			"scale": [1.5, 1.5, 1.5]
		},
		"fixed": {
			"rotation": [0, -90, 0],
			"translation": [0, -2, -1.25],
			"scale": [1.7, 1.7, 1.7]
		}
	}
}