{
	"credit": "Made by PolygonMC",
	"texture_size": [8, 8],
	"textures": {
		"2": "protocalset/staff",
		"3": "protocalset/animations/animations_3",
		"4": "protocalset/animations/staff_cube",
		"particle": "protocalset/staff"
	},
	"elements": [
		{
			"from": [7.75, 0, 7.5],
			"to": [8.25, 0.5, 8.5],
			"rotation": {"angle": -45, "axis": "x", "origin": [8, 1, 8]},
			"faces": {
				"east": {"uv": [10.66667, 13.33333, 11.33333, 13.66667], "texture": "#2"},
				"west": {"uv": [13.33333, 13.33333, 14, 13.66667], "texture": "#2"},
				"up": {"uv": [0.33333, 14.66667, 0, 14], "texture": "#2"},
				"down": {"uv": [14.33333, 0, 14, 0.66667], "texture": "#2"}
			}
		},
		{
			"from": [7.75, 1.5, 7.5],
			"to": [8.25, 2, 8.5],
			"rotation": {"angle": -45, "axis": "x", "origin": [8, 1, 8]},
			"faces": {
				"east": {"uv": [0.66667, 14, 1.33333, 14.33333], "texture": "#2"},
				"west": {"uv": [14, 0.66667, 14.66667, 1], "texture": "#2"},
				"up": {"uv": [1.66667, 14.66667, 1.33333, 14], "texture": "#2"},
				"down": {"uv": [14.33333, 1.33333, 14, 2], "texture": "#2"}
			}
		},
		{
			"from": [7.75, 0, 7],
			"to": [8.25, 2, 7.5],
			"rotation": {"angle": -45, "axis": "x", "origin": [8, 1, 8]},
			"faces": {
				"north": {"uv": [4.66667, 12.66667, 5, 14], "texture": "#2"},
				"east": {"uv": [5.33333, 12.66667, 5.66667, 14], "texture": "#2"},
				"south": {"uv": [12.66667, 5.33333, 13, 6.66667], "texture": "#2"},
				"west": {"uv": [12.66667, 6.66667, 13, 8], "texture": "#2"},
				"up": {"uv": [14.33333, 2.33333, 14, 2], "texture": "#2"},
				"down": {"uv": [14.33333, 2.66667, 14, 3], "texture": "#2"}
			}
		},
		{
			"from": [7.75, 0, 8.5],
			"to": [8.25, 2, 9],
			"rotation": {"angle": -45, "axis": "x", "origin": [8, 1, 8]},
			"faces": {
				"north": {"uv": [7.33333, 12.66667, 7.66667, 14], "texture": "#2"},
				"east": {"uv": [8, 12.66667, 8.33333, 14], "texture": "#2"},
				"south": {"uv": [12.66667, 8, 13, 9.33333], "texture": "#2"},
				"west": {"uv": [8.66667, 12.66667, 9, 14], "texture": "#2"},
				"up": {"uv": [3.66667, 14.33333, 3.33333, 14], "texture": "#2"},
				"down": {"uv": [14.33333, 3.33333, 14, 3.66667], "texture": "#2"}
			}
		},
		{
			"from": [7.25, 1.5, 7.25],
			"to": [8.75, 3, 8.75],
			"rotation": {"angle": 45, "axis": "x", "origin": [8, 2.25, 8]},
			"faces": {
				"north": {"uv": [9.33333, 0, 10.33333, 1], "texture": "#2"},
				"east": {"uv": [2, 9.33333, 3, 10.33333], "texture": "#2"},
				"south": {"uv": [9.33333, 6.66667, 10.33333, 7.66667], "texture": "#2"},
				"west": {"uv": [9.33333, 8, 10.33333, 9], "texture": "#2"},
				"up": {"uv": [10.33333, 10.33333, 9.33333, 9.33333], "texture": "#2"},
				"down": {"uv": [11, 1.33333, 10, 2.33333], "texture": "#2"}
			}
		},
		{
			"from": [7.5, 1.5, 6.75],
			"to": [8.5, 3, 7.75],
			"rotation": {"angle": -22.5, "axis": "x", "origin": [8, 2.25, 7.25]},
			"faces": {
				"north": {"uv": [12, 1.33333, 12.66667, 2.33333], "texture": "#2"},
				"east": {"uv": [2, 12, 2.66667, 13], "texture": "#2"},
				"west": {"uv": [2.66667, 12, 3.33333, 13], "texture": "#2"},
				"up": {"uv": [6.5, 6.66667, 5.83333, 6], "texture": "#2"},
				"down": {"uv": [7.33333, 6, 6.66667, 6.66667], "texture": "#2"}
			}
		},
		{
			"from": [7.5, 1.5, 8.25],
			"to": [8.5, 3, 9.25],
			"rotation": {"angle": 22.5, "axis": "x", "origin": [8, 2.25, 8.75]},
			"faces": {
				"east": {"uv": [6, 12, 6.66667, 13], "texture": "#2"},
				"south": {"uv": [6.66667, 12, 7.33333, 13], "texture": "#2"},
				"west": {"uv": [12, 6.66667, 12.66667, 7.66667], "texture": "#2"},
				"up": {"uv": [8.66667, 2, 8, 1.33333], "texture": "#2"},
				"down": {"uv": [4, 9.33333, 3.33333, 10], "texture": "#2"}
			}
		},
		{
			"from": [7.4, 2.25, 7.4],
			"to": [8.6, 3.75, 8.6],
			"rotation": {"angle": 0, "axis": "y", "origin": [7.5, 2.25, 7.5]},
			"faces": {
				"north": {"uv": [11.33333, 2.66667, 12.16667, 3.66667], "texture": "#2"},
				"east": {"uv": [3.33333, 11.33333, 4.16667, 12.33333], "texture": "#2"},
				"south": {"uv": [11.33333, 4, 12.16667, 5], "texture": "#2"},
				"west": {"uv": [4.66667, 11.33333, 5.5, 12.33333], "texture": "#2"}
			}
		},
		{
			"from": [7.5, 4.25, 7.5],
			"to": [8.5, 6.25, 8.5],
			"rotation": {"angle": 0, "axis": "y", "origin": [7.5, 4.25, 7.5]},
			"faces": {
				"north": {"uv": [8, 2.16667, 8.66667, 3.5], "texture": "#2"},
				"east": {"uv": [9.33333, 10.66667, 10, 12], "texture": "#2"},
				"south": {"uv": [10, 10.66667, 10.66667, 12], "texture": "#2"},
				"west": {"uv": [10.66667, 10, 11.33333, 11.33333], "texture": "#2"}
			}
		},
		{
			"from": [7.3, 3.75, 7.3],
			"to": [8.7, 4.25, 8.7],
			"rotation": {"angle": 0, "axis": "y", "origin": [7.5, 3.75, 7.5]},
			"faces": {
				"north": {"uv": [12.66667, 10.66667, 13.66667, 11], "texture": "#2"},
				"east": {"uv": [13.33333, 4, 14.33333, 4.33333], "texture": "#2"},
				"south": {"uv": [13.33333, 4.66667, 14.33333, 5], "texture": "#2"},
				"west": {"uv": [13.33333, 5.33333, 14.33333, 5.66667], "texture": "#2"},
				"up": {"uv": [11, 3.66667, 10, 2.66667], "texture": "#2"},
				"down": {"uv": [4.33333, 10, 3.33333, 11], "texture": "#2"}
			}
		},
		{
			"from": [7.4, 6.75, 7.4],
			"to": [8.6, 8.25, 8.6],
			"rotation": {"angle": 0, "axis": "y", "origin": [7.5, 8.25, 7.5]},
			"faces": {
				"north": {"uv": [11.33333, 5.33333, 12.16667, 6.33333], "texture": "#2"},
				"east": {"uv": [11.33333, 8, 12.16667, 9], "texture": "#2"},
				"south": {"uv": [11.33333, 9.33333, 12.16667, 10.33333], "texture": "#2"},
				"west": {"uv": [10.66667, 11.33333, 11.5, 12.33333], "texture": "#2"}
			}
		},
		{
			"from": [7.3, 6.25, 7.3],
			"to": [8.7, 6.75, 8.7],
			"rotation": {"angle": 0, "axis": "x", "origin": [8, 6.5, 8]},
			"faces": {
				"north": {"uv": [6, 13.33333, 7, 13.66667], "texture": "#2"},
				"east": {"uv": [13.33333, 6, 14.33333, 6.33333], "texture": "#2"},
				"south": {"uv": [13.33333, 6.66667, 14.33333, 7], "texture": "#2"},
				"west": {"uv": [13.33333, 7.33333, 14.33333, 7.66667], "texture": "#2"},
				"up": {"uv": [11, 5, 10, 4], "texture": "#2"},
				"down": {"uv": [5.66667, 10, 4.66667, 11], "texture": "#2"}
			}
		},
		{
			"from": [7.5, 8.75, 7.5],
			"to": [8.5, 10.75, 8.5],
			"rotation": {"angle": 0, "axis": "y", "origin": [7.5, 8.75, 7.5]},
			"faces": {
				"north": {"uv": [0, 11.33333, 0.66667, 12.66667], "texture": "#2"},
				"east": {"uv": [0.66667, 11.33333, 1.33333, 12.66667], "texture": "#2"},
				"south": {"uv": [1.33333, 11.33333, 2, 12.66667], "texture": "#2"},
				"west": {"uv": [11.33333, 1.33333, 12, 2.66667], "texture": "#2"}
			}
		},
		{
			"from": [7.3, 8.25, 7.3],
			"to": [8.7, 8.75, 8.7],
			"rotation": {"angle": 0, "axis": "y", "origin": [7.5, 8.25, 7.5]},
			"faces": {
				"north": {"uv": [13.33333, 8, 14.33333, 8.33333], "texture": "#2"},
				"east": {"uv": [13.33333, 8.66667, 14.33333, 9], "texture": "#2"},
				"south": {"uv": [9.33333, 13.33333, 10.33333, 13.66667], "texture": "#2"},
				"west": {"uv": [13.33333, 9.33333, 14.33333, 9.66667], "texture": "#2"},
				"up": {"uv": [11, 6.33333, 10, 5.33333], "texture": "#2"},
				"down": {"uv": [11.66667, 0, 10.66667, 1], "texture": "#2"}
			}
		},
		{
			"from": [7.3, 10.75, 7.3],
			"to": [8.7, 11.25, 8.7],
			"rotation": {"angle": 0, "axis": "x", "origin": [8, 11, 8]},
			"faces": {
				"north": {"uv": [13.33333, 10, 14.33333, 10.33333], "texture": "#2"},
				"east": {"uv": [13.33333, 11.33333, 14.33333, 11.66667], "texture": "#2"},
				"south": {"uv": [13.33333, 12, 14.33333, 12.33333], "texture": "#2"},
				"west": {"uv": [13.33333, 12.66667, 14.33333, 13], "texture": "#2"},
				"up": {"uv": [3, 11.66667, 2, 10.66667], "texture": "#2"},
				"down": {"uv": [7, 10.66667, 6, 11.66667], "texture": "#2"}
			}
		},
		{
			"from": [7.25, 16.25, 7.25],
			"to": [8.75, 17.25, 8.75],
			"rotation": {"angle": 0, "axis": "y", "origin": [7.25, 16.25, 7.25]},
			"faces": {
				"north": {"uv": [11.33333, 10.66667, 12.33333, 11.33333], "texture": "#2"},
				"east": {"uv": [9.33333, 12, 10.33333, 12.66667], "texture": "#2"},
				"south": {"uv": [12, 11.33333, 13, 12], "texture": "#2"},
				"west": {"uv": [12, 12, 13, 12.66667], "texture": "#2"},
				"down": {"uv": [11.66667, 6.66667, 10.66667, 7.66667], "texture": "#2"}
			}
		},
		{
			"from": [7.5, 15.75, 7],
			"to": [8.5, 18.75, 8],
			"rotation": {"angle": -22.5, "axis": "x", "origin": [7.5, 15.75, 6]},
			"faces": {
				"north": {"uv": [6.66667, 8.66667, 7.33333, 10.66667], "texture": "#2"},
				"east": {"uv": [8.66667, 6.66667, 9.33333, 8.66667], "texture": "#2"},
				"south": {"uv": [7.33333, 8.66667, 8, 10.66667], "texture": "#2"},
				"west": {"uv": [8, 8.66667, 8.66667, 10.66667], "texture": "#2"},
				"down": {"uv": [6.66667, 10, 6, 10.66667], "texture": "#2"}
			}
		},
		{
			"from": [7.495, 18.11143, 6.69004],
			"to": [8.505, 19.61143, 7.69004],
			"rotation": {"angle": 45, "axis": "x", "origin": [7.995, 19.61143, 7.19004]},
			"faces": {
				"north": {"uv": [0, 12.66667, 0.66667, 13.66667], "texture": "#2"},
				"east": {"uv": [0.66667, 12.66667, 1.33333, 13.66667], "texture": "#2"},
				"south": {"uv": [1.33333, 12.66667, 2, 13.66667], "texture": "#2"},
				"west": {"uv": [12.66667, 1.33333, 13.33333, 2.33333], "texture": "#2"},
				"up": {"uv": [10, 13.33333, 9.33333, 12.66667], "texture": "#2"},
				"down": {"uv": [13.33333, 9.33333, 12.66667, 10], "texture": "#2"}
			}
		},
		{
			"from": [7.495, 18.11143, 8.30996],
			"to": [8.505, 19.61143, 9.30996],
			"rotation": {"angle": -45, "axis": "x", "origin": [7.995, 19.61143, 8.80996]},
			"faces": {
				"north": {"uv": [12.66667, 2.66667, 13.33333, 3.66667], "texture": "#2"},
				"east": {"uv": [3.33333, 12.66667, 4, 13.66667], "texture": "#2"},
				"south": {"uv": [4, 12.66667, 4.66667, 13.66667], "texture": "#2"},
				"west": {"uv": [12.66667, 4, 13.33333, 5], "texture": "#2"},
				"up": {"uv": [10.66667, 13.33333, 10, 12.66667], "texture": "#2"},
				"down": {"uv": [13.33333, 10, 12.66667, 10.66667], "texture": "#2"}
			}
		},
		{
			"from": [7.5, 15.75, 8],
			"to": [8.5, 18.75, 9],
			"rotation": {"angle": 22.5, "axis": "x", "origin": [7.5, 15.75, 10]},
			"faces": {
				"north": {"uv": [8.66667, 8.66667, 9.33333, 10.66667], "texture": "#2"},
				"east": {"uv": [0, 9.33333, 0.66667, 11.33333], "texture": "#2"},
				"south": {"uv": [0.66667, 9.33333, 1.33333, 11.33333], "texture": "#2"},
				"west": {"uv": [1.33333, 9.33333, 2, 11.33333], "texture": "#2"},
				"down": {"uv": [11.33333, 12.66667, 10.66667, 13.33333], "texture": "#2"}
			}
		},
		{
			"from": [7, 16.5, 8],
			"to": [9, 18.5, 10],
			"rotation": {"angle": -45, "axis": "x", "origin": [7, 16.5, 8]},
			"faces": {
				"north": {"uv": [4, 7.33333, 5.33333, 8.66667], "texture": "#2"},
				"east": {"uv": [7.33333, 6, 8.66667, 7.33333], "texture": "#2"},
				"south": {"uv": [7.33333, 7.33333, 8.66667, 8.66667], "texture": "#2"},
				"west": {"uv": [8, 0, 9.33333, 1.33333], "texture": "#2"},
				"up": {"uv": [10, 2.66667, 8.66667, 1.33333], "texture": "#2"},
				"down": {"uv": [10, 2.66667, 8.66667, 4], "texture": "#2"}
			}
		},
		{
			"from": [7.7, 16.78934, 4.52513],
			"to": [8.3, 18.78934, 6.52513],
			"rotation": {"angle": -45, "axis": "x", "origin": [8, 17.78934, 5.52513]},
			"faces": {
				"north": {"uv": [11.33333, 12.66667, 11.66667, 14], "texture": "#2"},
				"east": {"uv": [4, 8.66667, 5.33333, 10], "texture": "#2"},
				"south": {"uv": [12, 12.66667, 12.33333, 14], "texture": "#2"},
				"west": {"uv": [8.66667, 4, 10, 5.33333], "texture": "#2"},
				"up": {"uv": [13, 14, 12.66667, 12.66667], "texture": "#2"},
				"down": {"uv": [13.66667, 0, 13.33333, 1.33333], "texture": "#2"}
			}
		},
		{
			"from": [7.375, 11.25, 7.375],
			"to": [8.625, 16.25, 8.625],
			"rotation": {"angle": 0, "axis": "y", "origin": [7.375, 11.25, 6.625]},
			"faces": {
				"north": {"uv": [3.66667, 0, 4.5, 3.33333], "texture": "#2"},
				"east": {"uv": [6.66667, 0, 7.5, 3.33333], "texture": "#2"},
				"south": {"uv": [4.66667, 0, 5.5, 3.33333], "texture": "#2"},
				"west": {"uv": [5.66667, 0, 6.5, 3.33333], "texture": "#2"},
				"down": {"uv": [12.83333, 0, 12, 0.83333], "texture": "#2"}
			}
		},
		{
			"from": [7.7, 16.78934, 9.47487],
			"to": [8.3, 18.78934, 11.47487],
			"rotation": {"angle": 45, "axis": "x", "origin": [8, 17.78934, 10.47487]},
			"faces": {
				"north": {"uv": [13.33333, 1.33333, 13.66667, 2.66667], "texture": "#2"},
				"east": {"uv": [5.33333, 8.66667, 6.66667, 10], "texture": "#2"},
				"south": {"uv": [2, 13.33333, 2.33333, 14.66667], "texture": "#2"},
				"west": {"uv": [8.66667, 5.33333, 10, 6.66667], "texture": "#2"},
				"up": {"uv": [3, 14.66667, 2.66667, 13.33333], "texture": "#2"},
				"down": {"uv": [13.66667, 2.66667, 13.33333, 4], "texture": "#2"}
			}
		},
		{
			"from": [6.782, 20.782, 6.782],
			"to": [9.218, 23.218, 9.218],
			"rotation": {"angle": -45, "axis": "x", "origin": [8, 22, 8]},
			"faces": {
				"north": {"uv": [0.26667, 0, 16, 16], "texture": "#4"},
				"east": {"uv": [0.26667, 0, 16, 16], "texture": "#4"},
				"south": {"uv": [0.26667, 0, 16, 16], "texture": "#4"},
				"west": {"uv": [0.26667, 0, 16, 16], "texture": "#4"},
				"up": {"uv": [0.26667, 0, 16, 16], "texture": "#4"},
				"down": {"uv": [0.26667, 0, 16, 16], "texture": "#4"}
			}
		},
		{
			"from": [0, 16.75, 6],
			"to": [0.05, 27.75, 10],
			"rotation": {"angle": 45, "axis": "y", "origin": [0, 0.75, 0]},
			"faces": {
				"east": {"uv": [2.66667, 0, 0, 7.33333], "texture": "#2"},
				"west": {"uv": [0, 0, 2.66667, 7.33333], "texture": "#2"}
			}
		},
		{
			"from": [0, 16.75, 6],
			"to": [0.05, 27.75, 10],
			"rotation": {"angle": -45, "axis": "y", "origin": [0, 0.75, 16]},
			"faces": {
				"east": {"uv": [0, 0, 2.66667, 7.33333], "texture": "#2"},
				"west": {"uv": [2.66667, 0, 0, 7.33333], "texture": "#2"}
			}
		},
		{
			"from": [15.95, 16.75, 6],
			"to": [16, 27.75, 10],
			"rotation": {"angle": 45, "axis": "y", "origin": [16, 0.75, 16]},
			"faces": {
				"east": {"uv": [0, 0, 2.66667, 7.33333], "texture": "#2"},
				"west": {"uv": [2.66667, 0, 0, 7.33333], "texture": "#2"}
			}
		},
		{
			"from": [15.95, 16.75, 6],
			"to": [16, 27.75, 10],
			"rotation": {"angle": -45, "axis": "y", "origin": [16, 0.75, 0]},
			"faces": {
				"east": {"uv": [2.66667, 0, 0, 7.33333], "texture": "#2"},
				"west": {"uv": [0, 0, 2.66667, 7.33333], "texture": "#2"}
			}
		},
		{
			"from": [5.51, 22, 5.51],
			"to": [10.49, 22.05, 10.49],
			"rotation": {"angle": -45, "axis": "x", "origin": [8, 22.025, 8]},
			"faces": {
				"up": {"uv": [10, 0, 0, 10], "texture": "#3"},
				"down": {"uv": [10, 0, 0, 10], "texture": "#3"}
			}
		},
		{
			"from": [5.51, 22, 5.51],
			"to": [10.49, 22.05, 10.49],
			"rotation": {"angle": 45, "axis": "x", "origin": [8, 22.025, 8]},
			"faces": {
				"up": {"uv": [0, 10, 10, 0], "texture": "#3"},
				"down": {"uv": [0, 10, 10, 0], "texture": "#3"}
			}
		}
	],
	"gui_light": "front",
	"display": {
		"thirdperson_righthand": {
			"translation": [0, -1.25, 1]
		},
		"thirdperson_lefthand": {
			"translation": [0, -1.25, 1]
		},
		"firstperson_righthand": {
			"rotation": [-10, 0, 0],
			"translation": [0, -1.25, 0]
		},
		"firstperson_lefthand": {
			"rotation": [-10, 0, 0],
			"translation": [0, -1.25, 0]
		},
		"ground": {
			"rotation": [-45, 0, 0],
			"translation": [0, 7, 0]
		},
		"gui": {
			"rotation": [0, 0, 45],
			"translation": [3.25, -3.25, 0],
			"scale": [0.71875, 0.71875, 0.71875]
		},
		"head": {
			"rotation": [0, 90, 0],
			"scale": [1.5, 1.5, 1.5]
		},
		"fixed": {
			"rotation": [0, -90, 0],
			"translation": [0, -7.5, -1.25],
			"scale": [1.7, 1.7, 1.7]
		}
	}
}