{
	"credit": "Made by PolygonMC",
	"texture_size": [28, 28],
	"textures": {
		"2": "infernoset/animations/animations_4",
		"3": "infernoset/animations/animations_2",
		"4": "infernoset/crossbow_firework",
		"particle": "infernoset/animations/animations_4"
	},
	"elements": [
		{
			"from": [6.25, 8.28184, 0.3168],
			"to": [7.75, 9.98184, 1.8168],
			"rotation": {"angle": 45, "axis": "y", "origin": [8, 9.63184, 0.0668]},
			"faces": {
				"north": {"uv": [2.5, 10, 1.33333, 11], "rotation": 90, "texture": "#4"},
				"east": {"uv": [9.33333, 8, 10.5, 9], "rotation": 270, "texture": "#4"},
				"south": {"uv": [11.16667, 1, 10, 0], "rotation": 90, "texture": "#4"},
				"west": {"uv": [8.66667, 9.33333, 9.83333, 10.33333], "rotation": 90, "texture": "#4"},
				"up": {"uv": [6.66667, 10.66667, 7.66667, 11.66667], "rotation": 180, "texture": "#4"},
				"down": {"uv": [5.33333, 10.66667, 6.33333, 11.66667], "texture": "#4"}
			}
		},
		{
			"from": [7.35, 4.85684, 10.81312],
			"to": [8.65, 6.15684, 11.31312],
			"rotation": {"angle": 22.5, "axis": "x", "origin": [8, 5.50684, 11.06312]},
			"faces": {
				"north": {"uv": [6.16667, 12, 5.33333, 12.83333], "rotation": 90, "texture": "#4"},
				"east": {"uv": [14, 8.66667, 14.83333, 9], "rotation": 270, "texture": "#4"},
				"south": {"uv": [12.83333, 4.83333, 12, 4], "rotation": 90, "texture": "#4"},
				"west": {"uv": [14, 9.33333, 14.83333, 9.66667], "rotation": 90, "texture": "#4"},
				"up": {"uv": [11.33333, 14, 12.16667, 14.33333], "rotation": 180, "texture": "#4"},
				"down": {"uv": [9.33333, 14, 10.16667, 14.33333], "texture": "#4"}
			}
		},
		{
			"from": [6, 8.88184, 0.8168],
			"to": [8, 9.38184, 2.8168],
			"rotation": {"angle": 45, "axis": "y", "origin": [8, 9.38184, 0.8168]},
			"faces": {
				"south": {"uv": [10.33333, 14, 10, 12.66667], "rotation": 90, "texture": "#4"},
				"west": {"uv": [9.33333, 12.66667, 9.66667, 14], "rotation": 90, "texture": "#4"},
				"up": {"uv": [6, 0, 7.33333, 1.33333], "rotation": 180, "texture": "#4"},
				"down": {"uv": [5.33333, 4.66667, 6.66667, 6], "texture": "#4"}
			}
		},
		{
			"from": [9.44609, 8.88184, 0.27923],
			"to": [11.19609, 9.38184, 0.77923],
			"rotation": {"angle": -22.5, "axis": "y", "origin": [9.49609, 9.13184, 0.40423]},
			"faces": {
				"north": {"uv": [9, 14, 8.66667, 15.16667], "rotation": 90, "texture": "#4"},
				"up": {"uv": [14, 8, 15.16667, 8.33333], "rotation": 180, "texture": "#4"},
				"down": {"uv": [7.33333, 14, 8.5, 14.33333], "texture": "#4"}
			}
		},
		{
			"from": [8.06789, 8.88184, 1.01337],
			"to": [9.06789, 9.38184, 2.01337],
			"rotation": {"angle": 45, "axis": "y", "origin": [10.06789, 9.38184, -1.33663]},
			"faces": {
				"west": {"uv": [0.66667, 14.66667, 1, 15.33333], "rotation": 90, "texture": "#4"},
				"up": {"uv": [12.66667, 11.33333, 13.33333, 12], "rotation": 180, "texture": "#4"},
				"down": {"uv": [6, 1.33333, 6.66667, 2], "texture": "#4"}
			}
		},
		{
			"from": [9.275, 8.63184, -0.5082],
			"to": [10.775, 9.63184, 1.4918],
			"rotation": {"angle": 45, "axis": "y", "origin": [10.775, 9.63184, 1.4918]},
			"faces": {
				"north": {"uv": [12.66667, 5.33333, 12, 6.33333], "rotation": 90, "texture": "#4"},
				"east": {"uv": [9.33333, 10.66667, 10, 12], "rotation": 270, "texture": "#4"},
				"south": {"uv": [3.33333, 13, 2.66667, 12], "rotation": 90, "texture": "#4"},
				"west": {"uv": [10, 10.66667, 10.66667, 12], "rotation": 90, "texture": "#4"},
				"up": {"uv": [2.66667, 8.66667, 3.66667, 10], "rotation": 180, "texture": "#4"},
				"down": {"uv": [8.66667, 0, 9.66667, 1.33333], "texture": "#4"}
			}
		},
		{
			"from": [9.91082, 8.63534, 0.41777],
			"to": [11.91082, 9.62834, 1.41777],
			"rotation": {"angle": 22.5, "axis": "y", "origin": [11.91082, 9.62834, 1.41777]},
			"faces": {
				"north": {"uv": [2, 11.33333, 1.33333, 12.66667], "rotation": 90, "texture": "#4"},
				"east": {"uv": [12, 12.66667, 12.66667, 13.33333], "rotation": 270, "texture": "#4"},
				"south": {"uv": [12, 1.33333, 11.33333, 0], "rotation": 90, "texture": "#4"},
				"up": {"uv": [0, 11.33333, 1.33333, 12], "rotation": 180, "texture": "#4"},
				"down": {"uv": [10.66667, 10.66667, 12, 11.33333], "texture": "#4"}
			}
		},
		{
			"from": [11.63169, 8.63884, 0.7439],
			"to": [13.63169, 9.62484, 1.7439],
			"rotation": {"angle": -45, "axis": "y", "origin": [11.88169, 9.62484, 0.4939]},
			"faces": {
				"north": {"uv": [4, 11.33333, 3.33333, 12.66667], "rotation": 90, "texture": "#4"},
				"east": {"uv": [12.66667, 12, 13.33333, 12.66667], "rotation": 270, "texture": "#4"},
				"south": {"uv": [12, 3.33333, 11.33333, 2], "rotation": 90, "texture": "#4"},
				"up": {"uv": [2, 11.33333, 3.33333, 12], "rotation": 180, "texture": "#4"},
				"down": {"uv": [11.33333, 1.33333, 12.66667, 2], "texture": "#4"}
			}
		},
		{
			"from": [10.85136, 8.63884, 2.04199],
			"to": [11.85136, 9.62484, 3.04199],
			"rotation": {"angle": -45, "axis": "y", "origin": [11.35136, 9.13184, 2.79199]},
			"faces": {
				"east": {"uv": [12.66667, 12.66667, 13.33333, 13.33333], "rotation": 270, "texture": "#4"},
				"south": {"uv": [14, 2.66667, 13.33333, 2], "rotation": 90, "texture": "#4"},
				"west": {"uv": [13.33333, 0.66667, 14, 1.33333], "rotation": 90, "texture": "#4"},
				"up": {"uv": [13.33333, 1.33333, 14, 2], "rotation": 180, "texture": "#4"},
				"down": {"uv": [13.33333, 0, 14, 0.66667], "texture": "#4"}
			}
		},
		{
			"from": [9.16351, 8.78184, 7.00709],
			"to": [11.41351, 9.48184, 7.50709],
			"rotation": {"angle": -22.5, "axis": "y", "origin": [12.26351, 9.63184, 5.50709]},
			"faces": {
				"north": {"uv": [12.5, 2, 12, 3.5], "rotation": 90, "texture": "#4"},
				"east": {"uv": [2, 14.66667, 2.5, 15], "rotation": 270, "texture": "#4"},
				"south": {"uv": [2.5, 13.5, 2, 12], "rotation": 90, "texture": "#4"},
				"west": {"uv": [14.66667, 2, 15.16667, 2.33333], "rotation": 90, "texture": "#4"},
				"up": {"uv": [12.66667, 6, 14.16667, 6.33333], "rotation": 180, "texture": "#4"},
				"down": {"uv": [12.66667, 5.33333, 14.16667, 5.66667], "texture": "#4"}
			}
		},
		{
			"from": [10.26442, 9.10934, 2.74842],
			"to": [11.51442, 9.13934, 6.24842],
			"rotation": {"angle": -22.5, "axis": "y", "origin": [10.43192, 9.13184, 4.74842]},
			"faces": {
				"up": {"uv": [0, 5.33333, 0.83333, 7.66667], "rotation": 180, "texture": "#4"},
				"down": {"uv": [2.66667, 4.66667, 3.5, 7], "texture": "#4"}
			}
		},
		{
			"from": [10.85942, 8.51434, 2.74842],
			"to": [10.88942, 9.76434, 6.24842],
			"rotation": {"angle": -22.5, "axis": "y", "origin": [10.43192, 9.13184, 4.74842]},
			"faces": {
				"east": {"uv": [5.33333, 2, 6.16667, 4.33333], "rotation": 270, "texture": "#4"},
				"west": {"uv": [4, 5.33333, 4.83333, 7.66667], "rotation": 90, "texture": "#4"}
			}
		},
		{
			"from": [4.80391, 8.88184, 0.27923],
			"to": [6.55391, 9.38184, 0.77923],
			"rotation": {"angle": 22.5, "axis": "y", "origin": [6.50391, 9.13184, 0.40423]},
			"faces": {
				"north": {"uv": [9, 15.16667, 8.66667, 14], "rotation": 90, "texture": "#4"},
				"up": {"uv": [15.16667, 8, 14, 8.33333], "rotation": 180, "texture": "#4"},
				"down": {"uv": [8.5, 14, 7.33333, 14.33333], "texture": "#4"}
			}
		},
		{
			"from": [6.93211, 8.88184, 1.01337],
			"to": [7.93211, 9.38184, 2.01337],
			"rotation": {"angle": -45, "axis": "y", "origin": [5.93211, 9.38184, -1.33663]},
			"faces": {
				"east": {"uv": [1, 14.66667, 0.66667, 15.33333], "rotation": 270, "texture": "#4"},
				"up": {"uv": [13.33333, 11.33333, 12.66667, 12], "rotation": 180, "texture": "#4"},
				"down": {"uv": [6.66667, 1.33333, 6, 2], "texture": "#4"}
			}
		},
		{
			"from": [5.225, 8.63184, -0.5082],
			"to": [6.725, 9.63184, 1.4918],
			"rotation": {"angle": -45, "axis": "y", "origin": [5.225, 9.63184, 1.4918]},
			"faces": {
				"north": {"uv": [12.66667, 6.33333, 12, 5.33333], "rotation": 90, "texture": "#4"},
				"east": {"uv": [10.66667, 10.66667, 10, 12], "rotation": 270, "texture": "#4"},
				"south": {"uv": [3.33333, 12, 2.66667, 13], "rotation": 90, "texture": "#4"},
				"west": {"uv": [10, 10.66667, 9.33333, 12], "rotation": 90, "texture": "#4"},
				"up": {"uv": [3.66667, 8.66667, 2.66667, 10], "rotation": 180, "texture": "#4"},
				"down": {"uv": [9.66667, 0, 8.66667, 1.33333], "texture": "#4"}
			}
		},
		{
			"from": [4.08918, 8.63534, 0.41777],
			"to": [6.08918, 9.62834, 1.41777],
			"rotation": {"angle": -22.5, "axis": "y", "origin": [4.08918, 9.62834, 1.41777]},
			"faces": {
				"north": {"uv": [2, 12.66667, 1.33333, 11.33333], "rotation": 90, "texture": "#4"},
				"south": {"uv": [12, 0, 11.33333, 1.33333], "rotation": 90, "texture": "#4"},
				"west": {"uv": [12.66667, 12.66667, 12, 13.33333], "rotation": 90, "texture": "#4"},
				"up": {"uv": [1.33333, 11.33333, 0, 12], "rotation": 180, "texture": "#4"},
				"down": {"uv": [12, 10.66667, 10.66667, 11.33333], "texture": "#4"}
			}
		},
		{
			"from": [2.36831, 8.63884, 0.7439],
			"to": [4.36831, 9.62484, 1.7439],
			"rotation": {"angle": 45, "axis": "y", "origin": [4.11831, 9.62484, 0.4939]},
			"faces": {
				"north": {"uv": [4, 12.66667, 3.33333, 11.33333], "rotation": 90, "texture": "#4"},
				"south": {"uv": [12, 2, 11.33333, 3.33333], "rotation": 90, "texture": "#4"},
				"west": {"uv": [13.33333, 12, 12.66667, 12.66667], "rotation": 90, "texture": "#4"},
				"up": {"uv": [3.33333, 11.33333, 2, 12], "rotation": 180, "texture": "#4"},
				"down": {"uv": [12.66667, 1.33333, 11.33333, 2], "texture": "#4"}
			}
		},
		{
			"from": [4.14864, 8.63884, 2.04199],
			"to": [5.14864, 9.62484, 3.04199],
			"rotation": {"angle": 45, "axis": "y", "origin": [4.64864, 9.13184, 2.79199]},
			"faces": {
				"east": {"uv": [14, 0.66667, 13.33333, 1.33333], "rotation": 270, "texture": "#4"},
				"south": {"uv": [14, 2, 13.33333, 2.66667], "rotation": 90, "texture": "#4"},
				"west": {"uv": [13.33333, 12.66667, 12.66667, 13.33333], "rotation": 90, "texture": "#4"},
				"up": {"uv": [14, 1.33333, 13.33333, 2], "rotation": 180, "texture": "#4"},
				"down": {"uv": [14, 0, 13.33333, 0.66667], "texture": "#4"}
			}
		},
		{
			"from": [4.58649, 8.78184, 7.00709],
			"to": [6.83649, 9.48184, 7.50709],
			"rotation": {"angle": 22.5, "axis": "y", "origin": [3.73649, 9.63184, 5.50709]},
			"faces": {
				"north": {"uv": [12.5, 3.5, 12, 2], "rotation": 90, "texture": "#4"},
				"east": {"uv": [15.16667, 2, 14.66667, 2.33333], "rotation": 270, "texture": "#4"},
				"south": {"uv": [2.5, 12, 2, 13.5], "rotation": 90, "texture": "#4"},
				"west": {"uv": [2.5, 14.66667, 2, 15], "rotation": 90, "texture": "#4"},
				"up": {"uv": [14.16667, 6, 12.66667, 6.33333], "rotation": 180, "texture": "#4"},
				"down": {"uv": [14.16667, 5.33333, 12.66667, 5.66667], "texture": "#4"}
			}
		},
		{
			"from": [4.48558, 9.10934, 2.74842],
			"to": [5.73558, 9.13934, 6.24842],
			"rotation": {"angle": 22.5, "axis": "y", "origin": [5.56808, 9.13184, 4.74842]},
			"faces": {
				"up": {"uv": [0.83333, 5.33333, 0, 7.66667], "rotation": 180, "texture": "#4"},
				"down": {"uv": [3.5, 4.66667, 2.66667, 7], "texture": "#4"}
			}
		},
		{
			"from": [5.11058, 8.51434, 2.74842],
			"to": [5.14058, 9.76434, 6.24842],
			"rotation": {"angle": 22.5, "axis": "y", "origin": [5.56808, 9.13184, 4.74842]},
			"faces": {
				"east": {"uv": [4.83333, 5.33333, 4, 7.66667], "rotation": 270, "texture": "#4"},
				"west": {"uv": [6.16667, 2, 5.33333, 4.33333], "rotation": 90, "texture": "#4"}
			}
		},
		{
			"from": [7, 8.53184, 0.47746],
			"to": [9, 9.73184, 2.47746],
			"rotation": {"angle": 45, "axis": "y", "origin": [8, 9.13184, 1.47746]},
			"faces": {
				"north": {"uv": [10.83333, 5.33333, 10, 6.66667], "rotation": 90, "texture": "#4"},
				"east": {"uv": [2.66667, 10, 3.5, 11.33333], "rotation": 270, "texture": "#4"},
				"south": {"uv": [10.83333, 5.33333, 10, 4], "rotation": 90, "texture": "#4"},
				"west": {"uv": [4, 10, 4.83333, 11.33333], "rotation": 90, "texture": "#4"},
				"up": {"uv": [6.66667, 1.33333, 8, 2.66667], "rotation": 180, "texture": "#4"},
				"down": {"uv": [5.33333, 6, 6.66667, 7.33333], "texture": "#4"}
			}
		},
		{
			"from": [7.25, 8.88245, 5.84234],
			"to": [8.75, 9.88245, 7.34234],
			"rotation": {"angle": 22.5, "axis": "x", "origin": [8, 10.03448, 7.51078]},
			"faces": {
				"north": {"uv": [8.66667, 12, 8, 13], "rotation": 90, "texture": "#4"},
				"east": {"uv": [6.66667, 12, 7.33333, 13], "rotation": 270, "texture": "#4"},
				"west": {"uv": [7.33333, 12, 8, 13], "rotation": 90, "texture": "#4"},
				"up": {"uv": [10.66667, 8, 11.66667, 9], "rotation": 180, "texture": "#4"},
				"down": {"uv": [8, 10.66667, 9, 11.66667], "texture": "#4"}
			}
		},
		{
			"from": [7, 8.88245, 7.34234],
			"to": [9, 10.88245, 9.34234],
			"rotation": {"angle": 22.5, "axis": "x", "origin": [8, 10.03448, 7.51078]},
			"faces": {
				"north": {"uv": [4, 7.33333, 2.66667, 8.66667], "rotation": 90, "texture": "#4"},
				"east": {"uv": [6.66667, 2.66667, 8, 4], "rotation": 270, "texture": "#4"},
				"south": {"uv": [8.66667, 1.33333, 7.33333, 0], "rotation": 90, "texture": "#4"},
				"west": {"uv": [6.66667, 5.33333, 8, 6.66667], "rotation": 90, "texture": "#4"},
				"up": {"uv": [6.66667, 6.66667, 8, 8], "rotation": 180, "texture": "#4"},
				"down": {"uv": [6.66667, 4, 8, 5.33333], "texture": "#4"}
			}
		},
		{
			"from": [8.50282, 9.75773, 8.58343],
			"to": [10.00282, 10.75773, 9.58343],
			"rotation": {"angle": 22.5, "axis": "x", "origin": [8, 10.03448, 7.51078]},
			"faces": {
				"north": {"uv": [9.33333, 12, 8.66667, 13], "rotation": 90, "texture": "#4"},
				"east": {"uv": [2.66667, 13.33333, 3.33333, 14], "rotation": 270, "texture": "#4"},
				"south": {"uv": [12.66667, 9, 12, 8], "rotation": 90, "texture": "#4"},
				"west": {"uv": [13.33333, 4, 14, 4.66667], "rotation": 90, "texture": "#4"},
				"up": {"uv": [12, 6.66667, 13, 7.33333], "rotation": 180, "texture": "#4"},
				"down": {"uv": [12, 0.66667, 13, 1.33333], "texture": "#4"}
			}
		},
		{
			"from": [9.72182, 9.97005, 8.69343],
			"to": [10.89182, 10.75005, 9.47343],
			"rotation": {"angle": 22.5, "axis": "x", "origin": [8, 10.03448, 7.51078]},
			"faces": {
				"north": {"uv": [14.5, 3.33333, 14, 4.16667], "rotation": 90, "texture": "#4"},
				"east": {"uv": [0, 14.66667, 0.5, 15.16667], "rotation": 270, "texture": "#4"},
				"south": {"uv": [14.5, 2.83333, 14, 2], "rotation": 90, "texture": "#4"},
				"up": {"uv": [2, 14, 2.83333, 14.5], "rotation": 180, "texture": "#4"},
				"down": {"uv": [14, 1.33333, 14.83333, 1.83333], "texture": "#4"}
			}
		},
		{
			"from": [10.31462, 10.75005, 8.79623],
			"to": [10.89182, 11.61585, 9.37343],
			"rotation": {"angle": 22.5, "axis": "x", "origin": [8, 10.03448, 7.51078]},
			"faces": {
				"north": {"uv": [15.16667, 3.33333, 14.66667, 3.66667], "rotation": 90, "texture": "#4"},
				"east": {"uv": [2.66667, 14.66667, 3.16667, 15], "rotation": 270, "texture": "#4"},
				"south": {"uv": [3.83333, 15, 3.33333, 14.66667], "rotation": 90, "texture": "#4"},
				"west": {"uv": [14.66667, 2.66667, 15.16667, 3], "rotation": 90, "texture": "#4"},
				"up": {"uv": [14.66667, 6, 15, 6.33333], "rotation": 180, "texture": "#4"}
			}
		},
		{
			"from": [5.99718, 9.75773, 8.58343],
			"to": [7.49718, 10.75773, 9.58343],
			"rotation": {"angle": 22.5, "axis": "x", "origin": [8, 10.03448, 7.51078]},
			"faces": {
				"north": {"uv": [11.33333, 12, 10.66667, 13], "rotation": 90, "texture": "#4"},
				"east": {"uv": [13.33333, 4.66667, 14, 5.33333], "rotation": 270, "texture": "#4"},
				"south": {"uv": [12.66667, 11, 12, 10], "rotation": 90, "texture": "#4"},
				"west": {"uv": [5.33333, 13.33333, 6, 14], "rotation": 90, "texture": "#4"},
				"up": {"uv": [12, 9.33333, 13, 10], "rotation": 180, "texture": "#4"},
				"down": {"uv": [9.33333, 12, 10.33333, 12.66667], "texture": "#4"}
			}
		},
		{
			"from": [5.10818, 9.97005, 8.69343],
			"to": [6.27818, 10.75005, 9.47343],
			"rotation": {"angle": 22.5, "axis": "x", "origin": [8, 10.03448, 7.51078]},
			"faces": {
				"north": {"uv": [14.5, 6.66667, 14, 7.5], "rotation": 90, "texture": "#4"},
				"south": {"uv": [7.16667, 14.83333, 6.66667, 14], "rotation": 90, "texture": "#4"},
				"west": {"uv": [14.66667, 0, 15.16667, 0.5], "rotation": 90, "texture": "#4"},
				"up": {"uv": [5.33333, 14, 6.16667, 14.5], "rotation": 180, "texture": "#4"},
				"down": {"uv": [14, 4.66667, 14.83333, 5.16667], "texture": "#4"}
			}
		},
		{
			"from": [5.10818, 10.75005, 8.79623],
			"to": [5.68538, 11.61585, 9.37343],
			"rotation": {"angle": 22.5, "axis": "x", "origin": [8, 10.03448, 7.51078]},
			"faces": {
				"north": {"uv": [5.83333, 14.66667, 5.33333, 15], "rotation": 90, "texture": "#4"},
				"east": {"uv": [4, 14.66667, 4.5, 15], "rotation": 270, "texture": "#4"},
				"south": {"uv": [5.16667, 15, 4.66667, 14.66667], "rotation": 90, "texture": "#4"},
				"west": {"uv": [14.66667, 4, 15.16667, 4.33333], "rotation": 90, "texture": "#4"},
				"up": {"uv": [14.66667, 6.66667, 15, 7], "rotation": 180, "texture": "#4"}
			}
		},
		{
			"from": [7.5, 9.70244, 5.34234],
			"to": [8.5, 9.73244, 5.84234],
			"rotation": {"angle": 22.5, "axis": "x", "origin": [8, 10.03448, 7.51078]},
			"faces": {
				"up": {"uv": [1.33333, 14.66667, 2, 15], "rotation": 180, "texture": "#4"},
				"down": {"uv": [14.66667, 0.66667, 15.33333, 1], "texture": "#4"}
			}
		},
		{
			"from": [6, 9.95245, 5.84235],
			"to": [10, 9.98245, 7.84235],
			"rotation": {"angle": 22.5, "axis": "x", "origin": [8, 10.03448, 7.51078]},
			"faces": {
				"up": {"uv": [0, 0, 16, 7.98929], "rotation": 180, "texture": "#3"},
				"down": {"uv": [16, 0, 0, 7.98929], "texture": "#3"}
			}
		},
		{
			"from": [7.5, 8.13184, 2.0668],
			"to": [8.5, 9.13184, 9.0668],
			"rotation": {"angle": 0, "axis": "y", "origin": [8.5, 9.13184, 2.0668]},
			"faces": {
				"north": {"uv": [7.33333, 13.33333, 6.66667, 14], "rotation": 90, "texture": "#4"},
				"east": {"uv": [1.33333, 0, 2, 4.66667], "rotation": 270, "texture": "#4"},
				"south": {"uv": [6.66667, 14, 6, 13.33333], "rotation": 90, "texture": "#4"},
				"west": {"uv": [2.66667, 0, 3.33333, 4.66667], "rotation": 90, "texture": "#4"},
				"up": {"uv": [3.33333, 0, 4, 4.66667], "rotation": 180, "texture": "#4"},
				"down": {"uv": [2, 0, 2.66667, 4.66667], "texture": "#4"}
			}
		},
		{
			"from": [7, 8.38184, 5.5668],
			"to": [9, 9.63184, 6.5668],
			"rotation": {"angle": 0, "axis": "y", "origin": [8.5, 9.38184, 2.5668]},
			"faces": {
				"north": {"uv": [10.83333, 9.33333, 10, 10.66667], "rotation": 90, "texture": "#4"},
				"east": {"uv": [12.66667, 2.66667, 13.5, 3.33333], "rotation": 270, "texture": "#4"},
				"south": {"uv": [10.83333, 8, 10, 6.66667], "rotation": 90, "texture": "#4"},
				"west": {"uv": [12.66667, 3.33333, 13.5, 4], "rotation": 90, "texture": "#4"},
				"up": {"uv": [12, 0, 13.33333, 0.66667], "rotation": 180, "texture": "#4"},
				"down": {"uv": [0, 12, 1.33333, 12.66667], "texture": "#4"}
			}
		},
		{
			"from": [8.5, 8.38184, 2.5668],
			"to": [9, 9.63184, 5.5668],
			"rotation": {"angle": 0, "axis": "y", "origin": [8.5, 9.38184, 1.5668]},
			"faces": {
				"north": {"uv": [14.83333, 12.66667, 14, 13], "rotation": 90, "texture": "#4"},
				"east": {"uv": [1.33333, 8, 2.16667, 10], "rotation": 270, "texture": "#4"},
				"south": {"uv": [13.5, 14.33333, 12.66667, 14], "rotation": 90, "texture": "#4"},
				"west": {"uv": [8, 1.33333, 8.83333, 3.33333], "rotation": 90, "texture": "#4"},
				"up": {"uv": [4, 12.66667, 4.33333, 14.66667], "rotation": 180, "texture": "#4"},
				"down": {"uv": [3.33333, 12.66667, 3.66667, 14.66667], "texture": "#4"}
			}
		},
		{
			"from": [7, 8.38184, 2.5668],
			"to": [7.5, 9.63184, 5.5668],
			"rotation": {"angle": 0, "axis": "y", "origin": [7.5, 9.38184, 1.5668]},
			"faces": {
				"north": {"uv": [14.83333, 14, 14, 14.33333], "rotation": 90, "texture": "#4"},
				"east": {"uv": [8, 3.33333, 8.83333, 5.33333], "rotation": 270, "texture": "#4"},
				"south": {"uv": [14.83333, 13.66667, 14, 13.33333], "rotation": 90, "texture": "#4"},
				"west": {"uv": [4, 8, 4.83333, 10], "rotation": 90, "texture": "#4"},
				"up": {"uv": [12.66667, 7.33333, 13, 9.33333], "rotation": 180, "texture": "#4"},
				"down": {"uv": [4.66667, 12.66667, 5, 14.66667], "texture": "#4"}
			}
		},
		{
			"from": [7.525, 7.05684, 2.2918],
			"to": [8.475, 8.00684, 5.7918],
			"rotation": {"angle": 22.5, "axis": "x", "origin": [8, 7.89434, 3.7918]},
			"faces": {
				"north": {"uv": [8, 13.33333, 7.33333, 14], "rotation": 90, "texture": "#4"},
				"east": {"uv": [8, 5.33333, 8.66667, 7.66667], "rotation": 270, "texture": "#4"},
				"south": {"uv": [14, 7.33333, 13.33333, 6.66667], "rotation": 90, "texture": "#4"},
				"west": {"uv": [7.33333, 8, 8, 10.33333], "rotation": 90, "texture": "#4"},
				"up": {"uv": [8, 8, 8.66667, 10.33333], "rotation": 180, "texture": "#4"},
				"down": {"uv": [6.66667, 8, 7.33333, 10.33333], "texture": "#4"}
			}
		},
		{
			"from": [7.5, 7.13184, 7.0668],
			"to": [8.5, 8.13184, 9.0668],
			"rotation": {"angle": 0, "axis": "y", "origin": [8.5, 8.13184, 2.0668]},
			"faces": {
				"north": {"uv": [8.66667, 13.33333, 8, 14], "rotation": 90, "texture": "#4"},
				"east": {"uv": [11.33333, 3.33333, 12, 4.66667], "rotation": 270, "texture": "#4"},
				"south": {"uv": [14, 8, 13.33333, 7.33333], "rotation": 90, "texture": "#4"},
				"west": {"uv": [4.66667, 11.33333, 5.33333, 12.66667], "rotation": 90, "texture": "#4"},
				"up": {"uv": [11.33333, 4.66667, 12, 6], "rotation": 180, "texture": "#4"},
				"down": {"uv": [4, 11.33333, 4.66667, 12.66667], "texture": "#4"}
			}
		},
		{
			"from": [7.5, 7.34147, 9.91457],
			"to": [8.5, 8.34147, 14.91457],
			"rotation": {"angle": 0, "axis": "y", "origin": [8.5, 8.11647, 2.41457]},
			"faces": {
				"north": {"uv": [14, 11.33333, 13.33333, 12], "rotation": 90, "texture": "#4"},
				"east": {"uv": [4, 2, 4.66667, 5.33333], "rotation": 270, "texture": "#4"},
				"south": {"uv": [12, 14, 11.33333, 13.33333], "rotation": 90, "texture": "#4"},
				"west": {"uv": [2, 4.66667, 2.66667, 8], "rotation": 90, "texture": "#4"},
				"up": {"uv": [4.66667, 2, 5.33333, 5.33333], "rotation": 180, "texture": "#4"},
				"down": {"uv": [1.33333, 4.66667, 2, 8], "texture": "#4"}
			}
		},
		{
			"from": [7.4, 6.24147, 14.91457],
			"to": [8.6, 8.44147, 15.41457],
			"rotation": {"angle": 0, "axis": "y", "origin": [8.5, 8.11647, 7.41457]},
			"faces": {
				"north": {"uv": [10.83333, 2.66667, 9.33333, 3.5], "rotation": 90, "texture": "#4"},
				"east": {"uv": [12.66667, 10, 14.16667, 10.33333], "rotation": 270, "texture": "#4"},
				"south": {"uv": [10.83333, 2.16667, 9.33333, 1.33333], "rotation": 90, "texture": "#4"},
				"west": {"uv": [12.66667, 10.66667, 14.16667, 11], "rotation": 90, "texture": "#4"},
				"up": {"uv": [14, 12, 14.83333, 12.33333], "rotation": 180, "texture": "#4"},
				"down": {"uv": [14, 11.33333, 14.83333, 11.66667], "texture": "#4"}
			}
		},
		{
			"from": [7.5, 5.34147, 8.16457],
			"to": [8.5, 6.34147, 11.16457],
			"rotation": {"angle": 45, "axis": "x", "origin": [8, 5.84147, 10.66457]},
			"faces": {
				"north": {"uv": [1.33333, 14, 0.66667, 14.66667], "rotation": 90, "texture": "#4"},
				"east": {"uv": [5.33333, 8.66667, 6, 10.66667], "rotation": 270, "texture": "#4"},
				"south": {"uv": [14.66667, 0.66667, 14, 0], "rotation": 90, "texture": "#4"},
				"west": {"uv": [6, 8.66667, 6.66667, 10.66667], "rotation": 90, "texture": "#4"},
				"up": {"uv": [8.66667, 7.33333, 9.33333, 9.33333], "rotation": 180, "texture": "#4"},
				"down": {"uv": [8.66667, 5.33333, 9.33333, 7.33333], "texture": "#4"}
			}
		},
		{
			"from": [7.5, 6.34147, 13.91457],
			"to": [8.5, 7.34147, 14.91457],
			"rotation": {"angle": 0, "axis": "y", "origin": [8.5, 8.11647, 2.41457]},
			"faces": {
				"north": {"uv": [0.66667, 14, 0, 14.66667], "rotation": 90, "texture": "#4"},
				"east": {"uv": [12, 13.33333, 12.66667, 14], "rotation": 270, "texture": "#4"},
				"south": {"uv": [14, 14, 13.33333, 13.33333], "rotation": 90, "texture": "#4"},
				"west": {"uv": [12.66667, 13.33333, 13.33333, 14], "rotation": 90, "texture": "#4"},
				"up": {"uv": [13.33333, 12.66667, 14, 13.33333], "rotation": 180, "texture": "#4"},
				"down": {"uv": [13.33333, 12, 14, 12.66667], "texture": "#4"}
			}
		},
		{
			"from": [7.5035, 6.49476, 11.39397],
			"to": [8.4965, 7.49476, 14.14397],
			"rotation": {"angle": 22.5, "axis": "x", "origin": [7.9965, 6.99476, 13.64397]},
			"faces": {
				"north": {"uv": [2, 14, 1.33333, 14.66667], "rotation": 90, "texture": "#4"},
				"east": {"uv": [0, 9.33333, 0.66667, 11.16667], "rotation": 270, "texture": "#4"},
				"south": {"uv": [14.66667, 1.33333, 14, 0.66667], "rotation": 90, "texture": "#4"},
				"west": {"uv": [9.33333, 4, 10, 5.83333], "rotation": 90, "texture": "#4"},
				"up": {"uv": [9.33333, 6, 10, 7.83333], "rotation": 180, "texture": "#4"},
				"down": {"uv": [0.66667, 9.33333, 1.33333, 11.16667], "texture": "#4"}
			}
		},
		{
			"from": [7.5035, 7.33895, 6.0668],
			"to": [8.4965, 8.33895, 7.5668],
			"rotation": {"angle": 45, "axis": "x", "origin": [7.9965, 7.83895, 7.0668]},
			"faces": {
				"north": {"uv": [9.33333, 13.33333, 8.66667, 14], "rotation": 90, "texture": "#4"},
				"east": {"uv": [11.33333, 12, 12, 13], "rotation": 270, "texture": "#4"},
				"south": {"uv": [14, 8.66667, 13.33333, 8], "rotation": 90, "texture": "#4"},
				"west": {"uv": [0, 12.66667, 0.66667, 13.66667], "rotation": 90, "texture": "#4"},
				"up": {"uv": [0.66667, 12.66667, 1.33333, 13.66667], "rotation": 180, "texture": "#4"},
				"down": {"uv": [12, 11.33333, 12.66667, 12.33333], "texture": "#4"}
			}
		},
		{
			"from": [7.475, 6.82528, 8.608],
			"to": [8.525, 8.82528, 10.608],
			"rotation": {"angle": 22.5, "axis": "x", "origin": [8, 7.82528, 9.608]},
			"faces": {
				"north": {"uv": [12, 11.33333, 10.66667, 12], "rotation": 90, "texture": "#4"},
				"east": {"uv": [5.33333, 7.33333, 6.66667, 8.66667], "rotation": 270, "texture": "#4"},
				"south": {"uv": [12.66667, 8, 11.33333, 7.33333], "rotation": 90, "texture": "#4"},
				"west": {"uv": [0, 8, 1.33333, 9.33333], "rotation": 90, "texture": "#4"},
				"up": {"uv": [11.33333, 9.33333, 12, 10.66667], "rotation": 180, "texture": "#4"},
				"down": {"uv": [11.33333, 6, 12, 7.33333], "texture": "#4"}
			}
		},
		{
			"from": [7.6, 8.00684, 2.5418],
			"to": [8.4, 8.50684, 4.5418],
			"rotation": {"angle": 22.5, "axis": "x", "origin": [8, 7.89434, 3.7918]},
			"faces": {
				"north": {"uv": [6.33333, 14.66667, 6, 15.16667], "rotation": 90, "texture": "#4"},
				"east": {"uv": [13.33333, 8.66667, 13.66667, 10], "rotation": 270, "texture": "#4"},
				"south": {"uv": [15, 5.83333, 14.66667, 5.33333], "rotation": 90, "texture": "#4"},
				"west": {"uv": [10.66667, 13.33333, 11, 14.66667], "rotation": 90, "texture": "#4"},
				"up": {"uv": [12.66667, 1.33333, 13.16667, 2.66667], "rotation": 180, "texture": "#4"},
				"down": {"uv": [1.33333, 12.66667, 1.83333, 14], "texture": "#4"}
			}
		},
		{
			"from": [4.77897, 9.13184, 2.61522],
			"to": [7.02897, 9.13184, 5.61522],
			"rotation": {"angle": 0, "axis": "y", "origin": [4.27897, 9.13184, 4.11522]},
			"faces": {
				"up": {"uv": [5.5, 0, 4, 2], "rotation": 180, "texture": "#4"},
				"down": {"uv": [4, 0, 5.5, 2], "texture": "#4"}
			}
		},
		{
			"from": [8.97103, 9.13184, 2.61522],
			"to": [11.22103, 9.13184, 5.61522],
			"rotation": {"angle": 0, "axis": "y", "origin": [11.72103, 9.13184, 4.11522]},
			"faces": {
				"up": {"uv": [4, 0, 5.5, 2], "rotation": 180, "texture": "#4"},
				"down": {"uv": [5.5, 0, 4, 2], "texture": "#4"}
			}
		},
		{
			"from": [7.25, 9.68184, -2.1832],
			"to": [8.75, 9.71184, 5.8168],
			"rotation": {"angle": 45, "axis": "z", "origin": [8, 9.69684, 1.8168]},
			"faces": {
				"up": {"uv": [0, 0, 1, 5.33333], "rotation": 180, "texture": "#4"},
				"down": {"uv": [1, 0, 0, 5.33333], "texture": "#4"}
			}
		},
		{
			"from": [7.985, 8.94684, -2.1832],
			"to": [8.015, 10.44684, 5.8168],
			"rotation": {"angle": 45, "axis": "z", "origin": [8, 9.69684, 1.8168]},
			"faces": {
				"east": {"uv": [1, 0, 0, 5.33333], "rotation": 270, "texture": "#4"},
				"west": {"uv": [0, 0, 1, 5.33333], "rotation": 90, "texture": "#4"}
			}
		},
		{
			"from": [10, 4.75, -1],
			"to": [21, 12.75, -0.97],
			"rotation": {"angle": -22.5, "axis": "y", "origin": [11, 8.75, -1]},
			"faces": {
				"north": {"uv": [0, 5.71429, 6.28571, 10.28571], "texture": "#2"},
				"south": {"uv": [6.28571, 5.71429, 0, 10.28571], "texture": "#2"}
			}
		},
		{
			"from": [-5, 4.75, -1],
			"to": [6, 12.75, -0.97],
			"rotation": {"angle": 22.5, "axis": "y", "origin": [5, 8.75, -1]},
			"faces": {
				"north": {"uv": [9.71429, 5.71429, 16, 10.28571], "texture": "#2"},
				"south": {"uv": [16, 5.71429, 9.71429, 10.28571], "texture": "#2"}
			}
		},
		{
			"from": [4, -4.25, -1],
			"to": [12, 6.75, -0.97],
			"rotation": {"angle": -22.5, "axis": "x", "origin": [8, 5.75, -1]},
			"faces": {
				"north": {"uv": [5.71429, 9.71429, 10.28571, 16], "texture": "#2"},
				"south": {"uv": [10.28571, 9.71429, 5.71429, 16], "texture": "#2"}
			}
		}
	],
	"gui_light": "front",
	"display": {
		"thirdperson_righthand": {
			"translation": [0, 1, -0.75]
		},
		"thirdperson_lefthand": {
			"translation": [0, 1, -0.75]
		},
		"firstperson_righthand": {
			"rotation": [0, -9.75, 0],
			"translation": [0.95, 0.75, 2.25]
		},
		"firstperson_lefthand": {
			"rotation": [0, -9.75, 0],
			"translation": [0.95, 0.75, 2.25]
		},
		"ground": {
			"rotation": [45, 0, 0],
			"translation": [0, 4.5, 0],
			"scale": [0.6, 0.6, 0.6]
		},
		"gui": {
			"rotation": [90, 45, 0],
			"translation": [1, -1, 0]
		},
		"head": {
			"rotation": [25, 0, 0]
		},
		"fixed": {
			"rotation": [-90, 0, 0],
			"translation": [0, 0, -3.5],
			"scale": [2.5, 2.5, 2.5]
		}
	},
	"groups": [
		{
			"name": "crossbow",
			"origin": [6.09933, 12.22621, -1.9332],
			"color": 0,
			"boneType": "",
			"children": [
				0,
				1,
				2,
				3,
				4,
				5,
				6,
				7,
				8,
				9,
				10,
				11,
				12,
				13,
				14,
				15,
				16,
				17,
				18,
				19,
				20,
				21,
				22,
				23,
				24,
				25,
				26,
				27,
				28,
				29,
				30,
				31,
				32,
				33,
				34,
				35,
				36,
				37,
				38,
				39,
				40,
				41,
				42,
				43,
				44,
				45,
				46,
				47,
				48,
				49
			]
		},
		50,
		51,
		52
	]
}