{
	"credit": "Made by PolygonMC",
	"texture_size": [12, 12],
	"textures": {
		"0": "infernoset/key",
		"particle": "infernoset/key"
	},
	"elements": [
		{
			"from": [7.5, 7.25, 9.375],
			"to": [8.5, 8.75, 10.875],
			"rotation": {"angle": 45, "axis": "x", "origin": [8, 8, 10.125]},
			"faces": {
				"north": {"uv": [5.33333, 1.33333, 6.66667, 3.33333], "texture": "#0"},
				"east": {"uv": [2.66667, 0, 4.66667, 2], "texture": "#0"},
				"south": {"uv": [2.66667, 5.33333, 4, 7.33333], "texture": "#0"},
				"west": {"uv": [2.66667, 2.66667, 4.66667, 4.66667], "texture": "#0"},
				"up": {"uv": [5.33333, 7.33333, 4, 5.33333], "texture": "#0"},
				"down": {"uv": [6.66667, 4, 5.33333, 6], "texture": "#0"}
			}
		},
		{
			"from": [7.4, 7.45564, 5.375],
			"to": [8.6, 8.55564, 7.375],
			"rotation": {"angle": 0, "axis": "x", "origin": [8, 7.73064, 6.875]},
			"faces": {
				"north": {"uv": [5.33333, 6.66667, 7, 8], "texture": "#0"},
				"east": {"uv": [0, 5.33333, 2.66667, 6.66667], "texture": "#0"},
				"south": {"uv": [6.66667, 5.33333, 8.33333, 6.66667], "texture": "#0"},
				"west": {"uv": [5.33333, 0, 8, 1.33333], "texture": "#0"},
				"up": {"uv": [1.66667, 2.66667, 0, 0], "texture": "#0"},
				"down": {"uv": [1.66667, 2.66667, 0, 5.33333], "texture": "#0"}
			}
		},
		{
			"from": [7.25, 7.5, 9.625],
			"to": [8.75, 8.5, 10.625],
			"rotation": {"angle": 45, "axis": "x", "origin": [8, 8, 10.125]},
			"faces": {
				"north": {"uv": [0, 6.66667, 2, 8], "texture": "#0"},
				"east": {"uv": [0, 8, 1.33333, 9.33333], "texture": "#0"},
				"south": {"uv": [6.66667, 1.33333, 8.66667, 2.66667], "texture": "#0"},
				"west": {"uv": [8, 0, 9.33333, 1.33333], "texture": "#0"},
				"up": {"uv": [8.66667, 4, 6.66667, 2.66667], "texture": "#0"},
				"down": {"uv": [8.66667, 4, 6.66667, 5.33333], "texture": "#0"}
			}
		},
		{
			"from": [7.525, 7.525, 8.625],
			"to": [8.475, 8.475, 9.625],
			"rotation": {"angle": 0, "axis": "y", "origin": [7.5, 7.5, 2.375]},
			"faces": {
				"north": {"uv": [1.33333, 8, 2.66667, 9.33333], "texture": "#0"},
				"east": {"uv": [2.66667, 8, 4, 9.33333], "texture": "#0"},
				"west": {"uv": [4, 8, 5.33333, 9.33333], "texture": "#0"},
				"up": {"uv": [6.66667, 9.33333, 5.33333, 8], "texture": "#0"},
				"down": {"uv": [8, 8, 6.66667, 9.33333], "texture": "#0"}
			}
		},
		{
			"from": [7.625, 7.625, 7.375],
			"to": [8.375, 8.375, 8.625],
			"rotation": {"angle": 0, "axis": "y", "origin": [7.5, 7.5, 2.375]},
			"faces": {
				"east": {"uv": [8, 6.66667, 9.66667, 7.66667], "texture": "#0"},
				"west": {"uv": [8, 8, 9.66667, 9], "texture": "#0"},
				"up": {"uv": [1, 11, 0, 9.33333], "texture": "#0"},
				"down": {"uv": [10.33333, 0, 9.33333, 1.66667], "texture": "#0"}
			}
		},
		{
			"from": [7.75, 6.45564, 5.625],
			"to": [8.25, 7.45564, 6.125],
			"rotation": {"angle": 0, "axis": "y", "origin": [7.75, 6.18064, 5.625]},
			"faces": {
				"north": {"uv": [10.66667, 0, 11.33333, 1.33333], "texture": "#0"},
				"east": {"uv": [1.33333, 10.66667, 2, 12], "texture": "#0"},
				"south": {"uv": [10.66667, 1.33333, 11.33333, 2.66667], "texture": "#0"},
				"west": {"uv": [2.66667, 10.66667, 3.33333, 12], "texture": "#0"},
				"down": {"uv": [11.33333, 5.33333, 10.66667, 6], "texture": "#0"}
			}
		},
		{
			"from": [7.75, 6.45564, 6.625],
			"to": [8.25, 7.45564, 7.125],
			"rotation": {"angle": 0, "axis": "y", "origin": [7.75, 6.18064, 6.625]},
			"faces": {
				"north": {"uv": [10.66667, 2.66667, 11.33333, 4], "texture": "#0"},
				"east": {"uv": [4, 10.66667, 4.66667, 12], "texture": "#0"},
				"south": {"uv": [10.66667, 4, 11.33333, 5.33333], "texture": "#0"},
				"west": {"uv": [5.33333, 10.66667, 6, 12], "texture": "#0"},
				"down": {"uv": [11.33333, 8, 10.66667, 8.66667], "texture": "#0"}
			}
		},
		{
			"from": [7.75, 6.95564, 6.125],
			"to": [8.25, 7.45564, 6.625],
			"rotation": {"angle": 0, "axis": "y", "origin": [7.75, 6.18064, 6.125]},
			"faces": {
				"east": {"uv": [6.66667, 10.66667, 7.33333, 11.33333], "texture": "#0"},
				"west": {"uv": [10.66667, 6.66667, 11.33333, 7.33333], "texture": "#0"},
				"down": {"uv": [8.66667, 10.66667, 8, 11.33333], "texture": "#0"}
			}
		},
		{
			"from": [7.605, 8.3463, 9.48],
			"to": [8.395, 9.1363, 10.27],
			"rotation": {"angle": -22.5, "axis": "x", "origin": [8, 9.19953, 9.73515]},
			"faces": {
				"north": {"uv": [1.33333, 9.33333, 2.33333, 10.33333], "texture": "#0"},
				"east": {"uv": [2.66667, 9.33333, 3.66667, 10.33333], "texture": "#0"},
				"south": {"uv": [9.33333, 2.66667, 10.33333, 3.66667], "texture": "#0"},
				"west": {"uv": [4, 9.33333, 5, 10.33333], "texture": "#0"},
				"up": {"uv": [10.33333, 5, 9.33333, 4], "texture": "#0"}
			}
		},
		{
			"from": [7.68005, 8.97202, 9.37172],
			"to": [8.31995, 9.61192, 10.01162],
			"rotation": {"angle": 45, "axis": "x", "origin": [8, 9.19953, 9.73515]},
			"faces": {
				"north": {"uv": [5.33333, 9.33333, 6.33333, 10.33333], "texture": "#0"},
				"east": {"uv": [9.33333, 5.33333, 10.33333, 6.33333], "texture": "#0"},
				"west": {"uv": [6.66667, 9.33333, 7.66667, 10.33333], "texture": "#0"},
				"up": {"uv": [9, 10.33333, 8, 9.33333], "texture": "#0"},
				"down": {"uv": [10.33333, 9.33333, 9.33333, 10.33333], "texture": "#0"}
			}
		},
		{
			"from": [7.74084, 9.16549, 9.05308],
			"to": [8.25916, 9.68381, 9.5714],
			"rotation": {"angle": 22.5, "axis": "x", "origin": [8, 9.19953, 9.73515]},
			"faces": {
				"north": {"uv": [9.33333, 10.66667, 10, 11.33333], "texture": "#0"},
				"east": {"uv": [10.66667, 9.33333, 11.33333, 10], "texture": "#0"},
				"west": {"uv": [10.66667, 10.66667, 11.33333, 11.33333], "texture": "#0"},
				"up": {"uv": [0.66667, 12.66667, 0, 12], "texture": "#0"},
				"down": {"uv": [12.66667, 0, 12, 0.66667], "texture": "#0"}
			}
		},
		{
			"from": [7.605, 6.8637, 9.48],
			"to": [8.395, 7.6537, 10.27],
			"rotation": {"angle": 22.5, "axis": "x", "origin": [8, 6.80047, 9.73515]},
			"faces": {
				"north": {"uv": [1.33333, 10.33333, 2.33333, 9.33333], "texture": "#0"},
				"east": {"uv": [2.66667, 10.33333, 3.66667, 9.33333], "texture": "#0"},
				"south": {"uv": [9.33333, 3.66667, 10.33333, 2.66667], "texture": "#0"},
				"west": {"uv": [4, 10.33333, 5, 9.33333], "texture": "#0"},
				"down": {"uv": [10.33333, 4, 9.33333, 5], "texture": "#0"}
			}
		},
		{
			"from": [7.68005, 6.38808, 9.37172],
			"to": [8.31995, 7.02798, 10.01162],
			"rotation": {"angle": -45, "axis": "x", "origin": [8, 6.80047, 9.73515]},
			"faces": {
				"north": {"uv": [5.33333, 10.33333, 6.33333, 9.33333], "texture": "#0"},
				"east": {"uv": [9.33333, 6.33333, 10.33333, 5.33333], "texture": "#0"},
				"west": {"uv": [6.66667, 10.33333, 7.66667, 9.33333], "texture": "#0"},
				"up": {"uv": [10.33333, 10.33333, 9.33333, 9.33333], "texture": "#0"},
				"down": {"uv": [9, 9.33333, 8, 10.33333], "texture": "#0"}
			}
		},
		{
			"from": [7.74084, 6.31619, 9.05308],
			"to": [8.25916, 6.83451, 9.5714],
			"rotation": {"angle": -22.5, "axis": "x", "origin": [8, 6.80047, 9.73515]},
			"faces": {
				"north": {"uv": [9.33333, 11.33333, 10, 10.66667], "texture": "#0"},
				"east": {"uv": [10.66667, 10, 11.33333, 9.33333], "texture": "#0"},
				"west": {"uv": [10.66667, 11.33333, 11.33333, 10.66667], "texture": "#0"},
				"up": {"uv": [12.66667, 0.66667, 12, 0], "texture": "#0"},
				"down": {"uv": [0.66667, 12, 0, 12.66667], "texture": "#0"}
			}
		}
	],
	"gui_light": "front",
	"display": {
		"thirdperson_righthand": {
			"rotation": [90, 0, 0],
			"translation": [0, 2.25, 0.75]
		},
		"thirdperson_lefthand": {
			"rotation": [90, 0, 0],
			"translation": [0, 2.25, 0.75]
		},
		"firstperson_righthand": {
			"rotation": [55, 0, -35],
			"translation": [-1, 5.25, 1.5],
			"scale": [1.55273, 1.55273, 1.55273]
		},
		"firstperson_lefthand": {
			"rotation": [55, 0, -35],
			"translation": [-1, 5.25, 1.5],
			"scale": [1.55273, 1.55273, 1.55273]
		},
		"ground": {
			"rotation": [45, 0, 0],
			"translation": [0, 3.5, 0],
			"scale": [1.75586, 1.75586, 1.75586]
		},
		"gui": {
			"rotation": [-90, 135, 90],
			"translation": [-0.25, 0.5, 0],
			"scale": [2.5, 2.5, 2.5]
		},
		"head": {
			"rotation": [90, -45, 90],
			"scale": [2.20313, 2.20313, 2.20313]
		},
		"fixed": {
			"rotation": [90, -45, 90],
			"translation": [0.25, 0, -1.5],
			"scale": [3, 3, 3]
		}
	}
}