{
	"credit": "Made by PolygonMC",
	"texture_size": [28, 28],
	"textures": {
		"1": "infernoset/animations/animations_2",
		"3": "infernoset/scythe",
		"particle": "infernoset/animations/animations_2"
	},
	"elements": [
		{
			"from": [7.4, 0.2, 8],
			"to": [8.6, 1.7, 9.5],
			"rotation": {"angle": -45, "axis": "x", "origin": [7.5, 0.2, 8]},
			"faces": {
				"north": {"uv": [9.71429, 10.28571, 10.42857, 11.14286], "texture": "#3"},
				"east": {"uv": [8.57143, 9.14286, 9.42857, 10], "texture": "#3"},
				"south": {"uv": [0, 10.85714, 0.71429, 11.71429], "texture": "#3"},
				"west": {"uv": [2.28571, 9.71429, 3.14286, 10.57143], "texture": "#3"},
				"up": {"uv": [11.57143, 0.85714, 10.85714, 0], "texture": "#3"},
				"down": {"uv": [3, 10.85714, 2.28571, 11.71429], "texture": "#3"}
			}
		},
		{
			"from": [7.15, 0.45, 8.25],
			"to": [8.85, 1.45, 9.25],
			"rotation": {"angle": -45, "axis": "x", "origin": [7.5, 0.2, 8]},
			"faces": {
				"north": {"uv": [10.28571, 5.14286, 11.28571, 5.71429], "texture": "#3"},
				"east": {"uv": [12, 4.57143, 12.57143, 5.14286], "texture": "#3"},
				"south": {"uv": [5.14286, 10.85714, 6.14286, 11.42857], "texture": "#3"},
				"west": {"uv": [8, 12, 8.57143, 12.57143], "texture": "#3"},
				"up": {"uv": [11.85714, 6.28571, 10.85714, 5.71429], "texture": "#3"},
				"down": {"uv": [11.85714, 6.28571, 10.85714, 6.85714], "texture": "#3"}
			}
		},
		{
			"from": [7.75, 0.76066, 6.45723],
			"to": [8.25, 1.76066, 7.45723],
			"rotation": {"angle": 45, "axis": "x", "origin": [8, 1.26066, 6.95723]},
			"faces": {
				"north": {"uv": [13.71429, 1.14286, 14, 1.71429], "texture": "#3"},
				"east": {"uv": [12, 9.14286, 12.57143, 9.71429], "texture": "#3"},
				"south": {"uv": [1.71429, 13.71429, 2, 14.28571], "texture": "#3"},
				"west": {"uv": [12, 9.71429, 12.57143, 10.28571], "texture": "#3"},
				"up": {"uv": [14, 2.28571, 13.71429, 1.71429], "texture": "#3"},
				"down": {"uv": [2.57143, 13.71429, 2.28571, 14.28571], "texture": "#3"}
			}
		},
		{
			"from": [7.75, -0.30711, 7.5],
			"to": [8.25, 0.69289, 8.5],
			"rotation": {"angle": 45, "axis": "x", "origin": [8, 0.19289, 8]},
			"faces": {
				"north": {"uv": [13.71429, 2.28571, 14, 2.85714], "texture": "#3"},
				"east": {"uv": [10.28571, 12, 10.85714, 12.57143], "texture": "#3"},
				"south": {"uv": [2.85714, 13.71429, 3.14286, 14.28571], "texture": "#3"},
				"west": {"uv": [12, 10.28571, 12.57143, 10.85714], "texture": "#3"},
				"up": {"uv": [14, 3.42857, 13.71429, 2.85714], "texture": "#3"},
				"down": {"uv": [3.71429, 13.71429, 3.42857, 14.28571], "texture": "#3"}
			}
		},
		{
			"from": [7.75, 0.76066, 8.54277],
			"to": [8.25, 1.76066, 9.54277],
			"rotation": {"angle": -45, "axis": "x", "origin": [8, 1.26066, 9.04277]},
			"faces": {
				"north": {"uv": [13.71429, 3.42857, 14, 4], "texture": "#3"},
				"east": {"uv": [10.85714, 12, 11.42857, 12.57143], "texture": "#3"},
				"south": {"uv": [13.71429, 4, 14, 4.57143], "texture": "#3"},
				"west": {"uv": [12, 10.85714, 12.57143, 11.42857], "texture": "#3"},
				"up": {"uv": [14, 5.14286, 13.71429, 4.57143], "texture": "#3"},
				"down": {"uv": [6.57143, 13.71429, 6.28571, 14.28571], "texture": "#3"}
			}
		},
		{
			"from": [7.5, 1.82132, 7.5],
			"to": [8.5, 2.82132, 8.5],
			"rotation": {"angle": 0, "axis": "y", "origin": [7.5, 1.82132, 7.5]},
			"faces": {
				"north": {"uv": [12, 11.42857, 12.57143, 12], "texture": "#3"},
				"east": {"uv": [12, 12, 12.57143, 12.57143], "texture": "#3"},
				"south": {"uv": [12.57143, 1.14286, 13.14286, 1.71429], "texture": "#3"},
				"west": {"uv": [12.57143, 1.71429, 13.14286, 2.28571], "texture": "#3"}
			}
		},
		{
			"from": [7.5, 7.02132, 7.5],
			"to": [8.5, 8.02132, 8.5],
			"rotation": {"angle": 0, "axis": "y", "origin": [7.5, 2.02132, 7.5]},
			"faces": {
				"north": {"uv": [12.57143, 2.28571, 13.14286, 2.85714], "texture": "#3"},
				"east": {"uv": [12.57143, 2.85714, 13.14286, 3.42857], "texture": "#3"},
				"south": {"uv": [3.42857, 12.57143, 4, 13.14286], "texture": "#3"},
				"west": {"uv": [12.57143, 3.42857, 13.14286, 4], "texture": "#3"}
			}
		},
		{
			"from": [7.5, 17.22132, 7.5],
			"to": [8.5, 18.22132, 8.5],
			"rotation": {"angle": 0, "axis": "y", "origin": [7.5, 17.22132, 7.5]},
			"faces": {
				"north": {"uv": [4, 12.57143, 4.57143, 13.14286], "texture": "#3"},
				"east": {"uv": [12.57143, 4, 13.14286, 4.57143], "texture": "#3"},
				"south": {"uv": [4.57143, 12.57143, 5.14286, 13.14286], "texture": "#3"},
				"west": {"uv": [12.57143, 4.57143, 13.14286, 5.14286], "texture": "#3"}
			}
		},
		{
			"from": [7.5, 12.02132, 7.5],
			"to": [8.5, 13.02132, 8.5],
			"rotation": {"angle": 0, "axis": "y", "origin": [7.5, 6.02132, 7.5]},
			"faces": {
				"north": {"uv": [5.14286, 12.57143, 5.71429, 13.14286], "texture": "#3"},
				"east": {"uv": [12.57143, 5.14286, 13.14286, 5.71429], "texture": "#3"},
				"south": {"uv": [5.71429, 12.57143, 6.28571, 13.14286], "texture": "#3"},
				"west": {"uv": [12.57143, 5.71429, 13.14286, 6.28571], "texture": "#3"}
			}
		},
		{
			"from": [7.6, 8.52132, 7.6],
			"to": [8.4, 11.52132, 8.4],
			"rotation": {"angle": 45, "axis": "y", "origin": [8, 9.52132, 8]},
			"faces": {
				"north": {"uv": [7.42857, 8, 7.85714, 9.71429], "texture": "#3"},
				"east": {"uv": [3.42857, 9.71429, 3.85714, 11.42857], "texture": "#3"},
				"south": {"uv": [4, 9.71429, 4.42857, 11.42857], "texture": "#3"},
				"west": {"uv": [4.57143, 9.71429, 5, 11.42857], "texture": "#3"},
				"up": {"uv": [11.28571, 13.57143, 10.85714, 13.14286], "texture": "#3"},
				"down": {"uv": [13.57143, 10.85714, 13.14286, 11.28571], "texture": "#3"}
			}
		},
		{
			"from": [7.35, 8.02132, 7.35],
			"to": [8.65, 8.52132, 8.65],
			"rotation": {"angle": 0, "axis": "y", "origin": [7.5, 8.02132, 7.5]},
			"faces": {
				"north": {"uv": [13.14286, 5.14286, 13.85714, 5.42857], "texture": "#3"},
				"east": {"uv": [13.14286, 5.71429, 13.85714, 6], "texture": "#3"},
				"south": {"uv": [13.14286, 6.28571, 13.85714, 6.57143], "texture": "#3"},
				"west": {"uv": [13.14286, 6.85714, 13.85714, 7.14286], "texture": "#3"},
				"up": {"uv": [11.57143, 7.57143, 10.85714, 6.85714], "texture": "#3"},
				"down": {"uv": [8.14286, 10.85714, 7.42857, 11.57143], "texture": "#3"}
			}
		},
		{
			"from": [7.35, 11.52132, 7.35],
			"to": [8.65, 12.02132, 8.65],
			"rotation": {"angle": 0, "axis": "y", "origin": [7.5, 11.52132, 7.5]},
			"faces": {
				"north": {"uv": [13.14286, 7.42857, 13.85714, 7.71429], "texture": "#3"},
				"east": {"uv": [8, 13.14286, 8.71429, 13.42857], "texture": "#3"},
				"south": {"uv": [13.14286, 8, 13.85714, 8.28571], "texture": "#3"},
				"west": {"uv": [9.14286, 13.14286, 9.85714, 13.42857], "texture": "#3"},
				"up": {"uv": [11.57143, 8.71429, 10.85714, 8], "texture": "#3"},
				"down": {"uv": [11.57143, 9.14286, 10.85714, 9.85714], "texture": "#3"}
			}
		},
		{
			"from": [7.75, 18.15, 8],
			"to": [8.25, 20.15, 10],
			"rotation": {"angle": -45, "axis": "x", "origin": [7.75, 18.15, 8]},
			"faces": {
				"east": {"uv": [6.85714, 5.71429, 8, 6.85714], "texture": "#3"},
				"south": {"uv": [6.28571, 12.57143, 6.57143, 13.71429], "texture": "#3"},
				"west": {"uv": [6.85714, 6.85714, 8, 8], "texture": "#3"},
				"up": {"uv": [12.85714, 7.42857, 12.57143, 6.28571], "texture": "#3"}
			}
		},
		{
			"from": [7.5, 16.825, 5.225],
			"to": [8.5, 18.825, 6.725],
			"rotation": {"angle": -45, "axis": "x", "origin": [7.5, 18.825, 5.225]},
			"faces": {
				"north": {"uv": [10.28571, 2.85714, 10.85714, 4], "texture": "#3"},
				"east": {"uv": [2.28571, 8.57143, 3.14286, 9.71429], "texture": "#3"},
				"south": {"uv": [10.28571, 4, 10.85714, 5.14286], "texture": "#3"},
				"west": {"uv": [3.42857, 8.57143, 4.28571, 9.71429], "texture": "#3"},
				"up": {"uv": [6.28571, 12.28571, 5.71429, 11.42857], "texture": "#3"},
				"down": {"uv": [6.85714, 11.42857, 6.28571, 12.28571], "texture": "#3"}
			}
		},
		{
			"from": [7.3675, 17.89786, 3.69917],
			"to": [8.6175, 21.39786, 3.72917],
			"rotation": {"angle": 22.5, "axis": "x", "origin": [8, 19.74786, 3.70667]},
			"faces": {
				"north": {"uv": [2.28571, 6.28571, 3, 8.28571], "texture": "#3"},
				"south": {"uv": [3.42857, 6.28571, 4.14286, 8.28571], "texture": "#3"}
			}
		},
		{
			"from": [7.9925, 17.89786, 3.07417],
			"to": [8.0225, 21.39786, 4.32417],
			"rotation": {"angle": 22.5, "axis": "x", "origin": [8, 19.74786, 3.70667]},
			"faces": {
				"east": {"uv": [6.85714, 1.14286, 7.57143, 3.14286], "texture": "#3"},
				"west": {"uv": [6.85714, 3.42857, 7.57143, 5.42857], "texture": "#3"}
			}
		},
		{
			"from": [7.4, 17.81066, 7],
			"to": [8.6, 19.81066, 9],
			"rotation": {"angle": -45, "axis": "x", "origin": [8, 18.81066, 8]},
			"faces": {
				"north": {"uv": [1.14286, 9.14286, 1.85714, 10.28571], "texture": "#3"},
				"east": {"uv": [4.57143, 7.42857, 5.71429, 8.57143], "texture": "#3"},
				"south": {"uv": [9.14286, 2.28571, 9.85714, 3.42857], "texture": "#3"},
				"west": {"uv": [5.71429, 7.42857, 6.85714, 8.57143], "texture": "#3"},
				"up": {"uv": [9.85714, 4.57143, 9.14286, 3.42857], "texture": "#3"},
				"down": {"uv": [9.85714, 4.57143, 9.14286, 5.71429], "texture": "#3"}
			}
		},
		{
			"from": [7.4, 2.82132, 7.4],
			"to": [8.6, 7.02132, 8.6],
			"rotation": {"angle": 0, "axis": "y", "origin": [7.5, 7.82132, 7.5]},
			"faces": {
				"north": {"uv": [0, 3.42857, 0.71429, 5.85714], "texture": "#3"},
				"east": {"uv": [1.14286, 3.42857, 1.85714, 5.85714], "texture": "#3"},
				"south": {"uv": [2.28571, 3.42857, 3, 5.85714], "texture": "#3"},
				"west": {"uv": [3.42857, 3.42857, 4.14286, 5.85714], "texture": "#3"},
				"up": {"uv": [11.57143, 11, 10.85714, 10.28571], "texture": "#3"},
				"down": {"uv": [12.14286, 1.14286, 11.42857, 1.85714], "texture": "#3"}
			}
		},
		{
			"from": [7.4, 13.02132, 7.4],
			"to": [8.6, 17.22132, 8.6],
			"rotation": {"angle": 0, "axis": "y", "origin": [7.5, 18.02132, 7.5]},
			"faces": {
				"north": {"uv": [4.57143, 0, 5.28571, 2.42857], "texture": "#3"},
				"east": {"uv": [4.57143, 2.85714, 5.28571, 5.28571], "texture": "#3"},
				"south": {"uv": [5.71429, 0, 6.42857, 2.42857], "texture": "#3"},
				"west": {"uv": [5.71429, 2.85714, 6.42857, 5.28571], "texture": "#3"},
				"up": {"uv": [4.14286, 12.14286, 3.42857, 11.42857], "texture": "#3"},
				"down": {"uv": [5.28571, 11.42857, 4.57143, 12.14286], "texture": "#3"}
			}
		},
		{
			"from": [7.565, 19.86049, 5.60858],
			"to": [8.435, 20.73049, 6.47858],
			"rotation": {"angle": 45, "axis": "x", "origin": [8, 20.54095, 5.36232]},
			"faces": {
				"north": {"uv": [11.42857, 13.14286, 11.85714, 13.57143], "texture": "#3"},
				"east": {"uv": [13.14286, 11.42857, 13.57143, 11.85714], "texture": "#3"},
				"west": {"uv": [13.14286, 12, 13.57143, 12.42857], "texture": "#3"},
				"up": {"uv": [13, 13.57143, 12.57143, 13.14286], "texture": "#3"},
				"down": {"uv": [13.57143, 12.57143, 13.14286, 13], "texture": "#3"}
			}
		},
		{
			"from": [7.69, 17.88277, -0.92163],
			"to": [8.31, 18.75277, 5.94837],
			"rotation": {"angle": -22.5, "axis": "x", "origin": [7.875, 18.31777, 4.51337]},
			"faces": {
				"north": {"uv": [14.28571, 1.71429, 14.57143, 2.14286], "texture": "#3"},
				"east": {"uv": [6.85714, 0, 10.71429, 0.42857], "texture": "#3"},
				"west": {"uv": [6.85714, 0.57143, 10.71429, 1], "texture": "#3"},
				"up": {"uv": [8.28571, 9.57143, 8, 5.71429], "texture": "#3"},
				"down": {"uv": [7.14286, 8, 6.85714, 11.85714], "texture": "#3"}
			}
		},
		{
			"from": [7.6925, 13.71254, -1.25665],
			"to": [8.3075, 16.58254, -0.38665],
			"rotation": {"angle": 22.5, "axis": "x", "origin": [8.0025, 15.14754, -0.82165]},
			"faces": {
				"north": {"uv": [7.42857, 12, 7.71429, 13.57143], "texture": "#3"},
				"east": {"uv": [6.28571, 9.71429, 6.71429, 11.28571], "texture": "#3"},
				"south": {"uv": [12, 7.42857, 12.28571, 9], "texture": "#3"},
				"west": {"uv": [1.71429, 10.28571, 2.14286, 11.85714], "texture": "#3"},
				"down": {"uv": [3.14286, 14.28571, 2.85714, 14.71429], "texture": "#3"}
			}
		},
		{
			"from": [7.8275, 12.4303, -1.46891],
			"to": [8.1725, 15.5503, 0.40109],
			"rotation": {"angle": 22.5, "axis": "x", "origin": [8.0025, 14.3653, -0.65891]},
			"faces": {
				"north": {"uv": [13.14286, 3.42857, 13.28571, 5.14286], "texture": "#3"},
				"east": {"uv": [4.57143, 5.71429, 5.57143, 7.42857], "texture": "#3"},
				"south": {"uv": [4, 13.14286, 4.14286, 14.85714], "texture": "#3"},
				"west": {"uv": [5.71429, 5.71429, 6.71429, 7.42857], "texture": "#3"},
				"down": {"uv": [13.85714, 8.57143, 13.71429, 9.57143], "texture": "#3"}
			}
		},
		{
			"from": [7.8325, 13.68247, -1.50342],
			"to": [8.1675, 14.55747, 2.11658],
			"rotation": {"angle": -45, "axis": "x", "origin": [8.0075, 14.56747, 0.43158]},
			"faces": {
				"east": {"uv": [9.14286, 1.14286, 11.14286, 1.57143], "texture": "#3"},
				"west": {"uv": [9.14286, 1.71429, 11.14286, 2.14286], "texture": "#3"},
				"down": {"uv": [13.28571, 0, 13.14286, 2], "texture": "#3"}
			}
		},
		{
			"from": [7.8335, 11.10193, -1.59364],
			"to": [8.1665, 12.97193, -0.17364],
			"rotation": {"angle": -22.5, "axis": "x", "origin": [8.1435, 11.53693, -1.65864]},
			"faces": {
				"north": {"uv": [13.71429, 9.71429, 13.85714, 10.71429], "texture": "#3"},
				"east": {"uv": [9.71429, 8, 10.42857, 9], "texture": "#3"},
				"south": {"uv": [10.28571, 13.71429, 10.42857, 14.71429], "texture": "#3"},
				"west": {"uv": [9.71429, 9.14286, 10.42857, 10.14286], "texture": "#3"},
				"down": {"uv": [5.85714, 14.28571, 5.71429, 15], "texture": "#3"}
			}
		},
		{
			"from": [7.825, 14.88414, -0.30618],
			"to": [8.175, 16.72914, 7.06382],
			"rotation": {"angle": -22.5, "axis": "x", "origin": [8, 15.66914, 1.62882]},
			"faces": {
				"north": {"uv": [9.14286, 13.71429, 9.28571, 14.71429], "texture": "#3"},
				"east": {"uv": [0, 0, 4.14286, 1], "texture": "#3"},
				"south": {"uv": [9.71429, 13.71429, 9.85714, 14.71429], "texture": "#3"},
				"west": {"uv": [0, 1.14286, 4.14286, 2.14286], "texture": "#3"},
				"down": {"uv": [1.28571, 10.85714, 1.14286, 15], "texture": "#3"}
			}
		},
		{
			"from": [7.825, 17.35092, 9.3414],
			"to": [8.175, 19.22092, 12.7114],
			"rotation": {"angle": -22.5, "axis": "x", "origin": [8, 19.31572, 11.83568]},
			"faces": {
				"north": {"uv": [13.71429, 10.85714, 13.85714, 11.85714], "texture": "#3"},
				"east": {"uv": [0, 2.28571, 1.85714, 3.28571], "texture": "#3"},
				"west": {"uv": [2.28571, 2.28571, 4.14286, 3.28571], "texture": "#3"},
				"down": {"uv": [0.71429, 13.14286, 0.57143, 15], "texture": "#3"}
			}
		},
		{
			"from": [7.8275, 16.46947, 9.27519],
			"to": [8.1725, 18.08947, 10.42019],
			"rotation": {"angle": 22.5, "axis": "x", "origin": [8.0025, 16.77947, 9.71019]},
			"faces": {
				"north": {"uv": [14.28571, 4, 14.42857, 4.85714], "texture": "#3"},
				"east": {"uv": [2.85714, 12, 3.42857, 12.85714], "texture": "#3"},
				"south": {"uv": [14.28571, 5.14286, 14.42857, 6], "texture": "#3"},
				"west": {"uv": [12, 3.42857, 12.57143, 4.28571], "texture": "#3"},
				"down": {"uv": [7.57143, 14.28571, 7.42857, 14.85714], "texture": "#3"}
			}
		},
		{
			"from": [7.8245, 18.68409, 11.89184],
			"to": [8.1755, 21.80409, 13.76184],
			"rotation": {"angle": 22.5, "axis": "x", "origin": [7.9995, 19.17784, 11.44643]},
			"faces": {
				"north": {"uv": [4.57143, 13.14286, 4.71429, 14.85714], "texture": "#3"},
				"east": {"uv": [0, 6.28571, 1, 8], "texture": "#3"},
				"south": {"uv": [5.14286, 13.14286, 5.28571, 14.85714], "texture": "#3"},
				"west": {"uv": [1.14286, 6.28571, 2.14286, 8], "texture": "#3"},
				"up": {"uv": [11, 14.71429, 10.85714, 13.71429], "texture": "#3"}
			}
		},
		{
			"from": [7.825, 19.39764, 13.57071],
			"to": [8.175, 21.01764, 14.94071],
			"rotation": {"angle": -22.5, "axis": "x", "origin": [8, 19.17784, 11.44643]},
			"faces": {
				"north": {"uv": [14.28571, 2.85714, 14.42857, 3.71429], "texture": "#3"},
				"east": {"uv": [10.85714, 2.85714, 11.57143, 3.71429], "texture": "#3"},
				"south": {"uv": [3.42857, 14.28571, 3.57143, 15.14286], "texture": "#3"},
				"west": {"uv": [10.85714, 4, 11.57143, 4.85714], "texture": "#3"},
				"up": {"uv": [6.42857, 15, 6.28571, 14.28571], "texture": "#3"}
			}
		},
		{
			"from": [7.69, 19.9096, 8.91717],
			"to": [8.31, 20.7796, 11.78717],
			"rotation": {"angle": -22.5, "axis": "x", "origin": [7.875, 22.1446, 13.75217]},
			"faces": {
				"east": {"uv": [0, 10.28571, 1.57143, 10.71429], "texture": "#3"},
				"south": {"uv": [2.28571, 14.28571, 2.57143, 14.71429], "texture": "#3"},
				"west": {"uv": [10.28571, 2.28571, 11.85714, 2.71429], "texture": "#3"},
				"up": {"uv": [12.28571, 7.28571, 12, 5.71429], "texture": "#3"},
				"down": {"uv": [7.14286, 12, 6.85714, 13.57143], "texture": "#3"}
			}
		},
		{
			"from": [7.6925, 19.38499, 12.4793],
			"to": [8.3075, 20.75499, 13.3743],
			"rotation": {"angle": 22.5, "axis": "x", "origin": [8.0025, 20.81999, 12.9393]},
			"faces": {
				"north": {"uv": [5.71429, 13.14286, 6, 13.85714], "texture": "#3"},
				"east": {"uv": [12.57143, 12, 13, 12.71429], "texture": "#3"},
				"south": {"uv": [13.14286, 9.14286, 13.42857, 9.85714], "texture": "#3"},
				"west": {"uv": [0, 13.14286, 0.42857, 13.85714], "texture": "#3"},
				"up": {"uv": [14.57143, 2.71429, 14.28571, 2.28571], "texture": "#3"}
			}
		},
		{
			"from": [7.6433, 20.04758, 4.8627],
			"to": [8.3567, 21.01098, 5.5761],
			"rotation": {"angle": -22.5, "axis": "x", "origin": [8, 20.54095, 5.36232]},
			"faces": {
				"north": {"uv": [1.71429, 13.14286, 2.14286, 13.71429], "texture": "#3"},
				"east": {"uv": [2.28571, 13.14286, 2.71429, 13.71429], "texture": "#3"},
				"south": {"uv": [13.14286, 2.28571, 13.57143, 2.85714], "texture": "#3"},
				"west": {"uv": [2.85714, 13.14286, 3.28571, 13.71429], "texture": "#3"},
				"up": {"uv": [13.57143, 13.57143, 13.14286, 13.14286], "texture": "#3"}
			}
		},
		{
			"from": [7.71778, 20.78903, 4.77194],
			"to": [8.28222, 21.60347, 5.33639],
			"rotation": {"angle": 0, "axis": "x", "origin": [8, 20.54095, 5.36232]},
			"faces": {
				"north": {"uv": [11.42857, 13.71429, 11.71429, 14.14286], "texture": "#3"},
				"east": {"uv": [12, 13.71429, 12.28571, 14.14286], "texture": "#3"},
				"south": {"uv": [13.71429, 12, 14, 12.42857], "texture": "#3"},
				"west": {"uv": [12.57143, 13.71429, 12.85714, 14.14286], "texture": "#3"},
				"up": {"uv": [14.57143, 6.57143, 14.28571, 6.28571], "texture": "#3"}
			}
		},
		{
			"from": [7.71778, 20.78903, 10.66361],
			"to": [8.28222, 21.60347, 11.22806],
			"rotation": {"angle": 0, "axis": "x", "origin": [8, 20.54095, 10.63768]},
			"faces": {
				"north": {"uv": [14, 12, 13.71429, 12.42857], "texture": "#3"},
				"east": {"uv": [12.28571, 13.71429, 12, 14.14286], "texture": "#3"},
				"south": {"uv": [11.71429, 13.71429, 11.42857, 14.14286], "texture": "#3"},
				"west": {"uv": [12.85714, 13.71429, 12.57143, 14.14286], "texture": "#3"},
				"up": {"uv": [14.57143, 6.28571, 14.28571, 6.57143], "texture": "#3"}
			}
		},
		{
			"from": [7.6433, 20.04758, 10.4239],
			"to": [8.3567, 21.01098, 11.1373],
			"rotation": {"angle": 22.5, "axis": "x", "origin": [8, 20.54095, 10.63768]},
			"faces": {
				"north": {"uv": [13.57143, 2.28571, 13.14286, 2.85714], "texture": "#3"},
				"east": {"uv": [2.71429, 13.14286, 2.28571, 13.71429], "texture": "#3"},
				"south": {"uv": [2.14286, 13.14286, 1.71429, 13.71429], "texture": "#3"},
				"west": {"uv": [3.28571, 13.14286, 2.85714, 13.71429], "texture": "#3"},
				"up": {"uv": [13.57143, 13.14286, 13.14286, 13.57143], "texture": "#3"}
			}
		},
		{
			"from": [7.565, 19.86049, 9.52142],
			"to": [8.435, 20.73049, 10.39142],
			"rotation": {"angle": -45, "axis": "x", "origin": [8, 20.54095, 10.63768]},
			"faces": {
				"east": {"uv": [13.57143, 11.42857, 13.14286, 11.85714], "texture": "#3"},
				"south": {"uv": [11.85714, 13.14286, 11.42857, 13.57143], "texture": "#3"},
				"west": {"uv": [13.57143, 12, 13.14286, 12.42857], "texture": "#3"},
				"up": {"uv": [13, 13.14286, 12.57143, 13.57143], "texture": "#3"},
				"down": {"uv": [13.57143, 13, 13.14286, 12.57143], "texture": "#3"}
			}
		},
		{
			"from": [7.5, 16.825, 9.275],
			"to": [8.5, 18.825, 10.775],
			"rotation": {"angle": 45, "axis": "x", "origin": [7.5, 18.825, 10.775]},
			"faces": {
				"north": {"uv": [8.57143, 10.28571, 9.14286, 11.42857], "texture": "#3"},
				"east": {"uv": [4.57143, 8.57143, 5.42857, 9.71429], "texture": "#3"},
				"south": {"uv": [9.14286, 10.28571, 9.71429, 11.42857], "texture": "#3"},
				"west": {"uv": [5.71429, 8.57143, 6.57143, 9.71429], "texture": "#3"},
				"up": {"uv": [2.85714, 12.85714, 2.28571, 12], "texture": "#3"},
				"down": {"uv": [12.57143, 2.28571, 12, 3.14286], "texture": "#3"}
			}
		},
		{
			"from": [7.15, 17.65, 8.25],
			"to": [8.85, 19.15, 9.75],
			"rotation": {"angle": -45, "axis": "x", "origin": [7.5, 17.4, 8]},
			"faces": {
				"north": {"uv": [8.57143, 5.71429, 9.57143, 6.57143], "texture": "#3"},
				"east": {"uv": [5.14286, 9.71429, 6, 10.57143], "texture": "#3"},
				"south": {"uv": [8.57143, 6.85714, 9.57143, 7.71429], "texture": "#3"},
				"west": {"uv": [9.71429, 5.71429, 10.57143, 6.57143], "texture": "#3"},
				"up": {"uv": [9.57143, 8.85714, 8.57143, 8], "texture": "#3"},
				"down": {"uv": [1, 9.14286, 0, 10], "texture": "#3"}
			}
		},
		{
			"from": [6.25, 16.36548, 7.25],
			"to": [7.25, 17.86548, 8.75],
			"rotation": {"angle": -22.5, "axis": "z", "origin": [6.5, 18.11548, 8]},
			"faces": {
				"north": {"uv": [8.57143, 11.42857, 9.14286, 12.28571], "texture": "#3"},
				"east": {"uv": [9.71429, 6.85714, 10.57143, 7.71429], "texture": "#3"},
				"south": {"uv": [9.14286, 11.42857, 9.71429, 12.28571], "texture": "#3"},
				"west": {"uv": [7.42857, 9.71429, 8.28571, 10.57143], "texture": "#3"},
				"down": {"uv": [10.28571, 11.42857, 9.71429, 12.28571], "texture": "#3"}
			}
		},
		{
			"from": [5.25, 17.86548, 7],
			"to": [7.25, 19.86548, 9],
			"rotation": {"angle": -22.5, "axis": "z", "origin": [6.5, 18.11548, 8]},
			"faces": {
				"north": {"uv": [0, 8, 1.14286, 9.14286], "texture": "#3"},
				"east": {"uv": [1.14286, 8, 2.28571, 9.14286], "texture": "#3"},
				"south": {"uv": [8, 1.14286, 9.14286, 2.28571], "texture": "#3"},
				"west": {"uv": [8, 2.28571, 9.14286, 3.42857], "texture": "#3"},
				"up": {"uv": [9.14286, 4.57143, 8, 3.42857], "texture": "#3"},
				"down": {"uv": [9.14286, 4.57143, 8, 5.71429], "texture": "#3"}
			}
		},
		{
			"from": [6.02841, 19.40933, 5.99718],
			"to": [7.02841, 20.40933, 7.49718],
			"rotation": {"angle": -22.5, "axis": "z", "origin": [6.0658, 19.91003, 6.07198]},
			"faces": {
				"north": {"uv": [12.57143, 7.42857, 13.14286, 8], "texture": "#3"},
				"east": {"uv": [11.42857, 5.14286, 12.28571, 5.71429], "texture": "#3"},
				"south": {"uv": [8, 12.57143, 8.57143, 13.14286], "texture": "#3"},
				"west": {"uv": [10.28571, 11.42857, 11.14286, 12], "texture": "#3"},
				"up": {"uv": [12, 12.28571, 11.42857, 11.42857], "texture": "#3"},
				"down": {"uv": [0.57143, 12, 0, 12.85714], "texture": "#3"}
			}
		},
		{
			"from": [6.03609, 19.51933, 5.10818],
			"to": [6.81609, 20.29933, 6.27818],
			"rotation": {"angle": -22.5, "axis": "z", "origin": [6.0658, 19.91003, 6.07198]},
			"faces": {
				"north": {"uv": [13.71429, 0, 14.14286, 0.42857], "texture": "#3"},
				"east": {"uv": [12.57143, 8.57143, 13.28571, 9], "texture": "#3"},
				"west": {"uv": [9.14286, 12.57143, 9.85714, 13], "texture": "#3"},
				"up": {"uv": [13, 9.85714, 12.57143, 9.14286], "texture": "#3"},
				"down": {"uv": [10.71429, 12.57143, 10.28571, 13.28571], "texture": "#3"}
			}
		},
		{
			"from": [5.17029, 19.62213, 5.10818],
			"to": [6.03609, 20.19933, 5.68538],
			"rotation": {"angle": -22.5, "axis": "z", "origin": [6.0658, 19.91003, 6.07198]},
			"faces": {
				"north": {"uv": [13.71429, 12.57143, 14.14286, 12.85714], "texture": "#3"},
				"south": {"uv": [13.14286, 13.71429, 13.57143, 14], "texture": "#3"},
				"west": {"uv": [6.85714, 14.28571, 7.14286, 14.57143], "texture": "#3"},
				"up": {"uv": [14.14286, 13.42857, 13.71429, 13.14286], "texture": "#3"},
				"down": {"uv": [14.14286, 13.71429, 13.71429, 14], "texture": "#3"}
			}
		},
		{
			"from": [6.20769, 19.31204, 8.50282],
			"to": [7.20769, 20.31204, 10.00282],
			"rotation": {"angle": -22.5, "axis": "z", "origin": [6.4, 20.31204, 10.09986]},
			"faces": {
				"north": {"uv": [12.57143, 8, 13.14286, 8.57143], "texture": "#3"},
				"east": {"uv": [12, 0, 12.85714, 0.57143], "texture": "#3"},
				"south": {"uv": [8.57143, 12.57143, 9.14286, 13.14286], "texture": "#3"},
				"west": {"uv": [12, 0.57143, 12.85714, 1.14286], "texture": "#3"},
				"up": {"uv": [1.14286, 12.85714, 0.57143, 12], "texture": "#3"},
				"down": {"uv": [2.28571, 12, 1.71429, 12.85714], "texture": "#3"}
			}
		},
		{
			"from": [6.21537, 19.42204, 9.72182],
			"to": [6.99537, 20.20204, 10.89182],
			"rotation": {"angle": -22.5, "axis": "z", "origin": [6.4, 20.31204, 10.09986]},
			"faces": {
				"east": {"uv": [12.57143, 10.28571, 13.28571, 10.71429], "texture": "#3"},
				"south": {"uv": [13.71429, 0.57143, 14.14286, 1], "texture": "#3"},
				"west": {"uv": [10.85714, 12.57143, 11.57143, 13], "texture": "#3"},
				"up": {"uv": [13, 11.57143, 12.57143, 10.85714], "texture": "#3"},
				"down": {"uv": [12.42857, 12.57143, 12, 13.28571], "texture": "#3"}
			}
		},
		{
			"from": [5.36919, 19.42068, 10.31462],
			"to": [6.23499, 19.99788, 10.89182],
			"rotation": {"angle": -22.5, "axis": "z", "origin": [6.67164, 20.30928, 10.09381]},
			"faces": {
				"north": {"uv": [0, 14.28571, 0.42857, 14.57143], "texture": "#3"},
				"south": {"uv": [14.28571, 0, 14.71429, 0.28571], "texture": "#3"},
				"west": {"uv": [14.28571, 6.85714, 14.57143, 7.14286], "texture": "#3"},
				"up": {"uv": [14.71429, 0.85714, 14.28571, 0.57143], "texture": "#3"},
				"down": {"uv": [14.71429, 1.14286, 14.28571, 1.42857], "texture": "#3"}
			}
		},
		{
			"from": [5.5724, 16.07983, 7.5],
			"to": [5.6024, 16.57983, 8.5],
			"rotation": {"angle": -22.5, "axis": "z", "origin": [5.5474, 16.14233, 7.75]},
			"faces": {
				"east": {"uv": [6.85714, 13.71429, 7.42857, 14], "texture": "#3"},
				"west": {"uv": [7.42857, 13.71429, 8, 14], "texture": "#3"}
			}
		},
		{
			"from": [7.75, 20.83067, 3.77753],
			"to": [8.25, 21.58067, 4.77753],
			"rotation": {"angle": 0, "axis": "y", "origin": [7.75, 21.33067, 3.27753]},
			"faces": {
				"north": {"uv": [1.71429, 14.28571, 2, 14.71429], "texture": "#3"},
				"east": {"uv": [13.14286, 2.85714, 13.71429, 3.28571], "texture": "#3"},
				"west": {"uv": [3.42857, 13.14286, 4, 13.57143], "texture": "#3"},
				"up": {"uv": [8.28571, 14.28571, 8, 13.71429], "texture": "#3"},
				"down": {"uv": [8.85714, 13.71429, 8.57143, 14.28571], "texture": "#3"}
			}
		},
		{
			"from": [5.49933, 16.59437, 6],
			"to": [5.52933, 18.59437, 10],
			"rotation": {"angle": -22.5, "axis": "z", "origin": [5.59933, 16.59437, 6]},
			"faces": {
				"east": {"uv": [16, 0, 0, 8], "texture": "#1"},
				"west": {"uv": [0, 0, 16, 8], "texture": "#1"}
			}
		},
		{
			"from": [8.75, 16.36548, 7.25],
			"to": [9.75, 17.86548, 8.75],
			"rotation": {"angle": 22.5, "axis": "z", "origin": [9.5, 18.11548, 8]},
			"faces": {
				"north": {"uv": [9.14286, 11.42857, 8.57143, 12.28571], "texture": "#3"},
				"east": {"uv": [8.28571, 9.71429, 7.42857, 10.57143], "texture": "#3"},
				"south": {"uv": [9.71429, 11.42857, 9.14286, 12.28571], "texture": "#3"},
				"west": {"uv": [10.57143, 6.85714, 9.71429, 7.71429], "texture": "#3"},
				"down": {"uv": [9.71429, 11.42857, 10.28571, 12.28571], "texture": "#3"}
			}
		},
		{
			"from": [8.75, 17.86548, 7],
			"to": [10.75, 19.86548, 9],
			"rotation": {"angle": 22.5, "axis": "z", "origin": [9.5, 18.11548, 8]},
			"faces": {
				"north": {"uv": [1.14286, 8, 0, 9.14286], "texture": "#3"},
				"east": {"uv": [9.14286, 2.28571, 8, 3.42857], "texture": "#3"},
				"south": {"uv": [9.14286, 1.14286, 8, 2.28571], "texture": "#3"},
				"west": {"uv": [2.28571, 8, 1.14286, 9.14286], "texture": "#3"},
				"up": {"uv": [8, 4.57143, 9.14286, 3.42857], "texture": "#3"},
				"down": {"uv": [8, 4.57143, 9.14286, 5.71429], "texture": "#3"}
			}
		},
		{
			"from": [8.97159, 19.40933, 5.99718],
			"to": [9.97159, 20.40933, 7.49718],
			"rotation": {"angle": 22.5, "axis": "z", "origin": [9.9342, 19.91003, 6.07198]},
			"faces": {
				"north": {"uv": [13.14286, 7.42857, 12.57143, 8], "texture": "#3"},
				"east": {"uv": [11.14286, 11.42857, 10.28571, 12], "texture": "#3"},
				"south": {"uv": [8.57143, 12.57143, 8, 13.14286], "texture": "#3"},
				"west": {"uv": [12.28571, 5.14286, 11.42857, 5.71429], "texture": "#3"},
				"up": {"uv": [11.42857, 12.28571, 12, 11.42857], "texture": "#3"},
				"down": {"uv": [0, 12, 0.57143, 12.85714], "texture": "#3"}
			}
		},
		{
			"from": [9.18391, 19.51933, 5.10818],
			"to": [9.96391, 20.29933, 6.27818],
			"rotation": {"angle": 22.5, "axis": "z", "origin": [9.9342, 19.91003, 6.07198]},
			"faces": {
				"north": {"uv": [14.14286, 0, 13.71429, 0.42857], "texture": "#3"},
				"east": {"uv": [9.85714, 12.57143, 9.14286, 13], "texture": "#3"},
				"west": {"uv": [13.28571, 8.57143, 12.57143, 9], "texture": "#3"},
				"up": {"uv": [12.57143, 9.85714, 13, 9.14286], "texture": "#3"},
				"down": {"uv": [10.28571, 12.57143, 10.71429, 13.28571], "texture": "#3"}
			}
		},
		{
			"from": [9.96391, 19.62213, 5.10818],
			"to": [10.82971, 20.19933, 5.68538],
			"rotation": {"angle": 22.5, "axis": "z", "origin": [9.9342, 19.91003, 6.07198]},
			"faces": {
				"north": {"uv": [14.14286, 12.57143, 13.71429, 12.85714], "texture": "#3"},
				"east": {"uv": [7.14286, 14.28571, 6.85714, 14.57143], "texture": "#3"},
				"south": {"uv": [13.57143, 13.71429, 13.14286, 14], "texture": "#3"},
				"up": {"uv": [13.71429, 13.42857, 14.14286, 13.14286], "texture": "#3"},
				"down": {"uv": [13.71429, 13.71429, 14.14286, 14], "texture": "#3"}
			}
		},
		{
			"from": [8.79231, 19.31204, 8.50282],
			"to": [9.79231, 20.31204, 10.00282],
			"rotation": {"angle": 22.5, "axis": "z", "origin": [9.6, 20.31204, 10.09986]},
			"faces": {
				"north": {"uv": [13.14286, 8, 12.57143, 8.57143], "texture": "#3"},
				"east": {"uv": [12.85714, 0.57143, 12, 1.14286], "texture": "#3"},
				"south": {"uv": [9.14286, 12.57143, 8.57143, 13.14286], "texture": "#3"},
				"west": {"uv": [12.85714, 0, 12, 0.57143], "texture": "#3"},
				"up": {"uv": [0.57143, 12.85714, 1.14286, 12], "texture": "#3"},
				"down": {"uv": [1.71429, 12, 2.28571, 12.85714], "texture": "#3"}
			}
		},
		{
			"from": [9.00463, 19.42204, 9.72182],
			"to": [9.78463, 20.20204, 10.89182],
			"rotation": {"angle": 22.5, "axis": "z", "origin": [9.6, 20.31204, 10.09986]},
			"faces": {
				"east": {"uv": [11.57143, 12.57143, 10.85714, 13], "texture": "#3"},
				"south": {"uv": [14.14286, 0.57143, 13.71429, 1], "texture": "#3"},
				"west": {"uv": [13.28571, 10.28571, 12.57143, 10.71429], "texture": "#3"},
				"up": {"uv": [12.57143, 11.57143, 13, 10.85714], "texture": "#3"},
				"down": {"uv": [12, 12.57143, 12.42857, 13.28571], "texture": "#3"}
			}
		},
		{
			"from": [9.76501, 19.42068, 10.31462],
			"to": [10.63081, 19.99788, 10.89182],
			"rotation": {"angle": 22.5, "axis": "z", "origin": [9.32836, 20.30928, 10.09381]},
			"faces": {
				"north": {"uv": [0.42857, 14.28571, 0, 14.57143], "texture": "#3"},
				"east": {"uv": [14.57143, 6.85714, 14.28571, 7.14286], "texture": "#3"},
				"south": {"uv": [14.71429, 0, 14.28571, 0.28571], "texture": "#3"},
				"up": {"uv": [14.28571, 0.85714, 14.71429, 0.57143], "texture": "#3"},
				"down": {"uv": [14.28571, 1.14286, 14.71429, 1.42857], "texture": "#3"}
			}
		},
		{
			"from": [10.3976, 16.07983, 7.5],
			"to": [10.4276, 16.57983, 8.5],
			"rotation": {"angle": 22.5, "axis": "z", "origin": [10.4526, 16.14233, 7.75]},
			"faces": {
				"east": {"uv": [8, 13.71429, 7.42857, 14], "texture": "#3"},
				"west": {"uv": [7.42857, 13.71429, 6.85714, 14], "texture": "#3"}
			}
		},
		{
			"from": [10.47067, 16.59437, 6],
			"to": [10.50067, 18.59437, 10],
			"rotation": {"angle": 22.5, "axis": "z", "origin": [10.40067, 16.59437, 6]},
			"faces": {
				"east": {"uv": [16, 0, 0, 8], "texture": "#1"},
				"west": {"uv": [0, 0, 16, 8], "texture": "#1"}
			}
		}
	],
	"gui_light": "front",
	"display": {
		"thirdperson_righthand": {
			"translation": [0, -3.75, 1]
		},
		"thirdperson_lefthand": {
			"translation": [0, -3.75, 1]
		},
		"firstperson_righthand": {
			"rotation": [-10, 0, 0],
			"translation": [0, -2.25, 2.25]
		},
		"firstperson_lefthand": {
			"rotation": [-10, 0, 0],
			"translation": [0, -2.25, 2.25]
		},
		"ground": {
			"rotation": [-45, 0, 0],
			"translation": [0, 4.5, 0],
			"scale": [0.6, 0.6, 0.6]
		},
		"gui": {
			"rotation": [-90, 45, 90],
			"translation": [2.5, -3, 0],
			"scale": [0.8, 0.8, 0.8]
		},
		"head": {
			"rotation": [0, 90, 0]
		},
		"fixed": {
			"rotation": [0, -90, 0],
			"translation": [0, -7.5, -1.5],
			"scale": [2.5, 2.5, 2.5]
		}
	},
	"groups": [
		{
			"name": "scythe",
			"origin": [10.40067, 16.59437, 6],
			"color": 0,
			"boneType": "",
			"children": [
				0,
				1,
				2,
				3,
				4,
				5,
				6,
				7,
				8,
				9,
				10,
				11,
				12,
				13,
				14,
				15,
				16,
				17,
				18,
				19,
				20,
				21,
				22,
				23,
				24,
				25,
				26,
				27,
				28,
				29,
				30,
				31,
				32,
				33,
				34,
				35,
				36,
				37,
				38,
				39,
				40,
				41,
				42,
				43,
				44,
				45,
				46,
				47,
				48,
				49,
				50,
				51,
				52,
				53,
				54,
				55,
				56,
				57,
				58,
				59
			]
		}
	]
}