{
	"credit": "Made by PolygonMC",
	"texture_size": [28, 28],
	"textures": {
		"1": "infernoset/animations/animations_2",
		"3": "infernoset/shield",
		"particle": "infernoset/animations/animations_2"
	},
	"elements": [
		{
			"from": [6.5, 0.0597, 7.08066],
			"to": [8, 1.5597, 8.28066],
			"rotation": {"angle": -45, "axis": "z", "origin": [8, 0.0597, 7.18066]},
			"faces": {
				"north": {"uv": [9.14286, 5.71429, 10, 6.57143], "texture": "#3"},
				"east": {"uv": [1.71429, 10.28571, 2.42857, 11.14286], "texture": "#3"},
				"south": {"uv": [5.14286, 9.14286, 6, 10], "texture": "#3"},
				"west": {"uv": [10.28571, 2.28571, 11, 3.14286], "texture": "#3"},
				"up": {"uv": [3.57143, 11.14286, 2.85714, 10.28571], "rotation": 90, "texture": "#3"},
				"down": {"uv": [5.85714, 10.28571, 5.14286, 11.14286], "rotation": 270, "texture": "#3"}
			}
		},
		{
			"from": [6.75, 0.3097, 6.83066],
			"to": [7.75, 1.3097, 8.53066],
			"rotation": {"angle": -45, "axis": "z", "origin": [8, 0.0597, 7.18066]},
			"faces": {
				"north": {"uv": [12.57143, 0, 13.14286, 0.57143], "texture": "#3"},
				"east": {"uv": [10.85714, 8.57143, 11.85714, 9.14286], "texture": "#3"},
				"south": {"uv": [1.71429, 8.57143, 2.28571, 9.14286], "texture": "#3"},
				"west": {"uv": [10.85714, 9.14286, 11.85714, 9.71429], "texture": "#3"},
				"up": {"uv": [11.85714, 10.28571, 10.85714, 9.71429], "rotation": 90, "texture": "#3"},
				"down": {"uv": [1, 11.42857, 0, 12], "rotation": 270, "texture": "#3"}
			}
		},
		{
			"from": [8.54277, 0.62036, 7.43066],
			"to": [9.54277, 1.62036, 7.93066],
			"rotation": {"angle": 45, "axis": "z", "origin": [9.04277, 1.12036, 7.68066]},
			"faces": {
				"north": {"uv": [12.57143, 2.28571, 13.14286, 2.85714], "texture": "#3"},
				"east": {"uv": [13.71429, 4, 14, 4.57143], "texture": "#3"},
				"south": {"uv": [12.57143, 0.57143, 13.14286, 1.14286], "texture": "#3"},
				"west": {"uv": [4.57143, 13.71429, 4.85714, 14.28571], "texture": "#3"},
				"up": {"uv": [14, 5.14286, 13.71429, 4.57143], "rotation": 90, "texture": "#3"},
				"down": {"uv": [5.42857, 13.71429, 5.14286, 14.28571], "rotation": 270, "texture": "#3"}
			}
		},
		{
			"from": [7.5, -0.44741, 7.43066],
			"to": [8.5, 0.55259, 7.93066],
			"rotation": {"angle": 45, "axis": "z", "origin": [8, 0.05259, 7.68066]},
			"faces": {
				"north": {"uv": [12.57143, 4, 13.14286, 4.57143], "texture": "#3"},
				"east": {"uv": [13.71429, 5.14286, 14, 5.71429], "texture": "#3"},
				"south": {"uv": [12.57143, 2.85714, 13.14286, 3.42857], "texture": "#3"},
				"west": {"uv": [5.71429, 13.71429, 6, 14.28571], "texture": "#3"},
				"up": {"uv": [14, 6.28571, 13.71429, 5.71429], "rotation": 90, "texture": "#3"},
				"down": {"uv": [6.57143, 13.71429, 6.28571, 14.28571], "rotation": 270, "texture": "#3"}
			}
		},
		{
			"from": [6.45723, 0.62036, 7.43066],
			"to": [7.45723, 1.62036, 7.93066],
			"rotation": {"angle": -45, "axis": "z", "origin": [6.95723, 1.12036, 7.68066]},
			"faces": {
				"north": {"uv": [12.57143, 5.71429, 13.14286, 6.28571], "texture": "#3"},
				"east": {"uv": [13.71429, 6.28571, 14, 6.85714], "texture": "#3"},
				"south": {"uv": [12.57143, 4.57143, 13.14286, 5.14286], "texture": "#3"},
				"west": {"uv": [6.85714, 13.71429, 7.14286, 14.28571], "texture": "#3"},
				"up": {"uv": [14, 7.42857, 13.71429, 6.85714], "rotation": 90, "texture": "#3"},
				"down": {"uv": [14, 7.42857, 13.71429, 8], "rotation": 270, "texture": "#3"}
			}
		},
		{
			"from": [7.5, 5.8597, 10.18066],
			"to": [8.5, 6.8597, 11.18066],
			"rotation": {"angle": 0, "axis": "y", "origin": [8.5, 0.8597, 10.18066]},
			"faces": {
				"north": {"uv": [12.57143, 6.85714, 13.14286, 7.42857], "texture": "#3"},
				"east": {"uv": [6.28571, 12.57143, 6.85714, 13.14286], "texture": "#3"},
				"south": {"uv": [12.57143, 6.28571, 13.14286, 6.85714], "texture": "#3"},
				"west": {"uv": [6.85714, 12.57143, 7.42857, 13.14286], "texture": "#3"}
			}
		},
		{
			"from": [7.5, 10.8597, 10.18066],
			"to": [8.5, 11.8597, 11.18066],
			"rotation": {"angle": 0, "axis": "y", "origin": [8.5, 4.8597, 10.18066]},
			"faces": {
				"north": {"uv": [12.57143, 8, 13.14286, 8.57143], "texture": "#3"},
				"east": {"uv": [7.42857, 12.57143, 8, 13.14286], "texture": "#3"},
				"south": {"uv": [12.57143, 7.42857, 13.14286, 8], "texture": "#3"},
				"west": {"uv": [8, 12.57143, 8.57143, 13.14286], "texture": "#3"}
			}
		},
		{
			"from": [7.6, 7.3597, 10.28066],
			"to": [8.4, 10.3597, 11.08066],
			"rotation": {"angle": 45, "axis": "y", "origin": [8, 8.3597, 10.68066]},
			"faces": {
				"north": {"uv": [9.14286, 8.57143, 9.57143, 10.28571], "texture": "#3"},
				"east": {"uv": [6.28571, 9.14286, 6.71429, 10.85714], "texture": "#3"},
				"south": {"uv": [6.85714, 9.14286, 7.28571, 10.85714], "texture": "#3"},
				"west": {"uv": [7.42857, 9.14286, 7.85714, 10.85714], "texture": "#3"},
				"up": {"uv": [13.57143, 12.42857, 13.14286, 12], "rotation": 90, "texture": "#3"},
				"down": {"uv": [13, 13.14286, 12.57143, 13.57143], "rotation": 270, "texture": "#3"}
			}
		},
		{
			"from": [7.35, 6.8597, 10.03066],
			"to": [8.65, 7.3597, 11.33066],
			"rotation": {"angle": 0, "axis": "y", "origin": [8.5, 6.8597, 10.18066]},
			"faces": {
				"north": {"uv": [13.14286, 9.71429, 13.85714, 10], "texture": "#3"},
				"east": {"uv": [13.14286, 8.57143, 13.85714, 8.85714], "texture": "#3"},
				"south": {"uv": [13.14286, 9.14286, 13.85714, 9.42857], "texture": "#3"},
				"west": {"uv": [9.71429, 13.14286, 10.42857, 13.42857], "texture": "#3"},
				"up": {"uv": [12.14286, 7, 11.42857, 6.28571], "rotation": 90, "texture": "#3"},
				"down": {"uv": [12.14286, 7.42857, 11.42857, 8.14286], "rotation": 270, "texture": "#3"}
			}
		},
		{
			"from": [7.35, 10.3597, 10.03066],
			"to": [8.65, 10.8597, 11.33066],
			"rotation": {"angle": 0, "axis": "y", "origin": [8.5, 10.3597, 10.18066]},
			"faces": {
				"north": {"uv": [13.14286, 11.42857, 13.85714, 11.71429], "texture": "#3"},
				"east": {"uv": [13.14286, 10.28571, 13.85714, 10.57143], "texture": "#3"},
				"south": {"uv": [10.85714, 13.14286, 11.57143, 13.42857], "texture": "#3"},
				"west": {"uv": [13.14286, 10.85714, 13.85714, 11.14286], "texture": "#3"},
				"up": {"uv": [9.85714, 12.14286, 9.14286, 11.42857], "rotation": 90, "texture": "#3"},
				"down": {"uv": [11, 11.42857, 10.28571, 12.14286], "rotation": 270, "texture": "#3"}
			}
		},
		{
			"from": [6, 14.0097, 7.43066],
			"to": [8, 16.0097, 7.93066],
			"rotation": {"angle": -45, "axis": "z", "origin": [8, 14.0097, 7.43066]},
			"faces": {
				"north": {"uv": [6.85714, 4.57143, 8, 5.71429], "texture": "#3"},
				"south": {"uv": [5.71429, 2.28571, 6.85714, 3.42857], "texture": "#3"},
				"west": {"uv": [8.57143, 12.57143, 8.85714, 13.71429], "texture": "#3"},
				"up": {"uv": [9.42857, 13.71429, 9.14286, 12.57143], "rotation": 90, "texture": "#3"}
			}
		},
		{
			"from": [9.275, 12.6847, 7.18066],
			"to": [10.775, 14.6847, 8.18066],
			"rotation": {"angle": -45, "axis": "z", "origin": [10.775, 14.6847, 7.18066]},
			"faces": {
				"north": {"uv": [8, 5.71429, 8.85714, 6.85714], "texture": "#3"},
				"east": {"uv": [1.14286, 10.28571, 1.71429, 11.42857], "texture": "#3"},
				"south": {"uv": [5.14286, 8, 6, 9.14286], "texture": "#3"},
				"west": {"uv": [10.28571, 1.14286, 10.85714, 2.28571], "texture": "#3"},
				"up": {"uv": [4, 12.28571, 3.42857, 11.42857], "rotation": 90, "texture": "#3"},
				"down": {"uv": [12, 10.28571, 11.42857, 11.14286], "rotation": 270, "texture": "#3"}
			}
		},
		{
			"from": [11.1591, 9.06517, 7.04816],
			"to": [11.1891, 12.56517, 8.29816],
			"rotation": {"angle": 45, "axis": "y", "origin": [11.1816, 10.81517, 7.68066]},
			"faces": {
				"east": {"uv": [5.71429, 0, 6.42857, 2], "texture": "#3"},
				"west": {"uv": [6.85714, 0, 7.57143, 2], "texture": "#3"}
			}
		},
		{
			"from": [10.5641, 9.06517, 7.67316],
			"to": [11.8141, 12.56517, 7.70316],
			"rotation": {"angle": 45, "axis": "y", "origin": [11.1816, 10.81517, 7.68066]},
			"faces": {
				"north": {"uv": [6.85714, 2.28571, 7.57143, 4.28571], "texture": "#3"},
				"south": {"uv": [2.28571, 6.85714, 3, 8.85714], "texture": "#3"}
			}
		},
		{
			"from": [7, 13.67036, 7.08066],
			"to": [9, 15.67036, 8.28066],
			"rotation": {"angle": -45, "axis": "z", "origin": [8, 14.67036, 7.68066]},
			"faces": {
				"north": {"uv": [6.85714, 5.71429, 8, 6.85714], "texture": "#3"},
				"east": {"uv": [1.14286, 9.14286, 1.85714, 10.28571], "texture": "#3"},
				"south": {"uv": [5.14286, 6.85714, 6.28571, 8], "texture": "#3"},
				"west": {"uv": [9.14286, 1.14286, 9.85714, 2.28571], "texture": "#3"},
				"up": {"uv": [3, 10.28571, 2.28571, 9.14286], "rotation": 90, "texture": "#3"},
				"down": {"uv": [9.85714, 2.28571, 9.14286, 3.42857], "rotation": 270, "texture": "#3"}
			}
		},
		{
			"from": [10.14568, 14.41587, 7.25266],
			"to": [11.01568, 15.28587, 8.12266],
			"rotation": {"angle": 0, "axis": "y", "origin": [11.09275, 15.00214, 7.68766]},
			"faces": {
				"north": {"uv": [13.71429, 0, 14.14286, 0.42857], "texture": "#3"},
				"east": {"uv": [13.14286, 12.57143, 13.57143, 13], "texture": "#3"},
				"south": {"uv": [13.14286, 13.14286, 13.57143, 13.57143], "texture": "#3"},
				"west": {"uv": [0, 13.71429, 0.42857, 14.14286], "texture": "#3"},
				"up": {"uv": [14.14286, 2.14286, 13.71429, 1.71429], "rotation": 90, "texture": "#3"},
				"down": {"uv": [2.71429, 13.71429, 2.28571, 14.14286], "rotation": 270, "texture": "#3"}
			}
		},
		{
			"from": [10.79174, 14.5248, 7.33096],
			"to": [11.75514, 15.2382, 8.04436],
			"rotation": {"angle": 22.5, "axis": "z", "origin": [11.09275, 15.00214, 7.68766]},
			"faces": {
				"north": {"uv": [13.14286, 5.14286, 13.71429, 5.57143], "texture": "#3"},
				"east": {"uv": [13.71429, 2.28571, 14.14286, 2.71429], "texture": "#3"},
				"south": {"uv": [13.14286, 4.57143, 13.71429, 5], "texture": "#3"},
				"up": {"uv": [13.57143, 6.28571, 13.14286, 5.71429], "rotation": 90, "texture": "#3"},
				"down": {"uv": [6.71429, 13.14286, 6.28571, 13.71429], "rotation": 270, "texture": "#3"}
			}
		},
		{
			"from": [11.31565, 15.28897, 7.40544],
			"to": [11.8801, 16.10341, 7.96988],
			"rotation": {"angle": -45, "axis": "z", "origin": [11.34275, 15.10214, 7.68766]},
			"faces": {
				"north": {"uv": [14.28571, 0.57143, 14.57143, 1], "texture": "#3"},
				"east": {"uv": [0, 14.28571, 0.28571, 14.71429], "texture": "#3"},
				"south": {"uv": [14.28571, 0, 14.57143, 0.42857], "texture": "#3"},
				"west": {"uv": [0.57143, 14.28571, 0.85714, 14.71429], "texture": "#3"},
				"up": {"uv": [4.85714, 14.57143, 4.57143, 14.28571], "rotation": 90, "texture": "#3"}
			}
		},
		{
			"from": [6.25, 13.5097, 6.83066],
			"to": [7.75, 15.0097, 8.53066],
			"rotation": {"angle": -45, "axis": "z", "origin": [8, 13.2597, 7.18066]},
			"faces": {
				"north": {"uv": [9.71429, 4.57143, 10.57143, 5.42857], "texture": "#3"},
				"east": {"uv": [8.57143, 6.85714, 9.57143, 7.71429], "texture": "#3"},
				"south": {"uv": [9.71429, 3.42857, 10.57143, 4.28571], "texture": "#3"},
				"west": {"uv": [8, 8.57143, 9, 9.42857], "texture": "#3"},
				"up": {"uv": [1, 10, 0, 9.14286], "rotation": 90, "texture": "#3"},
				"down": {"uv": [10.14286, 0, 9.14286, 0.85714], "rotation": 270, "texture": "#3"}
			}
		},
		{
			"from": [7.25, 12.22518, 5.93066],
			"to": [8.75, 13.72518, 6.93066],
			"rotation": {"angle": 22.5, "axis": "x", "origin": [8, 13.97518, 6.18066]},
			"faces": {
				"north": {"uv": [8, 9.71429, 8.85714, 10.57143], "texture": "#3"},
				"east": {"uv": [11.42857, 11.42857, 12, 12.28571], "texture": "#3"},
				"south": {"uv": [9.71429, 6.85714, 10.57143, 7.71429], "texture": "#3"},
				"west": {"uv": [0, 12, 0.57143, 12.85714], "texture": "#3"},
				"down": {"uv": [1.14286, 12, 0.57143, 12.85714], "rotation": 270, "texture": "#3"}
			}
		},
		{
			"from": [7, 13.72518, 4.93066],
			"to": [9, 15.72518, 6.93066],
			"rotation": {"angle": 22.5, "axis": "x", "origin": [8, 13.97518, 6.18066]},
			"faces": {
				"north": {"uv": [7.42857, 6.85714, 8.57143, 8], "texture": "#3"},
				"east": {"uv": [6.28571, 6.85714, 7.42857, 8], "texture": "#3"},
				"south": {"uv": [0, 7.42857, 1.14286, 8.57143], "texture": "#3"},
				"west": {"uv": [1.14286, 7.42857, 2.28571, 8.57143], "texture": "#3"},
				"up": {"uv": [9.14286, 1.14286, 8, 0], "rotation": 90, "texture": "#3"},
				"down": {"uv": [9.14286, 1.14286, 8, 2.28571], "rotation": 270, "texture": "#3"}
			}
		},
		{
			"from": [8.50282, 15.26903, 5.70907],
			"to": [10.00282, 16.26903, 6.70907],
			"rotation": {"angle": 22.5, "axis": "x", "origin": [9.92802, 15.76973, 5.74646]},
			"faces": {
				"north": {"uv": [12, 1.14286, 12.85714, 1.71429], "texture": "#3"},
				"east": {"uv": [9.71429, 12.57143, 10.28571, 13.14286], "texture": "#3"},
				"south": {"uv": [1.14286, 12, 2, 12.57143], "texture": "#3"},
				"west": {"uv": [10.28571, 12.57143, 10.85714, 13.14286], "texture": "#3"},
				"up": {"uv": [2.85714, 12.85714, 2.28571, 12], "rotation": 90, "texture": "#3"},
				"down": {"uv": [3.42857, 12, 2.85714, 12.85714], "rotation": 270, "texture": "#3"}
			}
		},
		{
			"from": [9.72182, 15.37903, 5.71675],
			"to": [10.89182, 16.15903, 6.49675],
			"rotation": {"angle": 22.5, "axis": "x", "origin": [9.92802, 15.76973, 5.74646]},
			"faces": {
				"north": {"uv": [13.14286, 1.14286, 13.85714, 1.57143], "texture": "#3"},
				"east": {"uv": [2.85714, 13.71429, 3.28571, 14.14286], "texture": "#3"},
				"south": {"uv": [13.14286, 0.57143, 13.85714, 1], "texture": "#3"},
				"up": {"uv": [1, 13.85714, 0.57143, 13.14286], "rotation": 90, "texture": "#3"},
				"down": {"uv": [13.57143, 1.71429, 13.14286, 2.42857], "rotation": 270, "texture": "#3"}
			}
		},
		{
			"from": [10.31462, 15.48183, 4.85095],
			"to": [10.89182, 16.05903, 5.71675],
			"rotation": {"angle": 22.5, "axis": "x", "origin": [9.92802, 15.76973, 5.74646]},
			"faces": {
				"north": {"uv": [14.28571, 4.57143, 14.57143, 4.85714], "texture": "#3"},
				"east": {"uv": [1.14286, 14.28571, 1.57143, 14.57143], "texture": "#3"},
				"west": {"uv": [14.28571, 1.14286, 14.71429, 1.42857], "texture": "#3"},
				"up": {"uv": [2.14286, 14.57143, 1.71429, 14.28571], "rotation": 90, "texture": "#3"},
				"down": {"uv": [14.71429, 1.71429, 14.28571, 2], "rotation": 270, "texture": "#3"}
			}
		},
		{
			"from": [5.99718, 15.17174, 5.88835],
			"to": [7.49718, 16.17174, 6.88835],
			"rotation": {"angle": 22.5, "axis": "x", "origin": [5.90014, 16.17174, 6.08066]},
			"faces": {
				"north": {"uv": [12, 3.42857, 12.85714, 4], "texture": "#3"},
				"east": {"uv": [10.85714, 12.57143, 11.42857, 13.14286], "texture": "#3"},
				"south": {"uv": [12, 1.71429, 12.85714, 2.28571], "texture": "#3"},
				"west": {"uv": [11.42857, 12.57143, 12, 13.14286], "texture": "#3"},
				"up": {"uv": [4.57143, 12.85714, 4, 12], "rotation": 90, "texture": "#3"},
				"down": {"uv": [12.57143, 4, 12, 4.85714], "rotation": 270, "texture": "#3"}
			}
		},
		{
			"from": [5.10818, 15.28174, 5.89603],
			"to": [6.27818, 16.06174, 6.67603],
			"rotation": {"angle": 22.5, "axis": "x", "origin": [5.90014, 16.17174, 6.08066]},
			"faces": {
				"north": {"uv": [13.14286, 2.85714, 13.85714, 3.28571], "texture": "#3"},
				"south": {"uv": [2.28571, 13.14286, 3, 13.57143], "texture": "#3"},
				"west": {"uv": [13.71429, 3.42857, 14.14286, 3.85714], "texture": "#3"},
				"up": {"uv": [13.57143, 4.14286, 13.14286, 3.42857], "rotation": 90, "texture": "#3"},
				"down": {"uv": [4.42857, 13.14286, 4, 13.85714], "rotation": 270, "texture": "#3"}
			}
		},
		{
			"from": [5.10818, 15.28038, 5.04985],
			"to": [5.68538, 15.85758, 5.91565],
			"rotation": {"angle": 22.5, "axis": "x", "origin": [5.90619, 16.16898, 6.3523]},
			"faces": {
				"north": {"uv": [5.14286, 14.28571, 5.42857, 14.57143], "texture": "#3"},
				"east": {"uv": [2.28571, 14.28571, 2.71429, 14.57143], "texture": "#3"},
				"west": {"uv": [14.28571, 2.28571, 14.71429, 2.57143], "texture": "#3"},
				"up": {"uv": [3.28571, 14.57143, 2.85714, 14.28571], "rotation": 90, "texture": "#3"},
				"down": {"uv": [14.71429, 2.85714, 14.28571, 3.14286], "rotation": 270, "texture": "#3"}
			}
		},
		{
			"from": [7.5, 11.93953, 5.25306],
			"to": [8.5, 12.43953, 5.28306],
			"rotation": {"angle": 22.5, "axis": "x", "origin": [8.25, 12.00203, 5.22806]},
			"faces": {
				"north": {"uv": [13.71429, 8, 14.28571, 8.28571], "texture": "#3"},
				"south": {"uv": [8, 13.71429, 8.57143, 14], "texture": "#3"}
			}
		},
		{
			"from": [10.56752, 12.06502, 7.43066],
			"to": [11.56752, 12.81502, 7.93066],
			"rotation": {"angle": 22.5, "axis": "z", "origin": [11.46752, 12.29002, 7.68066]},
			"faces": {
				"north": {"uv": [6.85714, 13.14286, 7.42857, 13.57143], "texture": "#3"},
				"east": {"uv": [3.42857, 14.28571, 3.71429, 14.71429], "texture": "#3"},
				"south": {"uv": [13.14286, 6.28571, 13.71429, 6.71429], "texture": "#3"},
				"west": {"uv": [14.28571, 3.42857, 14.57143, 3.85714], "texture": "#3"},
				"up": {"uv": [8.85714, 14.28571, 8.57143, 13.71429], "rotation": 90, "texture": "#3"},
				"down": {"uv": [9.42857, 13.71429, 9.14286, 14.28571], "rotation": 270, "texture": "#3"}
			}
		},
		{
			"from": [6, 12.45407, 5.17999],
			"to": [10, 14.45407, 5.20999],
			"rotation": {"angle": 22.5, "axis": "x", "origin": [10, 12.45407, 5.27999]},
			"faces": {
				"north": {"uv": [0, 0, 16, 8], "texture": "#1"},
				"south": {"uv": [16, 0, 0, 8], "texture": "#1"}
			}
		},
		{
			"from": [8.24424, 11.27387, 7.45316],
			"to": [11.24424, 12.27387, 7.90816],
			"rotation": {"angle": 22.5, "axis": "z", "origin": [9.99424, 11.27387, 7.67816]},
			"faces": {
				"north": {"uv": [8, 8, 9.71429, 8.57143], "texture": "#3"},
				"east": {"uv": [9.71429, 13.71429, 10, 14.28571], "texture": "#3"},
				"south": {"uv": [6.28571, 8, 8, 8.57143], "texture": "#3"},
				"west": {"uv": [10.28571, 13.71429, 10.57143, 14.28571], "texture": "#3"},
				"up": {"uv": [4.85714, 13.71429, 4.57143, 12], "rotation": 90, "texture": "#3"},
				"down": {"uv": [5.42857, 12, 5.14286, 13.71429], "rotation": 270, "texture": "#3"}
			}
		},
		{
			"from": [8.26641, 11.62611, 7.45566],
			"to": [10.76641, 14.62611, 7.90566],
			"rotation": {"angle": 0, "axis": "x", "origin": [9.76641, 13.12611, 7.68066]},
			"faces": {
				"north": {"uv": [4, 1.71429, 5.42857, 3.42857], "texture": "#3"},
				"east": {"uv": [5.71429, 12, 6, 13.71429], "texture": "#3"},
				"south": {"uv": [4, 0, 5.42857, 1.71429], "texture": "#3"}
			}
		},
		{
			"from": [6.75, 11.5597, 9.83066],
			"to": [7.75, 12.5597, 11.53066],
			"rotation": {"angle": -45, "axis": "z", "origin": [8, 11.3097, 10.18066]},
			"faces": {
				"north": {"uv": [12.57143, 12.57143, 13.14286, 13.14286], "texture": "#3"},
				"east": {"uv": [11.42857, 0, 12.42857, 0.57143], "texture": "#3"},
				"south": {"uv": [12.57143, 12, 13.14286, 12.57143], "texture": "#3"},
				"west": {"uv": [11.42857, 0.57143, 12.42857, 1.14286], "texture": "#3"},
				"up": {"uv": [2.14286, 12, 1.14286, 11.42857], "rotation": 90, "texture": "#3"},
				"down": {"uv": [3.28571, 11.42857, 2.28571, 12], "rotation": 270, "texture": "#3"}
			}
		},
		{
			"from": [6.5, 11.3097, 10.08066],
			"to": [8, 12.8097, 11.28066],
			"rotation": {"angle": -45, "axis": "z", "origin": [8, 11.3097, 10.18066]},
			"faces": {
				"north": {"uv": [9.71429, 9.14286, 10.57143, 10], "texture": "#3"},
				"east": {"uv": [10.28571, 5.71429, 11, 6.57143], "texture": "#3"},
				"south": {"uv": [9.71429, 8, 10.57143, 8.85714], "texture": "#3"},
				"west": {"uv": [9.14286, 10.28571, 9.85714, 11.14286], "texture": "#3"},
				"up": {"uv": [11, 11.14286, 10.28571, 10.28571], "rotation": 90, "texture": "#3"},
				"down": {"uv": [11.57143, 1.14286, 10.85714, 2], "rotation": 270, "texture": "#3"}
			}
		},
		{
			"from": [6.75, 5.1597, 9.83066],
			"to": [7.75, 6.1597, 11.53066],
			"rotation": {"angle": 45, "axis": "z", "origin": [8, 6.4097, 10.18066]},
			"faces": {
				"north": {"uv": [13.14286, 0, 13.71429, 0.57143], "texture": "#3"},
				"east": {"uv": [11.42857, 2.28571, 12.42857, 2.85714], "texture": "#3"},
				"south": {"uv": [0, 13.14286, 0.57143, 13.71429], "texture": "#3"},
				"west": {"uv": [11.42857, 2.85714, 12.42857, 3.42857], "texture": "#3"},
				"up": {"uv": [6.14286, 12, 5.14286, 11.42857], "rotation": 90, "texture": "#3"},
				"down": {"uv": [12.42857, 5.71429, 11.42857, 6.28571], "rotation": 270, "texture": "#3"}
			}
		},
		{
			"from": [6.5, 4.9097, 10.08066],
			"to": [8, 6.4097, 11.28066],
			"rotation": {"angle": 45, "axis": "z", "origin": [8, 6.4097, 10.18066]},
			"faces": {
				"north": {"uv": [10.28571, 0, 11.14286, 0.85714], "texture": "#3"},
				"east": {"uv": [10.85714, 3.42857, 11.57143, 4.28571], "texture": "#3"},
				"south": {"uv": [0, 10.28571, 0.85714, 11.14286], "texture": "#3"},
				"west": {"uv": [4, 10.85714, 4.71429, 11.71429], "texture": "#3"},
				"up": {"uv": [11.57143, 5.42857, 10.85714, 4.57143], "rotation": 90, "texture": "#3"},
				"down": {"uv": [7, 10.85714, 6.28571, 11.71429], "rotation": 270, "texture": "#3"}
			}
		},
		{
			"from": [7.6, 4.94904, 7.83066],
			"to": [8.4, 5.74904, 9.83066],
			"rotation": {"angle": 45, "axis": "z", "origin": [8, 5.34904, 9.33066]},
			"faces": {
				"east": {"uv": [12, 5.14286, 13.14286, 5.57143], "texture": "#3"},
				"west": {"uv": [6.28571, 12, 7.42857, 12.42857], "texture": "#3"},
				"up": {"uv": [13.14286, 9, 12, 8.57143], "rotation": 90, "texture": "#3"},
				"down": {"uv": [13.14286, 9.14286, 12, 9.57143], "rotation": 270, "texture": "#3"}
			}
		},
		{
			"from": [7.6, 11.94904, 7.83066],
			"to": [8.4, 12.74904, 9.83066],
			"rotation": {"angle": 45, "axis": "z", "origin": [8, 12.34904, 9.33066]},
			"faces": {
				"east": {"uv": [12, 9.71429, 13.14286, 10.14286], "texture": "#3"},
				"west": {"uv": [12, 10.28571, 13.14286, 10.71429], "texture": "#3"},
				"up": {"uv": [13.14286, 11.28571, 12, 10.85714], "rotation": 90, "texture": "#3"},
				"down": {"uv": [13.14286, 11.42857, 12, 11.85714], "rotation": 270, "texture": "#3"}
			}
		},
		{
			"from": [7.75576, 8.09552, 7.45316],
			"to": [10.75576, 9.09552, 7.90816],
			"rotation": {"angle": 22.5, "axis": "z", "origin": [9.00576, 9.09552, 7.67816]},
			"faces": {
				"north": {"uv": [6.28571, 8.57143, 8, 9.14286], "texture": "#3"},
				"east": {"uv": [10.85714, 13.71429, 11.14286, 14.28571], "texture": "#3"},
				"south": {"uv": [0, 8.57143, 1.71429, 9.14286], "texture": "#3"},
				"west": {"uv": [11.42857, 13.71429, 11.71429, 14.28571], "texture": "#3"},
				"up": {"uv": [12.28571, 13.71429, 12, 12], "rotation": 90, "texture": "#3"},
				"down": {"uv": [1.42857, 12.57143, 1.14286, 14.28571], "rotation": 270, "texture": "#3"}
			}
		},
		{
			"from": [8.23359, 2.74329, 7.45566],
			"to": [10.73359, 8.74329, 7.90566],
			"rotation": {"angle": 0, "axis": "x", "origin": [9.23359, 7.24329, 7.68066]},
			"faces": {
				"north": {"uv": [2.28571, 3.42857, 3.71429, 6.85714], "texture": "#3"},
				"east": {"uv": [3.42857, 6.85714, 3.71429, 10.28571], "texture": "#3"},
				"south": {"uv": [2.28571, 0, 3.71429, 3.42857], "texture": "#3"}
			}
		},
		{
			"from": [7.16421, 9.6097, 7.28066],
			"to": [9.66421, 12.1097, 8.08066],
			"rotation": {"angle": 45, "axis": "z", "origin": [9.41421, 9.8597, 7.18066]},
			"faces": {
				"north": {"uv": [5.14286, 5.14286, 6.57143, 6.57143], "texture": "#3"},
				"east": {"uv": [10.85714, 6.85714, 11.28571, 8.28571], "texture": "#3"},
				"south": {"uv": [5.14286, 3.42857, 6.57143, 4.85714], "texture": "#3"},
				"west": {"uv": [7.42857, 10.85714, 7.85714, 12.28571], "texture": "#3"},
				"up": {"uv": [8.42857, 12.28571, 8, 10.85714], "rotation": 90, "texture": "#3"},
				"down": {"uv": [9, 10.85714, 8.57143, 12.28571], "rotation": 270, "texture": "#3"}
			}
		},
		{
			"from": [7.21583, 1.7004, 7.45316],
			"to": [9.71583, 3.2004, 7.90816],
			"rotation": {"angle": 45, "axis": "z", "origin": [8.96583, 3.4504, 7.67816]},
			"faces": {
				"north": {"uv": [8, 4.57143, 9.42857, 5.42857], "texture": "#3"},
				"east": {"uv": [13.14286, 6.85714, 13.42857, 7.71429], "texture": "#3"},
				"south": {"uv": [8, 3.42857, 9.42857, 4.28571], "texture": "#3"},
				"west": {"uv": [7.42857, 13.14286, 7.71429, 14], "texture": "#3"},
				"up": {"uv": [2, 14, 1.71429, 12.57143], "rotation": 90, "texture": "#3"},
				"down": {"uv": [3.71429, 12.57143, 3.42857, 14], "rotation": 270, "texture": "#3"}
			}
		},
		{
			"from": [7.25, 1.24329, 7.44316],
			"to": [8.75, 13.99329, 7.91816],
			"rotation": {"angle": 0, "axis": "y", "origin": [8.5, 2.74329, 7.41816]},
			"faces": {
				"north": {"uv": [1.14286, 0, 2, 7.28571], "texture": "#3"},
				"east": {"uv": [4, 3.42857, 4.28571, 10.71429], "texture": "#3"},
				"south": {"uv": [0, 0, 0.85714, 7.28571], "texture": "#3"},
				"west": {"uv": [4.57143, 3.42857, 4.85714, 10.71429], "texture": "#3"}
			}
		},
		{
			"from": [10.56752, 9.16502, 7.43066],
			"to": [11.56752, 9.91502, 7.93066],
			"rotation": {"angle": 22.5, "axis": "z", "origin": [11.46752, 9.39002, 7.68066]},
			"faces": {
				"north": {"uv": [13.14286, 8, 13.71429, 8.42857], "texture": "#3"},
				"east": {"uv": [4, 14.28571, 4.28571, 14.71429], "texture": "#3"},
				"south": {"uv": [8, 13.14286, 8.57143, 13.57143], "texture": "#3"},
				"west": {"uv": [14.28571, 4, 14.57143, 4.42857], "texture": "#3"},
				"up": {"uv": [12.28571, 14.28571, 12, 13.71429], "rotation": 90, "texture": "#3"},
				"down": {"uv": [14, 12, 13.71429, 12.57143], "rotation": 270, "texture": "#3"}
			}
		},
		{
			"from": [7.46421, 9.9097, 7.08066],
			"to": [9.36421, 11.8097, 7.28066],
			"rotation": {"angle": 45, "axis": "z", "origin": [9.41421, 9.8597, 7.13066]},
			"faces": {
				"north": {"uv": [8, 2.28571, 9.14286, 3.42857], "texture": "#3"},
				"east": {"uv": [12.57143, 13.71429, 12.71429, 14.85714], "texture": "#3"},
				"west": {"uv": [13.71429, 12.57143, 13.85714, 13.71429], "texture": "#3"},
				"up": {"uv": [13.28571, 14.85714, 13.14286, 13.71429], "rotation": 90, "texture": "#3"},
				"down": {"uv": [13.85714, 13.71429, 13.71429, 14.85714], "rotation": 270, "texture": "#3"}
			}
		},
		{
			"from": [4.1199, 15.28897, 7.40544],
			"to": [4.68435, 16.10341, 7.96988],
			"rotation": {"angle": 45, "axis": "z", "origin": [4.65725, 15.10214, 7.68766]},
			"faces": {
				"north": {"uv": [14.57143, 0.57143, 14.28571, 1], "texture": "#3"},
				"east": {"uv": [0.85714, 14.28571, 0.57143, 14.71429], "texture": "#3"},
				"south": {"uv": [14.57143, 0, 14.28571, 0.42857], "texture": "#3"},
				"west": {"uv": [0.28571, 14.28571, 0, 14.71429], "texture": "#3"},
				"up": {"uv": [4.85714, 14.28571, 4.57143, 14.57143], "rotation": 90, "texture": "#3"}
			}
		},
		{
			"from": [4.24486, 14.5248, 7.33096],
			"to": [5.20826, 15.2382, 8.04436],
			"rotation": {"angle": -22.5, "axis": "z", "origin": [4.90725, 15.00214, 7.68766]},
			"faces": {
				"north": {"uv": [13.71429, 5.14286, 13.14286, 5.57143], "texture": "#3"},
				"south": {"uv": [13.71429, 4.57143, 13.14286, 5], "texture": "#3"},
				"west": {"uv": [14.14286, 2.28571, 13.71429, 2.71429], "texture": "#3"},
				"up": {"uv": [13.57143, 5.71429, 13.14286, 6.28571], "rotation": 90, "texture": "#3"},
				"down": {"uv": [6.71429, 13.71429, 6.28571, 13.14286], "rotation": 270, "texture": "#3"}
			}
		},
		{
			"from": [4.98432, 14.41587, 7.25266],
			"to": [5.85432, 15.28587, 8.12266],
			"rotation": {"angle": 0, "axis": "y", "origin": [4.90725, 15.00214, 7.68766]},
			"faces": {
				"north": {"uv": [14.14286, 0, 13.71429, 0.42857], "texture": "#3"},
				"east": {"uv": [0.42857, 13.71429, 0, 14.14286], "texture": "#3"},
				"south": {"uv": [13.57143, 13.14286, 13.14286, 13.57143], "texture": "#3"},
				"west": {"uv": [13.57143, 12.57143, 13.14286, 13], "texture": "#3"},
				"up": {"uv": [14.14286, 1.71429, 13.71429, 2.14286], "rotation": 90, "texture": "#3"},
				"down": {"uv": [2.71429, 14.14286, 2.28571, 13.71429], "rotation": 270, "texture": "#3"}
			}
		},
		{
			"from": [5.225, 12.6847, 7.18066],
			"to": [6.725, 14.6847, 8.18066],
			"rotation": {"angle": 45, "axis": "z", "origin": [5.225, 14.6847, 7.18066]},
			"faces": {
				"north": {"uv": [8.85714, 5.71429, 8, 6.85714], "texture": "#3"},
				"east": {"uv": [10.85714, 1.14286, 10.28571, 2.28571], "texture": "#3"},
				"south": {"uv": [6, 8, 5.14286, 9.14286], "texture": "#3"},
				"west": {"uv": [1.71429, 10.28571, 1.14286, 11.42857], "texture": "#3"},
				"up": {"uv": [4, 11.42857, 3.42857, 12.28571], "rotation": 90, "texture": "#3"},
				"down": {"uv": [12, 11.14286, 11.42857, 10.28571], "rotation": 270, "texture": "#3"}
			}
		},
		{
			"from": [4.43248, 9.16502, 7.43066],
			"to": [5.43248, 9.91502, 7.93066],
			"rotation": {"angle": -22.5, "axis": "z", "origin": [4.53248, 9.39002, 7.68066]},
			"faces": {
				"north": {"uv": [13.71429, 8, 13.14286, 8.42857], "texture": "#3"},
				"east": {"uv": [14.57143, 4, 14.28571, 4.42857], "texture": "#3"},
				"south": {"uv": [8.57143, 13.14286, 8, 13.57143], "texture": "#3"},
				"west": {"uv": [4.28571, 14.28571, 4, 14.71429], "texture": "#3"},
				"up": {"uv": [12.28571, 13.71429, 12, 14.28571], "rotation": 90, "texture": "#3"},
				"down": {"uv": [14, 12.57143, 13.71429, 12], "rotation": 270, "texture": "#3"}
			}
		},
		{
			"from": [6.28417, 1.7004, 7.45316],
			"to": [8.78417, 3.2004, 7.90816],
			"rotation": {"angle": -45, "axis": "z", "origin": [7.03417, 3.4504, 7.67816]},
			"faces": {
				"north": {"uv": [9.42857, 4.57143, 8, 5.42857], "texture": "#3"},
				"east": {"uv": [7.71429, 13.14286, 7.42857, 14], "texture": "#3"},
				"south": {"uv": [9.42857, 3.42857, 8, 4.28571], "texture": "#3"},
				"west": {"uv": [13.42857, 6.85714, 13.14286, 7.71429], "texture": "#3"},
				"up": {"uv": [2, 12.57143, 1.71429, 14], "rotation": 90, "texture": "#3"},
				"down": {"uv": [3.71429, 14, 3.42857, 12.57143], "rotation": 270, "texture": "#3"}
			}
		},
		{
			"from": [5.26641, 2.74329, 7.45566],
			"to": [7.76641, 8.74329, 7.90566],
			"rotation": {"angle": 0, "axis": "x", "origin": [6.76641, 7.24329, 7.68066]},
			"faces": {
				"north": {"uv": [3.71429, 3.42857, 2.28571, 6.85714], "texture": "#3"},
				"south": {"uv": [3.71429, 0, 2.28571, 3.42857], "texture": "#3"},
				"west": {"uv": [3.71429, 6.85714, 3.42857, 10.28571], "texture": "#3"}
			}
		},
		{
			"from": [5.24424, 8.09552, 7.45316],
			"to": [8.24424, 9.09552, 7.90816],
			"rotation": {"angle": -22.5, "axis": "z", "origin": [6.99424, 9.09552, 7.67816]},
			"faces": {
				"north": {"uv": [8, 8.57143, 6.28571, 9.14286], "texture": "#3"},
				"east": {"uv": [11.71429, 13.71429, 11.42857, 14.28571], "texture": "#3"},
				"south": {"uv": [1.71429, 8.57143, 0, 9.14286], "texture": "#3"},
				"west": {"uv": [11.14286, 13.71429, 10.85714, 14.28571], "texture": "#3"},
				"up": {"uv": [12.28571, 12, 12, 13.71429], "rotation": 90, "texture": "#3"},
				"down": {"uv": [1.42857, 14.28571, 1.14286, 12.57143], "rotation": 270, "texture": "#3"}
			}
		},
		{
			"from": [5.23359, 11.62611, 7.45566],
			"to": [7.73359, 14.62611, 7.90566],
			"rotation": {"angle": 0, "axis": "x", "origin": [6.23359, 13.12611, 7.68066]},
			"faces": {
				"north": {"uv": [5.42857, 1.71429, 4, 3.42857], "texture": "#3"},
				"south": {"uv": [5.42857, 0, 4, 1.71429], "texture": "#3"},
				"west": {"uv": [6, 12, 5.71429, 13.71429], "texture": "#3"}
			}
		},
		{
			"from": [4.75576, 11.27387, 7.45316],
			"to": [7.75576, 12.27387, 7.90816],
			"rotation": {"angle": -22.5, "axis": "z", "origin": [6.00576, 11.27387, 7.67816]},
			"faces": {
				"north": {"uv": [9.71429, 8, 8, 8.57143], "texture": "#3"},
				"east": {"uv": [10.57143, 13.71429, 10.28571, 14.28571], "texture": "#3"},
				"south": {"uv": [8, 8, 6.28571, 8.57143], "texture": "#3"},
				"west": {"uv": [10, 13.71429, 9.71429, 14.28571], "texture": "#3"},
				"up": {"uv": [4.85714, 12, 4.57143, 13.71429], "rotation": 90, "texture": "#3"},
				"down": {"uv": [5.42857, 13.71429, 5.14286, 12], "rotation": 270, "texture": "#3"}
			}
		},
		{
			"from": [4.43248, 12.06502, 7.43066],
			"to": [5.43248, 12.81502, 7.93066],
			"rotation": {"angle": -22.5, "axis": "z", "origin": [4.53248, 12.29002, 7.68066]},
			"faces": {
				"north": {"uv": [7.42857, 13.14286, 6.85714, 13.57143], "texture": "#3"},
				"east": {"uv": [14.57143, 3.42857, 14.28571, 3.85714], "texture": "#3"},
				"south": {"uv": [13.71429, 6.28571, 13.14286, 6.71429], "texture": "#3"},
				"west": {"uv": [3.71429, 14.28571, 3.42857, 14.71429], "texture": "#3"},
				"up": {"uv": [8.85714, 13.71429, 8.57143, 14.28571], "rotation": 90, "texture": "#3"},
				"down": {"uv": [9.42857, 14.28571, 9.14286, 13.71429], "rotation": 270, "texture": "#3"}
			}
		},
		{
			"from": [4.1859, 9.06517, 7.67316],
			"to": [5.4359, 12.56517, 7.70316],
			"rotation": {"angle": -45, "axis": "y", "origin": [4.8184, 10.81517, 7.68066]},
			"faces": {
				"north": {"uv": [7.57143, 2.28571, 6.85714, 4.28571], "texture": "#3"},
				"south": {"uv": [3, 6.85714, 2.28571, 8.85714], "texture": "#3"}
			}
		},
		{
			"from": [4.8109, 9.06517, 7.04816],
			"to": [4.8409, 12.56517, 8.29816],
			"rotation": {"angle": -45, "axis": "y", "origin": [4.8184, 10.81517, 7.68066]},
			"faces": {
				"east": {"uv": [7.57143, 0, 6.85714, 2], "texture": "#3"},
				"west": {"uv": [6.42857, 0, 5.71429, 2], "texture": "#3"}
			}
		},
		{
			"from": [10.9891, 12.06517, 7.67316],
			"to": [12.2391, 15.56517, 7.70316],
			"rotation": {"angle": -22.5, "axis": "z", "origin": [11.6066, 13.81517, 7.68066]},
			"faces": {
				"north": {"uv": [6.85714, 2.28571, 7.57143, 4.28571], "texture": "#3"},
				"south": {"uv": [2.28571, 6.85714, 3, 8.85714], "texture": "#3"}
			}
		},
		{
			"from": [11.5841, 12.06517, 7.04816],
			"to": [11.6141, 15.56517, 8.29816],
			"rotation": {"angle": -22.5, "axis": "z", "origin": [11.6066, 13.81517, 7.68066]},
			"faces": {
				"east": {"uv": [5.71429, 0, 6.42857, 2], "texture": "#3"},
				"west": {"uv": [6.85714, 0, 7.57143, 2], "texture": "#3"}
			}
		},
		{
			"from": [3.7609, 12.06517, 7.67316],
			"to": [5.0109, 15.56517, 7.70316],
			"rotation": {"angle": 22.5, "axis": "z", "origin": [4.3934, 13.81517, 7.68066]},
			"faces": {
				"north": {"uv": [7.57143, 2.28571, 6.85714, 4.28571], "texture": "#3"},
				"south": {"uv": [3, 6.85714, 2.28571, 8.85714], "texture": "#3"}
			}
		},
		{
			"from": [4.3859, 12.06517, 7.04816],
			"to": [4.4159, 15.56517, 8.29816],
			"rotation": {"angle": 22.5, "axis": "z", "origin": [4.3934, 13.81517, 7.68066]},
			"faces": {
				"east": {"uv": [7.57143, 0, 6.85714, 2], "texture": "#3"},
				"west": {"uv": [6.42857, 0, 5.71429, 2], "texture": "#3"}
			}
		}
	],
	"gui_light": "front",
	"display": {
		"thirdperson_righthand": {
			"rotation": [0, -60, 0],
			"translation": [2.25, -2.5, -0.25]
		},
		"thirdperson_lefthand": {
			"rotation": [0, -60, 0],
			"translation": [2.25, -2.5, -0.25]
		},
		"firstperson_righthand": {
			"rotation": [0, 0, 7],
			"translation": [-0.25, 1.25, 3.25]
		},
		"firstperson_lefthand": {
			"rotation": [0, 0, 7],
			"translation": [-0.25, 1.25, 3.25]
		},
		"ground": {
			"rotation": [45, 0, 0],
			"translation": [0, 4.5, 0],
			"scale": [0.6, 0.6, 0.6]
		},
		"gui": {
			"rotation": [0, 180, -45],
			"translation": [1, -1, 0]
		},
		"fixed": {
			"translation": [0, -2, -3],
			"scale": [2.5, 2.5, 2.5]
		}
	},
	"groups": [
		{
			"name": "shield",
			"origin": [8, 13.95547, 11.6066],
			"color": 0,
			"boneType": "",
			"children": [
				0,
				1,
				2,
				3,
				4,
				5,
				6,
				7,
				8,
				9,
				10,
				11,
				12,
				13,
				14,
				15,
				16,
				17,
				18,
				19,
				20,
				21,
				22,
				23,
				24,
				25,
				26,
				27,
				28,
				29,
				30,
				31,
				32,
				33,
				34,
				35,
				36,
				37,
				38,
				39,
				40,
				41,
				42,
				43,
				44,
				45,
				46,
				47,
				48,
				49,
				50,
				51,
				52,
				53,
				54,
				55,
				56,
				57,
				58,
				59,
				60,
				61
			]
		}
	]
}