{
	"credit": "Made by PolygonMC",
	"texture_size": [24, 24],
	"textures": {
		"1": "infernoset/animations/animations_2",
		"2": "infernoset/staff",
		"particle": "infernoset/animations/animations_2"
	},
	"elements": [
		{
			"from": [7.4, 0.2, 8],
			"to": [8.6, 1.7, 9.5],
			"rotation": {"angle": -45, "axis": "x", "origin": [7.5, 0.2, 8]},
			"faces": {
				"north": {"uv": [10, 2.66667, 10.83333, 3.66667], "texture": "#2"},
				"east": {"uv": [8, 8, 9, 9], "texture": "#2"},
				"south": {"uv": [0, 10.66667, 0.83333, 11.66667], "texture": "#2"},
				"west": {"uv": [0, 9.33333, 1, 10.33333], "texture": "#2"},
				"up": {"uv": [11.5, 1, 10.66667, 0], "texture": "#2"},
				"down": {"uv": [11.5, 1.33333, 10.66667, 2.33333], "texture": "#2"}
			}
		},
		{
			"from": [7.15, 0.45, 8.25],
			"to": [8.85, 1.45, 9.25],
			"rotation": {"angle": -45, "axis": "x", "origin": [7.5, 0.2, 8]},
			"faces": {
				"north": {"uv": [2.66667, 10.66667, 3.83333, 11.33333], "texture": "#2"},
				"east": {"uv": [3.33333, 12, 4, 12.66667], "texture": "#2"},
				"south": {"uv": [4, 10.66667, 5.16667, 11.33333], "texture": "#2"},
				"west": {"uv": [12, 3.33333, 12.66667, 4], "texture": "#2"},
				"up": {"uv": [11.83333, 4.66667, 10.66667, 4], "texture": "#2"},
				"down": {"uv": [11.83333, 4.66667, 10.66667, 5.33333], "texture": "#2"}
			}
		},
		{
			"from": [7.75, 0.76066, 6.45723],
			"to": [8.25, 1.76066, 7.45723],
			"rotation": {"angle": 45, "axis": "x", "origin": [8, 1.26066, 6.95723]},
			"faces": {
				"north": {"uv": [9.33333, 13.33333, 9.66667, 14], "texture": "#2"},
				"east": {"uv": [4, 12, 4.66667, 12.66667], "texture": "#2"},
				"south": {"uv": [13.33333, 9.33333, 13.66667, 10], "texture": "#2"},
				"west": {"uv": [12, 4, 12.66667, 4.66667], "texture": "#2"},
				"up": {"uv": [11, 14, 10.66667, 13.33333], "texture": "#2"},
				"down": {"uv": [13.66667, 10.66667, 13.33333, 11.33333], "texture": "#2"}
			}
		},
		{
			"from": [7.75, -0.30711, 7.5],
			"to": [8.25, 0.69289, 8.5],
			"rotation": {"angle": 45, "axis": "x", "origin": [8, 0.19289, 8]},
			"faces": {
				"north": {"uv": [11.33333, 13.33333, 11.66667, 14], "texture": "#2"},
				"east": {"uv": [12, 4.66667, 12.66667, 5.33333], "texture": "#2"},
				"south": {"uv": [13.33333, 11.33333, 13.66667, 12], "texture": "#2"},
				"west": {"uv": [5.33333, 12, 6, 12.66667], "texture": "#2"},
				"up": {"uv": [13.66667, 12.66667, 13.33333, 12], "texture": "#2"},
				"down": {"uv": [13, 13.33333, 12.66667, 14], "texture": "#2"}
			}
		},
		{
			"from": [7.75, 0.76066, 8.54277],
			"to": [8.25, 1.76066, 9.54277],
			"rotation": {"angle": -45, "axis": "x", "origin": [8, 1.26066, 9.04277]},
			"faces": {
				"north": {"uv": [13.33333, 12.66667, 13.66667, 13.33333], "texture": "#2"},
				"east": {"uv": [12, 5.33333, 12.66667, 6], "texture": "#2"},
				"south": {"uv": [13.33333, 13.33333, 13.66667, 14], "texture": "#2"},
				"west": {"uv": [6, 12, 6.66667, 12.66667], "texture": "#2"},
				"up": {"uv": [0.33333, 14.66667, 0, 14], "texture": "#2"},
				"down": {"uv": [14.33333, 0, 14, 0.66667], "texture": "#2"}
			}
		},
		{
			"from": [7.5, 1.82132, 7.5],
			"to": [8.5, 2.82132, 8.5],
			"rotation": {"angle": 0, "axis": "y", "origin": [7.5, 1.82132, 7.5]},
			"faces": {
				"north": {"uv": [12, 6, 12.66667, 6.66667], "texture": "#2"},
				"east": {"uv": [6.66667, 12, 7.33333, 12.66667], "texture": "#2"},
				"south": {"uv": [12, 6.66667, 12.66667, 7.33333], "texture": "#2"},
				"west": {"uv": [7.33333, 12, 8, 12.66667], "texture": "#2"}
			}
		},
		{
			"from": [7.5, 7.02132, 7.5],
			"to": [8.5, 8.02132, 8.5],
			"rotation": {"angle": 0, "axis": "y", "origin": [7.5, 2.02132, 7.5]},
			"faces": {
				"north": {"uv": [12, 7.33333, 12.66667, 8], "texture": "#2"},
				"east": {"uv": [8, 12, 8.66667, 12.66667], "texture": "#2"},
				"south": {"uv": [12, 8, 12.66667, 8.66667], "texture": "#2"},
				"west": {"uv": [8.66667, 12, 9.33333, 12.66667], "texture": "#2"}
			}
		},
		{
			"from": [7.5, 17.22132, 7.5],
			"to": [8.5, 18.22132, 8.5],
			"rotation": {"angle": 0, "axis": "y", "origin": [7.5, 17.22132, 7.5]},
			"faces": {
				"north": {"uv": [12, 8.66667, 12.66667, 9.33333], "texture": "#2"},
				"east": {"uv": [9.33333, 12, 10, 12.66667], "texture": "#2"},
				"south": {"uv": [12, 9.33333, 12.66667, 10], "texture": "#2"},
				"west": {"uv": [10, 12, 10.66667, 12.66667], "texture": "#2"}
			}
		},
		{
			"from": [7.5, 12.02132, 7.5],
			"to": [8.5, 13.02132, 8.5],
			"rotation": {"angle": 0, "axis": "y", "origin": [7.5, 6.02132, 7.5]},
			"faces": {
				"north": {"uv": [12, 10, 12.66667, 10.66667], "texture": "#2"},
				"east": {"uv": [10.66667, 12, 11.33333, 12.66667], "texture": "#2"},
				"south": {"uv": [12, 11.33333, 12.66667, 12], "texture": "#2"},
				"west": {"uv": [12, 12, 12.66667, 12.66667], "texture": "#2"}
			}
		},
		{
			"from": [7.6, 8.52132, 7.6],
			"to": [8.4, 11.52132, 8.4],
			"rotation": {"angle": 45, "axis": "y", "origin": [8, 9.52132, 8]},
			"faces": {
				"north": {"uv": [9.33333, 0, 9.83333, 2], "texture": "#2"},
				"east": {"uv": [1.33333, 9.33333, 1.83333, 11.33333], "texture": "#2"},
				"south": {"uv": [2, 9.33333, 2.5, 11.33333], "texture": "#2"},
				"west": {"uv": [9.33333, 2, 9.83333, 4], "texture": "#2"},
				"up": {"uv": [13.83333, 5.83333, 13.33333, 5.33333], "texture": "#2"},
				"down": {"uv": [6.5, 13.33333, 6, 13.83333], "texture": "#2"}
			}
		},
		{
			"from": [7.35, 8.02132, 7.35],
			"to": [8.65, 8.52132, 8.65],
			"rotation": {"angle": 0, "axis": "y", "origin": [7.5, 8.02132, 7.5]},
			"faces": {
				"north": {"uv": [2, 13.33333, 2.83333, 13.66667], "texture": "#2"},
				"east": {"uv": [13.33333, 2, 14.16667, 2.33333], "texture": "#2"},
				"south": {"uv": [13.33333, 2.66667, 14.16667, 3], "texture": "#2"},
				"west": {"uv": [3.33333, 13.33333, 4.16667, 13.66667], "texture": "#2"},
				"up": {"uv": [6.16667, 11.5, 5.33333, 10.66667], "texture": "#2"},
				"down": {"uv": [11.5, 5.33333, 10.66667, 6.16667], "texture": "#2"}
			}
		},
		{
			"from": [7.35, 11.52132, 7.35],
			"to": [8.65, 12.02132, 8.65],
			"rotation": {"angle": 0, "axis": "y", "origin": [7.5, 11.52132, 7.5]},
			"faces": {
				"north": {"uv": [13.33333, 3.33333, 14.16667, 3.66667], "texture": "#2"},
				"east": {"uv": [13.33333, 4, 14.16667, 4.33333], "texture": "#2"},
				"south": {"uv": [4.66667, 13.33333, 5.5, 13.66667], "texture": "#2"},
				"west": {"uv": [13.33333, 4.66667, 14.16667, 5], "texture": "#2"},
				"up": {"uv": [7.5, 11.5, 6.66667, 10.66667], "texture": "#2"},
				"down": {"uv": [11.5, 6.66667, 10.66667, 7.5], "texture": "#2"}
			}
		},
		{
			"from": [7.75, 18.15, 8],
			"to": [8.25, 20.15, 10],
			"rotation": {"angle": -45, "axis": "x", "origin": [7.75, 18.15, 8]},
			"faces": {
				"east": {"uv": [6.66667, 0, 8, 1.33333], "texture": "#2"},
				"south": {"uv": [0, 12.66667, 0.33333, 14], "texture": "#2"},
				"west": {"uv": [1.33333, 6.66667, 2.66667, 8], "texture": "#2"},
				"up": {"uv": [1, 14, 0.66667, 12.66667], "texture": "#2"}
			}
		},
		{
			"from": [7.5, 16.825, 5.225],
			"to": [8.5, 18.825, 6.725],
			"rotation": {"angle": -45, "axis": "x", "origin": [7.5, 18.825, 5.225]},
			"faces": {
				"north": {"uv": [10, 0, 10.66667, 1.33333], "texture": "#2"},
				"east": {"uv": [1.33333, 8, 2.33333, 9.33333], "texture": "#2"},
				"south": {"uv": [10, 1.33333, 10.66667, 2.66667], "texture": "#2"},
				"west": {"uv": [8, 1.33333, 9, 2.66667], "texture": "#2"},
				"up": {"uv": [11.33333, 11.66667, 10.66667, 10.66667], "texture": "#2"},
				"down": {"uv": [2, 11.33333, 1.33333, 12.33333], "texture": "#2"}
			}
		},
		{
			"from": [7.3675, 19.19786, 4.69917],
			"to": [8.6175, 22.69786, 4.72917],
			"rotation": {"angle": 22.5, "axis": "x", "origin": [8, 21.04786, 4.70667]},
			"faces": {
				"north": {"uv": [5.33333, 0, 6.16667, 2.33333], "texture": "#2"},
				"south": {"uv": [5.33333, 2.66667, 6.16667, 5], "texture": "#2"}
			}
		},
		{
			"from": [7.9925, 19.19786, 4.07417],
			"to": [8.0225, 22.69786, 5.32417],
			"rotation": {"angle": 22.5, "axis": "x", "origin": [8, 21.04786, 4.70667]},
			"faces": {
				"east": {"uv": [5.33333, 5.33333, 6.16667, 7.66667], "texture": "#2"},
				"west": {"uv": [0, 6.66667, 0.83333, 9], "texture": "#2"}
			}
		},
		{
			"from": [7.4, 17.81066, 7],
			"to": [8.6, 19.81066, 9],
			"rotation": {"angle": -45, "axis": "x", "origin": [8, 18.81066, 8]},
			"faces": {
				"north": {"uv": [5.33333, 8, 6.16667, 9.33333], "texture": "#2"},
				"east": {"uv": [6.66667, 1.33333, 8, 2.66667], "texture": "#2"},
				"south": {"uv": [8, 5.33333, 8.83333, 6.66667], "texture": "#2"},
				"west": {"uv": [2.66667, 6.66667, 4, 8], "texture": "#2"},
				"up": {"uv": [7.5, 9.33333, 6.66667, 8], "texture": "#2"},
				"down": {"uv": [8.83333, 6.66667, 8, 8], "texture": "#2"}
			}
		},
		{
			"from": [7.4, 2.82132, 7.4],
			"to": [8.6, 7.02132, 8.6],
			"rotation": {"angle": 0, "axis": "y", "origin": [7.5, 7.82132, 7.5]},
			"faces": {
				"north": {"uv": [0, 0, 0.83333, 2.83333], "texture": "#2"},
				"east": {"uv": [1.33333, 0, 2.16667, 2.83333], "texture": "#2"},
				"south": {"uv": [2.66667, 0, 3.5, 2.83333], "texture": "#2"},
				"west": {"uv": [0, 3.33333, 0.83333, 6.16667], "texture": "#2"},
				"up": {"uv": [8.83333, 11.5, 8, 10.66667], "texture": "#2"},
				"down": {"uv": [11.5, 8, 10.66667, 8.83333], "texture": "#2"}
			}
		},
		{
			"from": [7.4, 13.02132, 7.4],
			"to": [8.6, 17.22132, 8.6],
			"rotation": {"angle": 0, "axis": "y", "origin": [7.5, 18.02132, 7.5]},
			"faces": {
				"north": {"uv": [1.33333, 3.33333, 2.16667, 6.16667], "texture": "#2"},
				"east": {"uv": [2.66667, 3.33333, 3.5, 6.16667], "texture": "#2"},
				"south": {"uv": [4, 0, 4.83333, 2.83333], "texture": "#2"},
				"west": {"uv": [4, 3.33333, 4.83333, 6.16667], "texture": "#2"},
				"up": {"uv": [10.16667, 11.5, 9.33333, 10.66667], "texture": "#2"},
				"down": {"uv": [11.5, 9.33333, 10.66667, 10.16667], "texture": "#2"}
			}
		},
		{
			"from": [7.572, 18.55617, 4.98432],
			"to": [8.442, 19.42617, 5.85432],
			"rotation": {"angle": 0, "axis": "y", "origin": [8.007, 19.14244, 4.90725]},
			"faces": {
				"north": {"uv": [13.33333, 6, 13.83333, 6.5], "texture": "#2"},
				"east": {"uv": [6.66667, 13.33333, 7.16667, 13.83333], "texture": "#2"},
				"west": {"uv": [13.33333, 6.66667, 13.83333, 7.16667], "texture": "#2"},
				"up": {"uv": [7.83333, 13.83333, 7.33333, 13.33333], "texture": "#2"},
				"down": {"uv": [13.83333, 7.33333, 13.33333, 7.83333], "texture": "#2"}
			}
		},
		{
			"from": [7.6503, 18.6651, 4.24486],
			"to": [8.3637, 19.3785, 5.20826],
			"rotation": {"angle": 22.5, "axis": "x", "origin": [8.007, 19.14244, 4.90725]},
			"faces": {
				"north": {"uv": [8, 13.33333, 8.5, 13.83333], "texture": "#2"},
				"east": {"uv": [12.66667, 12, 13.33333, 12.5], "texture": "#2"},
				"west": {"uv": [12.66667, 12.66667, 13.33333, 13.16667], "texture": "#2"},
				"up": {"uv": [13.83333, 0.66667, 13.33333, 0], "texture": "#2"},
				"down": {"uv": [13.83333, 0.66667, 13.33333, 1.33333], "texture": "#2"}
			}
		},
		{
			"from": [7.72478, 19.42927, 4.1199],
			"to": [8.28922, 20.24371, 4.68435],
			"rotation": {"angle": -45, "axis": "x", "origin": [8.007, 19.24244, 4.65725]},
			"faces": {
				"north": {"uv": [2, 14, 2.33333, 14.5], "texture": "#2"},
				"east": {"uv": [2.66667, 14, 3, 14.5], "texture": "#2"},
				"south": {"uv": [3.33333, 14, 3.66667, 14.5], "texture": "#2"},
				"west": {"uv": [4, 14, 4.33333, 14.5], "texture": "#2"},
				"up": {"uv": [14.33333, 8.33333, 14, 8], "texture": "#2"}
			}
		},
		{
			"from": [7.15, 17.65, 8.25],
			"to": [8.85, 19.15, 9.75],
			"rotation": {"angle": -45, "axis": "x", "origin": [7.5, 17.4, 8]},
			"faces": {
				"north": {"uv": [2.66667, 8, 3.83333, 9], "texture": "#2"},
				"east": {"uv": [2.66667, 9.33333, 3.66667, 10.33333], "texture": "#2"},
				"south": {"uv": [8, 2.66667, 9.16667, 3.66667], "texture": "#2"},
				"west": {"uv": [4, 9.33333, 5, 10.33333], "texture": "#2"},
				"up": {"uv": [5.16667, 9, 4, 8], "texture": "#2"},
				"down": {"uv": [9.16667, 4, 8, 5], "texture": "#2"}
			}
		},
		{
			"from": [6.25, 16.36548, 7.25],
			"to": [7.25, 17.86548, 8.75],
			"rotation": {"angle": -22.5, "axis": "z", "origin": [6.5, 18.11548, 8]},
			"faces": {
				"north": {"uv": [2, 11.33333, 2.66667, 12.33333], "texture": "#2"},
				"east": {"uv": [9.33333, 4, 10.33333, 5], "texture": "#2"},
				"south": {"uv": [2.66667, 11.33333, 3.33333, 12.33333], "texture": "#2"},
				"west": {"uv": [5.33333, 9.33333, 6.33333, 10.33333], "texture": "#2"},
				"down": {"uv": [12, 2.66667, 11.33333, 3.66667], "texture": "#2"}
			}
		},
		{
			"from": [5.25, 17.86548, 7],
			"to": [7.25, 19.86548, 9],
			"rotation": {"angle": -22.5, "axis": "z", "origin": [6.5, 18.11548, 8]},
			"faces": {
				"north": {"uv": [6.66667, 2.66667, 8, 4], "texture": "#2"},
				"east": {"uv": [4, 6.66667, 5.33333, 8], "texture": "#2"},
				"south": {"uv": [6.66667, 4, 8, 5.33333], "texture": "#2"},
				"west": {"uv": [6.66667, 5.33333, 8, 6.66667], "texture": "#2"},
				"up": {"uv": [8, 8, 6.66667, 6.66667], "texture": "#2"},
				"down": {"uv": [9.33333, 0, 8, 1.33333], "texture": "#2"}
			}
		},
		{
			"from": [6.02841, 19.40933, 5.99718],
			"to": [7.02841, 20.40933, 7.49718],
			"rotation": {"angle": -22.5, "axis": "z", "origin": [6.0658, 19.91003, 6.07198]},
			"faces": {
				"north": {"uv": [12.66667, 0.66667, 13.33333, 1.33333], "texture": "#2"},
				"east": {"uv": [3.33333, 11.33333, 4.33333, 12], "texture": "#2"},
				"south": {"uv": [1.33333, 12.66667, 2, 13.33333], "texture": "#2"},
				"west": {"uv": [11.33333, 10.66667, 12.33333, 11.33333], "texture": "#2"},
				"up": {"uv": [5.33333, 12.33333, 4.66667, 11.33333], "texture": "#2"},
				"down": {"uv": [12, 11.33333, 11.33333, 12.33333], "texture": "#2"}
			}
		},
		{
			"from": [6.03609, 19.51933, 5.10818],
			"to": [6.81609, 20.29933, 6.27818],
			"rotation": {"angle": -22.5, "axis": "z", "origin": [6.0658, 19.91003, 6.07198]},
			"faces": {
				"north": {"uv": [8.66667, 13.33333, 9.16667, 13.83333], "texture": "#2"},
				"east": {"uv": [12.66667, 8, 13.5, 8.5], "texture": "#2"},
				"west": {"uv": [8.66667, 12.66667, 9.5, 13.16667], "texture": "#2"},
				"up": {"uv": [13.16667, 9.5, 12.66667, 8.66667], "texture": "#2"},
				"down": {"uv": [10.5, 12.66667, 10, 13.5], "texture": "#2"}
			}
		},
		{
			"from": [5.17029, 19.62213, 5.10818],
			"to": [6.03609, 20.19933, 5.68538],
			"rotation": {"angle": -22.5, "axis": "z", "origin": [6.0658, 19.91003, 6.07198]},
			"faces": {
				"north": {"uv": [4.66667, 14, 5.16667, 14.33333], "texture": "#2"},
				"south": {"uv": [5.33333, 14, 5.83333, 14.33333], "texture": "#2"},
				"west": {"uv": [8.66667, 14, 9, 14.33333], "texture": "#2"},
				"up": {"uv": [14.5, 5.66667, 14, 5.33333], "texture": "#2"},
				"down": {"uv": [6.5, 14, 6, 14.33333], "texture": "#2"}
			}
		},
		{
			"from": [6.20769, 19.31204, 8.50282],
			"to": [7.20769, 20.31204, 10.00282],
			"rotation": {"angle": -22.5, "axis": "z", "origin": [6.4, 20.31204, 10.09986]},
			"faces": {
				"north": {"uv": [12.66667, 1.33333, 13.33333, 2], "texture": "#2"},
				"east": {"uv": [0, 12, 1, 12.66667], "texture": "#2"},
				"south": {"uv": [2, 12.66667, 2.66667, 13.33333], "texture": "#2"},
				"west": {"uv": [12, 0, 13, 0.66667], "texture": "#2"},
				"up": {"uv": [12.66667, 1.66667, 12, 0.66667], "texture": "#2"},
				"down": {"uv": [12.66667, 2, 12, 3], "texture": "#2"}
			}
		},
		{
			"from": [6.21537, 19.42204, 9.72182],
			"to": [6.99537, 20.20204, 10.89182],
			"rotation": {"angle": -22.5, "axis": "z", "origin": [6.4, 20.31204, 10.09986]},
			"faces": {
				"east": {"uv": [12.66667, 10, 13.5, 10.5], "texture": "#2"},
				"south": {"uv": [13.33333, 8.66667, 13.83333, 9.16667], "texture": "#2"},
				"west": {"uv": [10.66667, 12.66667, 11.5, 13.16667], "texture": "#2"},
				"up": {"uv": [13.16667, 11.5, 12.66667, 10.66667], "texture": "#2"},
				"down": {"uv": [12.5, 12.66667, 12, 13.5], "texture": "#2"}
			}
		},
		{
			"from": [5.36919, 19.42068, 10.31462],
			"to": [6.23499, 19.99788, 10.89182],
			"rotation": {"angle": -22.5, "axis": "z", "origin": [6.67164, 20.30928, 10.09381]},
			"faces": {
				"north": {"uv": [14, 6, 14.5, 6.33333], "texture": "#2"},
				"south": {"uv": [6.66667, 14, 7.16667, 14.33333], "texture": "#2"},
				"west": {"uv": [14, 8.66667, 14.33333, 9], "texture": "#2"},
				"up": {"uv": [14.5, 7, 14, 6.66667], "texture": "#2"},
				"down": {"uv": [7.83333, 14, 7.33333, 14.33333], "texture": "#2"}
			}
		},
		{
			"from": [5.5724, 16.07983, 7.5],
			"to": [5.6024, 16.57983, 8.5],
			"rotation": {"angle": -22.5, "axis": "z", "origin": [5.5474, 16.14233, 7.75]},
			"faces": {
				"east": {"uv": [0.66667, 14, 1.33333, 14.33333], "texture": "#2"},
				"west": {"uv": [14, 0.66667, 14.66667, 1], "texture": "#2"}
			}
		},
		{
			"from": [7.75, 22.13067, 4.77753],
			"to": [8.25, 22.88067, 5.77753],
			"rotation": {"angle": 0, "axis": "y", "origin": [7.75, 22.63067, 4.27753]},
			"faces": {
				"north": {"uv": [14, 7.33333, 14.33333, 7.83333], "texture": "#2"},
				"east": {"uv": [1.33333, 13.33333, 2, 13.83333], "texture": "#2"},
				"south": {"uv": [8, 14, 8.33333, 14.5], "texture": "#2"},
				"west": {"uv": [13.33333, 1.33333, 14, 1.83333], "texture": "#2"},
				"up": {"uv": [1.66667, 14.66667, 1.33333, 14], "texture": "#2"},
				"down": {"uv": [14.33333, 1.33333, 14, 2], "texture": "#2"}
			}
		},
		{
			"from": [7.5, 16.825, 9.275],
			"to": [8.5, 18.825, 10.775],
			"rotation": {"angle": 45, "axis": "x", "origin": [7.5, 18.825, 10.775]},
			"faces": {
				"north": {"uv": [10.66667, 1.33333, 10, 2.66667], "texture": "#2"},
				"east": {"uv": [2.33333, 8, 1.33333, 9.33333], "texture": "#2"},
				"south": {"uv": [10.66667, 0, 10, 1.33333], "texture": "#2"},
				"west": {"uv": [9, 1.33333, 8, 2.66667], "texture": "#2"},
				"up": {"uv": [11.33333, 10.66667, 10.66667, 11.66667], "texture": "#2"},
				"down": {"uv": [2, 12.33333, 1.33333, 11.33333], "texture": "#2"}
			}
		},
		{
			"from": [7.572, 18.55617, 10.14568],
			"to": [8.442, 19.42617, 11.01568],
			"rotation": {"angle": 0, "axis": "y", "origin": [8.007, 19.14244, 11.09275]},
			"faces": {
				"east": {"uv": [7.16667, 13.33333, 6.66667, 13.83333], "texture": "#2"},
				"south": {"uv": [13.83333, 6, 13.33333, 6.5], "texture": "#2"},
				"west": {"uv": [13.83333, 6.66667, 13.33333, 7.16667], "texture": "#2"},
				"up": {"uv": [7.83333, 13.33333, 7.33333, 13.83333], "texture": "#2"},
				"down": {"uv": [13.83333, 7.83333, 13.33333, 7.33333], "texture": "#2"}
			}
		},
		{
			"from": [7.6503, 18.6651, 10.79174],
			"to": [8.3637, 19.3785, 11.75514],
			"rotation": {"angle": -22.5, "axis": "x", "origin": [8.007, 19.14244, 11.09275]},
			"faces": {
				"east": {"uv": [13.33333, 12, 12.66667, 12.5], "texture": "#2"},
				"south": {"uv": [8.5, 13.33333, 8, 13.83333], "texture": "#2"},
				"west": {"uv": [13.33333, 12.66667, 12.66667, 13.16667], "texture": "#2"},
				"up": {"uv": [13.83333, 0, 13.33333, 0.66667], "texture": "#2"},
				"down": {"uv": [13.83333, 1.33333, 13.33333, 0.66667], "texture": "#2"}
			}
		},
		{
			"from": [7.72478, 19.42927, 11.31565],
			"to": [8.28922, 20.24371, 11.8801],
			"rotation": {"angle": 45, "axis": "x", "origin": [8.007, 19.24244, 11.34275]},
			"faces": {
				"north": {"uv": [3.66667, 14, 3.33333, 14.5], "texture": "#2"},
				"east": {"uv": [3, 14, 2.66667, 14.5], "texture": "#2"},
				"south": {"uv": [2.33333, 14, 2, 14.5], "texture": "#2"},
				"west": {"uv": [4.33333, 14, 4, 14.5], "texture": "#2"},
				"up": {"uv": [14.33333, 8, 14, 8.33333], "texture": "#2"}
			}
		},
		{
			"from": [7.9925, 19.19786, 10.67583],
			"to": [8.0225, 22.69786, 11.92583],
			"rotation": {"angle": -22.5, "axis": "x", "origin": [8, 21.04786, 11.29333]},
			"faces": {
				"east": {"uv": [6.16667, 5.33333, 5.33333, 7.66667], "texture": "#2"},
				"west": {"uv": [0.83333, 6.66667, 0, 9], "texture": "#2"}
			}
		},
		{
			"from": [7.3675, 19.19786, 11.27083],
			"to": [8.6175, 22.69786, 11.30083],
			"rotation": {"angle": -22.5, "axis": "x", "origin": [8, 21.04786, 11.29333]},
			"faces": {
				"north": {"uv": [6.16667, 2.66667, 5.33333, 5], "texture": "#2"},
				"south": {"uv": [6.16667, 0, 5.33333, 2.33333], "texture": "#2"}
			}
		},
		{
			"from": [7.75, 22.13067, 10.22247],
			"to": [8.25, 22.88067, 11.22247],
			"rotation": {"angle": 0, "axis": "y", "origin": [7.75, 22.63067, 11.72247]},
			"faces": {
				"north": {"uv": [8.33333, 14, 8, 14.5], "texture": "#2"},
				"east": {"uv": [2, 13.33333, 1.33333, 13.83333], "texture": "#2"},
				"south": {"uv": [14.33333, 7.33333, 14, 7.83333], "texture": "#2"},
				"west": {"uv": [14, 1.33333, 13.33333, 1.83333], "texture": "#2"},
				"up": {"uv": [1.66667, 14, 1.33333, 14.66667], "texture": "#2"},
				"down": {"uv": [14.33333, 2, 14, 1.33333], "texture": "#2"}
			}
		},
		{
			"from": [7.825, 20, 7.5],
			"to": [8.175, 21, 8.5],
			"rotation": {"angle": 0, "axis": "y", "origin": [7.825, 20, 7.5]},
			"faces": {
				"north": {"uv": [9.33333, 14, 9.5, 14.66667], "texture": "#2"},
				"east": {"uv": [12.66667, 2, 13.33333, 2.66667], "texture": "#2"},
				"south": {"uv": [14, 9.33333, 14.16667, 10], "texture": "#2"},
				"west": {"uv": [2.66667, 12.66667, 3.33333, 13.33333], "texture": "#2"},
				"up": {"uv": [10.16667, 14.66667, 10, 14], "texture": "#2"}
			}
		},
		{
			"from": [7.8385, 24.02734, 7.5],
			"to": [8.1615, 25.02734, 8.5],
			"rotation": {"angle": 0, "axis": "x", "origin": [8.0135, 23.6651, 7.72755]},
			"faces": {
				"north": {"uv": [14, 14, 14.16667, 14.66667], "texture": "#2"},
				"east": {"uv": [12.66667, 4.66667, 13.33333, 5.33333], "texture": "#2"},
				"south": {"uv": [0, 14.66667, 0.16667, 15.33333], "texture": "#2"},
				"west": {"uv": [5.33333, 12.66667, 6, 13.33333], "texture": "#2"},
				"up": {"uv": [14.83333, 0.66667, 14.66667, 0], "texture": "#2"},
				"down": {"uv": [0.83333, 14.66667, 0.66667, 15.33333], "texture": "#2"}
			}
		},
		{
			"from": [7.832, 22.20558, 5.90623],
			"to": [8.168, 23.20558, 6.90623],
			"rotation": {"angle": 22.5, "axis": "x", "origin": [8.007, 23.6651, 7.72755]},
			"faces": {
				"north": {"uv": [14, 12.66667, 14.16667, 13.33333], "texture": "#2"},
				"east": {"uv": [12.66667, 4, 13.33333, 4.66667], "texture": "#2"},
				"south": {"uv": [13.33333, 14, 13.5, 14.66667], "texture": "#2"},
				"west": {"uv": [4.66667, 12.66667, 5.33333, 13.33333], "texture": "#2"},
				"up": {"uv": [14.16667, 14, 14, 13.33333], "texture": "#2"}
			}
		},
		{
			"from": [7.8335, 24.17194, 6.60602],
			"to": [8.1665, 25.17194, 7.60602],
			"rotation": {"angle": -45, "axis": "x", "origin": [8.0085, 23.6651, 7.72755]},
			"faces": {
				"north": {"uv": [14, 11.33333, 14.16667, 12], "texture": "#2"},
				"east": {"uv": [12.66667, 3.33333, 13.33333, 4], "texture": "#2"},
				"south": {"uv": [12, 14, 12.16667, 14.66667], "texture": "#2"},
				"west": {"uv": [4, 12.66667, 4.66667, 13.33333], "texture": "#2"},
				"up": {"uv": [14.16667, 12.66667, 14, 12], "texture": "#2"},
				"down": {"uv": [12.83333, 14, 12.66667, 14.66667], "texture": "#2"}
			}
		},
		{
			"from": [7.836, 24.01073, 7.03863],
			"to": [8.164, 25.01073, 8.03863],
			"rotation": {"angle": -22.5, "axis": "x", "origin": [8.011, 23.6651, 7.72755]},
			"faces": {
				"north": {"uv": [14, 10, 14.16667, 10.66667], "texture": "#2"},
				"east": {"uv": [12.66667, 2.66667, 13.33333, 3.33333], "texture": "#2"},
				"south": {"uv": [10.66667, 14, 10.83333, 14.66667], "texture": "#2"},
				"west": {"uv": [3.33333, 12.66667, 4, 13.33333], "texture": "#2"},
				"up": {"uv": [14.16667, 11.33333, 14, 10.66667], "texture": "#2"},
				"down": {"uv": [11.5, 14, 11.33333, 14.66667], "texture": "#2"}
			}
		},
		{
			"from": [7.8285, 20.58979, 5.48633],
			"to": [8.1715, 21.58979, 6.48633],
			"rotation": {"angle": -45, "axis": "x", "origin": [8.0035, 21.80173, 6.28123]},
			"faces": {
				"north": {"uv": [3.33333, 14.66667, 3.5, 15.33333], "texture": "#2"},
				"east": {"uv": [12.66667, 6.66667, 13.33333, 7.33333], "texture": "#2"},
				"south": {"uv": [14.66667, 3.33333, 14.83333, 4], "texture": "#2"},
				"west": {"uv": [7.33333, 12.66667, 8, 13.33333], "texture": "#2"},
				"up": {"uv": [4.16667, 15.33333, 4, 14.66667], "texture": "#2"}
			}
		},
		{
			"from": [7.8275, 20.15328, 6.7294],
			"to": [8.1725, 21.15328, 7.7294],
			"rotation": {"angle": 22.5, "axis": "x", "origin": [8.0025, 20.65328, 7.2294]},
			"faces": {
				"north": {"uv": [14.66667, 4, 14.83333, 4.66667], "texture": "#2"},
				"east": {"uv": [12.66667, 7.33333, 13.33333, 8], "texture": "#2"},
				"south": {"uv": [4.66667, 14.66667, 4.83333, 15.33333], "texture": "#2"},
				"west": {"uv": [8, 12.66667, 8.66667, 13.33333], "texture": "#2"},
				"up": {"uv": [14.83333, 5.33333, 14.66667, 4.66667], "texture": "#2"},
				"down": {"uv": [5.5, 14.66667, 5.33333, 15.33333], "texture": "#2"}
			}
		},
		{
			"from": [7.831, 22.01367, 5.48633],
			"to": [8.169, 23.01367, 6.48633],
			"rotation": {"angle": 0, "axis": "x", "origin": [8.006, 21.80173, 6.28123]},
			"faces": {
				"north": {"uv": [2, 14.66667, 2.16667, 15.33333], "texture": "#2"},
				"east": {"uv": [12.66667, 6, 13.33333, 6.66667], "texture": "#2"},
				"south": {"uv": [14.66667, 2, 14.83333, 2.66667], "texture": "#2"},
				"west": {"uv": [6.66667, 12.66667, 7.33333, 13.33333], "texture": "#2"},
				"up": {"uv": [2.83333, 15.33333, 2.66667, 14.66667], "texture": "#2"},
				"down": {"uv": [14.83333, 2.66667, 14.66667, 3.33333], "texture": "#2"}
			}
		},
		{
			"from": [7.8295, 21.30173, 5.62794],
			"to": [8.1705, 22.30173, 6.62794],
			"rotation": {"angle": -22.5, "axis": "x", "origin": [8.0045, 21.80173, 6.28123]},
			"faces": {
				"north": {"uv": [14.66667, 0.66667, 14.83333, 1.33333], "texture": "#2"},
				"east": {"uv": [12.66667, 5.33333, 13.33333, 6], "texture": "#2"},
				"south": {"uv": [1.33333, 14.66667, 1.5, 15.33333], "texture": "#2"},
				"west": {"uv": [6, 12.66667, 6.66667, 13.33333], "texture": "#2"},
				"up": {"uv": [14.83333, 2, 14.66667, 1.33333], "texture": "#2"}
			}
		},
		{
			"from": [7.836, 24.01073, 7.96137],
			"to": [8.164, 25.01073, 8.96137],
			"rotation": {"angle": 22.5, "axis": "x", "origin": [8.011, 23.6651, 8.27245]},
			"faces": {
				"north": {"uv": [10.83333, 14, 10.66667, 14.66667], "texture": "#2"},
				"east": {"uv": [13.33333, 2.66667, 12.66667, 3.33333], "texture": "#2"},
				"south": {"uv": [14.16667, 10, 14, 10.66667], "texture": "#2"},
				"west": {"uv": [4, 12.66667, 3.33333, 13.33333], "texture": "#2"},
				"up": {"uv": [14.16667, 10.66667, 14, 11.33333], "texture": "#2"},
				"down": {"uv": [11.5, 14.66667, 11.33333, 14], "texture": "#2"}
			}
		},
		{
			"from": [7.8335, 24.17194, 8.39398],
			"to": [8.1665, 25.17194, 9.39398],
			"rotation": {"angle": 45, "axis": "x", "origin": [8.0085, 23.6651, 8.27245]},
			"faces": {
				"north": {"uv": [12.16667, 14, 12, 14.66667], "texture": "#2"},
				"east": {"uv": [13.33333, 3.33333, 12.66667, 4], "texture": "#2"},
				"south": {"uv": [14.16667, 11.33333, 14, 12], "texture": "#2"},
				"west": {"uv": [4.66667, 12.66667, 4, 13.33333], "texture": "#2"},
				"up": {"uv": [14.16667, 12, 14, 12.66667], "texture": "#2"},
				"down": {"uv": [12.83333, 14.66667, 12.66667, 14], "texture": "#2"}
			}
		},
		{
			"from": [7.832, 22.20558, 9.09377],
			"to": [8.168, 23.20558, 10.09377],
			"rotation": {"angle": -22.5, "axis": "x", "origin": [8.007, 23.6651, 8.27245]},
			"faces": {
				"north": {"uv": [13.5, 14, 13.33333, 14.66667], "texture": "#2"},
				"east": {"uv": [13.33333, 4, 12.66667, 4.66667], "texture": "#2"},
				"south": {"uv": [14.16667, 12.66667, 14, 13.33333], "texture": "#2"},
				"west": {"uv": [5.33333, 12.66667, 4.66667, 13.33333], "texture": "#2"},
				"up": {"uv": [14.16667, 13.33333, 14, 14], "texture": "#2"}
			}
		},
		{
			"from": [7.831, 22.01367, 9.51367],
			"to": [8.169, 23.01367, 10.51367],
			"rotation": {"angle": 0, "axis": "x", "origin": [8.006, 21.80173, 9.71877]},
			"faces": {
				"north": {"uv": [14.83333, 2, 14.66667, 2.66667], "texture": "#2"},
				"east": {"uv": [13.33333, 6, 12.66667, 6.66667], "texture": "#2"},
				"south": {"uv": [2.16667, 14.66667, 2, 15.33333], "texture": "#2"},
				"west": {"uv": [7.33333, 12.66667, 6.66667, 13.33333], "texture": "#2"},
				"up": {"uv": [2.83333, 14.66667, 2.66667, 15.33333], "texture": "#2"},
				"down": {"uv": [14.83333, 3.33333, 14.66667, 2.66667], "texture": "#2"}
			}
		},
		{
			"from": [7.8295, 21.30173, 9.37206],
			"to": [8.1705, 22.30173, 10.37206],
			"rotation": {"angle": 22.5, "axis": "x", "origin": [8.0045, 21.80173, 9.71877]},
			"faces": {
				"north": {"uv": [1.5, 14.66667, 1.33333, 15.33333], "texture": "#2"},
				"east": {"uv": [13.33333, 5.33333, 12.66667, 6], "texture": "#2"},
				"south": {"uv": [14.83333, 0.66667, 14.66667, 1.33333], "texture": "#2"},
				"west": {"uv": [6.66667, 12.66667, 6, 13.33333], "texture": "#2"},
				"up": {"uv": [14.83333, 1.33333, 14.66667, 2], "texture": "#2"}
			}
		},
		{
			"from": [7.8285, 20.58979, 9.51367],
			"to": [8.1715, 21.58979, 10.51367],
			"rotation": {"angle": 45, "axis": "x", "origin": [8.0035, 21.80173, 9.71877]},
			"faces": {
				"north": {"uv": [14.83333, 3.33333, 14.66667, 4], "texture": "#2"},
				"east": {"uv": [13.33333, 6.66667, 12.66667, 7.33333], "texture": "#2"},
				"south": {"uv": [3.5, 14.66667, 3.33333, 15.33333], "texture": "#2"},
				"west": {"uv": [8, 12.66667, 7.33333, 13.33333], "texture": "#2"},
				"up": {"uv": [4.16667, 14.66667, 4, 15.33333], "texture": "#2"}
			}
		},
		{
			"from": [7.8275, 20.15328, 8.2706],
			"to": [8.1725, 21.15328, 9.2706],
			"rotation": {"angle": -22.5, "axis": "x", "origin": [8.0025, 20.65328, 8.7706]},
			"faces": {
				"north": {"uv": [4.83333, 14.66667, 4.66667, 15.33333], "texture": "#2"},
				"east": {"uv": [13.33333, 7.33333, 12.66667, 8], "texture": "#2"},
				"south": {"uv": [14.83333, 4, 14.66667, 4.66667], "texture": "#2"},
				"west": {"uv": [8.66667, 12.66667, 8, 13.33333], "texture": "#2"},
				"up": {"uv": [14.83333, 4.66667, 14.66667, 5.33333], "texture": "#2"},
				"down": {"uv": [5.5, 15.33333, 5.33333, 14.66667], "texture": "#2"}
			}
		},
		{
			"from": [7.25, 21.75, 7.25],
			"to": [8.75, 23.25, 8.75],
			"rotation": {"angle": 45, "axis": "x", "origin": [8, 22.5, 8]},
			"faces": {
				"north": {"uv": [9.33333, 5.33333, 10.33333, 6.33333], "texture": "#2"},
				"east": {"uv": [6.66667, 9.33333, 7.66667, 10.33333], "texture": "#2"},
				"south": {"uv": [9.33333, 6.66667, 10.33333, 7.66667], "texture": "#2"},
				"west": {"uv": [8, 9.33333, 9, 10.33333], "texture": "#2"},
				"up": {"uv": [10.33333, 9, 9.33333, 8], "texture": "#2"},
				"down": {"uv": [10.33333, 9.33333, 9.33333, 10.33333], "texture": "#2"}
			}
		},
		{
			"from": [5.49933, 16.59437, 6],
			"to": [5.52933, 18.59437, 10],
			"rotation": {"angle": -22.5, "axis": "z", "origin": [5.59933, 16.59437, 6]},
			"faces": {
				"east": {"uv": [16, 0, 0, 8], "texture": "#1"},
				"west": {"uv": [0, 0, 16, 8], "texture": "#1"}
			}
		},
		{
			"from": [8.75, 16.36548, 7.25],
			"to": [9.75, 17.86548, 8.75],
			"rotation": {"angle": 22.5, "axis": "z", "origin": [9.5, 18.11548, 8]},
			"faces": {
				"north": {"uv": [2.66667, 11.33333, 2, 12.33333], "texture": "#2"},
				"east": {"uv": [6.33333, 9.33333, 5.33333, 10.33333], "texture": "#2"},
				"south": {"uv": [3.33333, 11.33333, 2.66667, 12.33333], "texture": "#2"},
				"west": {"uv": [10.33333, 4, 9.33333, 5], "texture": "#2"},
				"down": {"uv": [11.33333, 2.66667, 12, 3.66667], "texture": "#2"}
			}
		},
		{
			"from": [8.75, 17.86548, 7],
			"to": [10.75, 19.86548, 9],
			"rotation": {"angle": 22.5, "axis": "z", "origin": [9.5, 18.11548, 8]},
			"faces": {
				"north": {"uv": [8, 2.66667, 6.66667, 4], "texture": "#2"},
				"east": {"uv": [8, 5.33333, 6.66667, 6.66667], "texture": "#2"},
				"south": {"uv": [8, 4, 6.66667, 5.33333], "texture": "#2"},
				"west": {"uv": [5.33333, 6.66667, 4, 8], "texture": "#2"},
				"up": {"uv": [6.66667, 8, 8, 6.66667], "texture": "#2"},
				"down": {"uv": [8, 0, 9.33333, 1.33333], "texture": "#2"}
			}
		},
		{
			"from": [8.97159, 19.40933, 5.99718],
			"to": [9.97159, 20.40933, 7.49718],
			"rotation": {"angle": 22.5, "axis": "z", "origin": [9.9342, 19.91003, 6.07198]},
			"faces": {
				"north": {"uv": [13.33333, 0.66667, 12.66667, 1.33333], "texture": "#2"},
				"east": {"uv": [12.33333, 10.66667, 11.33333, 11.33333], "texture": "#2"},
				"south": {"uv": [2, 12.66667, 1.33333, 13.33333], "texture": "#2"},
				"west": {"uv": [4.33333, 11.33333, 3.33333, 12], "texture": "#2"},
				"up": {"uv": [4.66667, 12.33333, 5.33333, 11.33333], "texture": "#2"},
				"down": {"uv": [11.33333, 11.33333, 12, 12.33333], "texture": "#2"}
			}
		},
		{
			"from": [9.18391, 19.51933, 5.10818],
			"to": [9.96391, 20.29933, 6.27818],
			"rotation": {"angle": 22.5, "axis": "z", "origin": [9.9342, 19.91003, 6.07198]},
			"faces": {
				"north": {"uv": [9.16667, 13.33333, 8.66667, 13.83333], "texture": "#2"},
				"east": {"uv": [9.5, 12.66667, 8.66667, 13.16667], "texture": "#2"},
				"west": {"uv": [13.5, 8, 12.66667, 8.5], "texture": "#2"},
				"up": {"uv": [12.66667, 9.5, 13.16667, 8.66667], "texture": "#2"},
				"down": {"uv": [10, 12.66667, 10.5, 13.5], "texture": "#2"}
			}
		},
		{
			"from": [9.96391, 19.62213, 5.10818],
			"to": [10.82971, 20.19933, 5.68538],
			"rotation": {"angle": 22.5, "axis": "z", "origin": [9.9342, 19.91003, 6.07198]},
			"faces": {
				"north": {"uv": [5.16667, 14, 4.66667, 14.33333], "texture": "#2"},
				"east": {"uv": [9, 14, 8.66667, 14.33333], "texture": "#2"},
				"south": {"uv": [5.83333, 14, 5.33333, 14.33333], "texture": "#2"},
				"up": {"uv": [14, 5.66667, 14.5, 5.33333], "texture": "#2"},
				"down": {"uv": [6, 14, 6.5, 14.33333], "texture": "#2"}
			}
		},
		{
			"from": [8.79231, 19.31204, 8.50282],
			"to": [9.79231, 20.31204, 10.00282],
			"rotation": {"angle": 22.5, "axis": "z", "origin": [9.6, 20.31204, 10.09986]},
			"faces": {
				"north": {"uv": [13.33333, 1.33333, 12.66667, 2], "texture": "#2"},
				"east": {"uv": [13, 0, 12, 0.66667], "texture": "#2"},
				"south": {"uv": [2.66667, 12.66667, 2, 13.33333], "texture": "#2"},
				"west": {"uv": [1, 12, 0, 12.66667], "texture": "#2"},
				"up": {"uv": [12, 1.66667, 12.66667, 0.66667], "texture": "#2"},
				"down": {"uv": [12, 2, 12.66667, 3], "texture": "#2"}
			}
		},
		{
			"from": [9.00463, 19.42204, 9.72182],
			"to": [9.78463, 20.20204, 10.89182],
			"rotation": {"angle": 22.5, "axis": "z", "origin": [9.6, 20.31204, 10.09986]},
			"faces": {
				"east": {"uv": [11.5, 12.66667, 10.66667, 13.16667], "texture": "#2"},
				"south": {"uv": [13.83333, 8.66667, 13.33333, 9.16667], "texture": "#2"},
				"west": {"uv": [13.5, 10, 12.66667, 10.5], "texture": "#2"},
				"up": {"uv": [12.66667, 11.5, 13.16667, 10.66667], "texture": "#2"},
				"down": {"uv": [12, 12.66667, 12.5, 13.5], "texture": "#2"}
			}
		},
		{
			"from": [9.76501, 19.42068, 10.31462],
			"to": [10.63081, 19.99788, 10.89182],
			"rotation": {"angle": 22.5, "axis": "z", "origin": [9.32836, 20.30928, 10.09381]},
			"faces": {
				"north": {"uv": [14.5, 6, 14, 6.33333], "texture": "#2"},
				"east": {"uv": [14.33333, 8.66667, 14, 9], "texture": "#2"},
				"south": {"uv": [7.16667, 14, 6.66667, 14.33333], "texture": "#2"},
				"up": {"uv": [14, 7, 14.5, 6.66667], "texture": "#2"},
				"down": {"uv": [7.33333, 14, 7.83333, 14.33333], "texture": "#2"}
			}
		},
		{
			"from": [10.3976, 16.07983, 7.5],
			"to": [10.4276, 16.57983, 8.5],
			"rotation": {"angle": 22.5, "axis": "z", "origin": [10.4526, 16.14233, 7.75]},
			"faces": {
				"east": {"uv": [14.66667, 0.66667, 14, 1], "texture": "#2"},
				"west": {"uv": [1.33333, 14, 0.66667, 14.33333], "texture": "#2"}
			}
		},
		{
			"from": [10.47067, 16.59437, 6],
			"to": [10.50067, 18.59437, 10],
			"rotation": {"angle": 22.5, "axis": "z", "origin": [10.40067, 16.59437, 6]},
			"faces": {
				"east": {"uv": [16, 0, 0, 8], "texture": "#1"},
				"west": {"uv": [0, 0, 16, 8], "texture": "#1"}
			}
		}
	],
	"gui_light": "front",
	"display": {
		"thirdperson_righthand": {
			"translation": [0, -3.75, 1]
		},
		"thirdperson_lefthand": {
			"translation": [0, -3.75, 1]
		},
		"firstperson_righthand": {
			"rotation": [-10, 0, 0],
			"translation": [0, -2.25, 2.25]
		},
		"firstperson_lefthand": {
			"rotation": [-10, 0, 0],
			"translation": [0, -2.25, 2.25]
		},
		"ground": {
			"rotation": [-45, 0, 0],
			"translation": [0, 4.5, 0],
			"scale": [0.6, 0.6, 0.6]
		},
		"gui": {
			"rotation": [-90, 45, 90],
			"translation": [2.75, -2.75, 0],
			"scale": [0.8, 0.8, 0.8]
		},
		"head": {
			"rotation": [0, 90, 0]
		},
		"fixed": {
			"rotation": [0, -90, 0],
			"translation": [0, -10.5, -1.5],
			"scale": [2.5, 2.5, 2.5]
		}
	},
	"groups": [
		{
			"name": "staff",
			"origin": [10.40067, 16.59437, 6],
			"color": 0,
			"boneType": "",
			"children": [
				0,
				1,
				2,
				3,
				4,
				5,
				6,
				7,
				8,
				9,
				10,
				11,
				12,
				13,
				14,
				15,
				16,
				17,
				18,
				19,
				20,
				21,
				22,
				23,
				24,
				25,
				26,
				27,
				28,
				29,
				30,
				31,
				32,
				33,
				34,
				35,
				36,
				37,
				38,
				39,
				40,
				41,
				42,
				43,
				44,
				45,
				46,
				47,
				48,
				49,
				50,
				51,
				52,
				53,
				54,
				55,
				56,
				57,
				58,
				59,
				60,
				61,
				62,
				63,
				64,
				65,
				66,
				67
			]
		}
	]
}