{
	"credit": "Made by PolygonMC",
	"texture_size": [28, 28],
	"textures": {
		"0": "infernoset/wings",
		"particle": "infernoset/wings"
	},
	"elements": [
		{
			"from": [6.75, 6.75, 7.2],
			"to": [9.25, 9.25, 8.8],
			"rotation": {"angle": 45, "axis": "z", "origin": [8, 8, 8]},
			"faces": {
				"north": {"uv": [0.14286, 11.57143, 1.57143, 13], "texture": "#0"},
				"east": {"uv": [12.14286, 4.14286, 13, 5.57143], "texture": "#0"},
				"south": {"uv": [1.85714, 11.57143, 3.28571, 13], "texture": "#0"},
				"west": {"uv": [12.14286, 5.85714, 13, 7.28571], "texture": "#0"},
				"up": {"uv": [13.57143, 8.42857, 12.14286, 7.57143], "texture": "#0"},
				"down": {"uv": [13.57143, 8.71429, 12.14286, 9.57143], "texture": "#0"}
			}
		},
		{
			"from": [7, 7, 6.85],
			"to": [9, 9, 9.15],
			"rotation": {"angle": 45, "axis": "z", "origin": [8, 8, 8]},
			"faces": {
				"north": {"uv": [12.14286, 1.85714, 13.28571, 3], "texture": "#0"},
				"east": {"uv": [8.14286, 11.57143, 9.42857, 12.71429], "texture": "#0"},
				"south": {"uv": [12.14286, 3, 13.28571, 4.14286], "texture": "#0"},
				"west": {"uv": [9.85714, 11.57143, 11.14286, 12.71429], "texture": "#0"},
				"up": {"uv": [12.71429, 12.85714, 11.57143, 11.57143], "texture": "#0"},
				"down": {"uv": [13.28571, 0.14286, 12.14286, 1.42857], "texture": "#0"}
			}
		},
		{
			"from": [6.42277, 9, 7.5],
			"to": [7.42277, 10.5, 8.5],
			"rotation": {"angle": 0, "axis": "z", "origin": [6.42277, 8, 8]},
			"faces": {
				"north": {"uv": [8.71429, 12.71429, 9.28571, 13.57143], "texture": "#0"},
				"east": {"uv": [9.28571, 12.71429, 9.85714, 13.57143], "texture": "#0"},
				"south": {"uv": [9.85714, 12.71429, 10.42857, 13.57143], "texture": "#0"},
				"west": {"uv": [12.71429, 9.85714, 13.28571, 10.71429], "texture": "#0"},
				"up": {"uv": [13.85714, 3, 13.28571, 2.42857], "texture": "#0"},
				"down": {"uv": [3.57143, 13.28571, 3, 13.85714], "texture": "#0"}
			}
		},
		{
			"from": [5.42277, 6.5, 7.5],
			"to": [6.42277, 9.5, 8.5],
			"rotation": {"angle": 0, "axis": "z", "origin": [6.42277, 8, 8]},
			"faces": {
				"north": {"uv": [12.14286, 9.85714, 12.71429, 11.57143], "texture": "#0"},
				"east": {"uv": [3.57143, 12.71429, 4.14286, 14.42857], "texture": "#0"},
				"south": {"uv": [4.14286, 12.71429, 4.71429, 14.42857], "texture": "#0"},
				"west": {"uv": [4.71429, 12.71429, 5.28571, 14.42857], "texture": "#0"},
				"up": {"uv": [13.85714, 3.57143, 13.28571, 3], "texture": "#0"},
				"down": {"uv": [13.85714, 3.57143, 13.28571, 4.14286], "texture": "#0"}
			}
		},
		{
			"from": [6.77632, 6.23223, 7.502],
			"to": [8.19032, 7.23223, 8.498],
			"rotation": {"angle": -45, "axis": "z", "origin": [6.42277, 8, 8]},
			"faces": {
				"north": {"uv": [13.28571, 0.14286, 14.14286, 0.71429], "texture": "#0"},
				"east": {"uv": [13.28571, 5.28571, 13.85714, 5.85714], "texture": "#0"},
				"south": {"uv": [0.71429, 13.28571, 1.57143, 13.85714], "texture": "#0"},
				"down": {"uv": [14.14286, 0.71429, 13.28571, 1.28571], "texture": "#0"}
			}
		},
		{
			"from": [4.655, 8.35355, 7.502],
			"to": [5.655, 9.76755, 8.498],
			"rotation": {"angle": -45, "axis": "z", "origin": [6.42277, 8, 8]},
			"faces": {
				"north": {"uv": [13.28571, 1.28571, 13.85714, 2.14286], "texture": "#0"},
				"south": {"uv": [1.85714, 13.28571, 2.42857, 14.14286], "texture": "#0"},
				"west": {"uv": [2.42857, 13.28571, 3, 14.14286], "texture": "#0"}
			}
		},
		{
			"from": [6.42277, 5.5, 7.5],
			"to": [7.42277, 7, 8.5],
			"rotation": {"angle": 0, "axis": "z", "origin": [6.42277, 8, 8]},
			"faces": {
				"north": {"uv": [10.42857, 12.71429, 11, 13.57143], "texture": "#0"},
				"east": {"uv": [11, 12.71429, 11.57143, 13.57143], "texture": "#0"},
				"south": {"uv": [12.71429, 11, 13.28571, 11.85714], "texture": "#0"},
				"west": {"uv": [12.71429, 12.14286, 13.28571, 13], "texture": "#0"},
				"up": {"uv": [13.85714, 4.71429, 13.28571, 4.14286], "texture": "#0"},
				"down": {"uv": [13.85714, 4.71429, 13.28571, 5.28571], "texture": "#0"}
			}
		},
		{
			"from": [6.42277, 7, 7.6],
			"to": [7.32277, 9, 8.4],
			"rotation": {"angle": 0, "axis": "z", "origin": [6.42277, 8, 8]},
			"faces": {
				"north": {"uv": [7.57143, 12.71429, 8.14286, 13.85714], "texture": "#0"},
				"east": {"uv": [0.14286, 13.28571, 0.57143, 14.42857], "texture": "#0"},
				"south": {"uv": [8.14286, 12.71429, 8.71429, 13.85714], "texture": "#0"}
			}
		},
		{
			"from": [8.57723, 9, 7.5],
			"to": [9.57723, 10.5, 8.5],
			"rotation": {"angle": 0, "axis": "z", "origin": [9.57723, 8, 8]},
			"faces": {
				"north": {"uv": [9.28571, 12.71429, 8.71429, 13.57143], "texture": "#0"},
				"east": {"uv": [13.28571, 9.85714, 12.71429, 10.71429], "texture": "#0"},
				"south": {"uv": [10.42857, 12.71429, 9.85714, 13.57143], "texture": "#0"},
				"west": {"uv": [9.85714, 12.71429, 9.28571, 13.57143], "texture": "#0"},
				"up": {"uv": [13.28571, 3, 13.85714, 2.42857], "texture": "#0"},
				"down": {"uv": [3, 13.28571, 3.57143, 13.85714], "texture": "#0"}
			}
		},
		{
			"from": [10.345, 8.35355, 7.502],
			"to": [11.345, 9.76755, 8.498],
			"rotation": {"angle": 45, "axis": "z", "origin": [9.57723, 8, 8]},
			"faces": {
				"north": {"uv": [13.85714, 1.28571, 13.28571, 2.14286], "texture": "#0"},
				"east": {"uv": [3, 13.28571, 2.42857, 14.14286], "texture": "#0"},
				"south": {"uv": [2.42857, 13.28571, 1.85714, 14.14286], "texture": "#0"}
			}
		},
		{
			"from": [9.57723, 6.5, 7.5],
			"to": [10.57723, 9.5, 8.5],
			"rotation": {"angle": 0, "axis": "z", "origin": [9.57723, 8, 8]},
			"faces": {
				"north": {"uv": [12.71429, 9.85714, 12.14286, 11.57143], "texture": "#0"},
				"east": {"uv": [5.28571, 12.71429, 4.71429, 14.42857], "texture": "#0"},
				"south": {"uv": [4.71429, 12.71429, 4.14286, 14.42857], "texture": "#0"},
				"west": {"uv": [4.14286, 12.71429, 3.57143, 14.42857], "texture": "#0"},
				"up": {"uv": [13.28571, 3.57143, 13.85714, 3], "texture": "#0"},
				"down": {"uv": [13.28571, 3.57143, 13.85714, 4.14286], "texture": "#0"}
			}
		},
		{
			"from": [7.80968, 6.23223, 7.502],
			"to": [9.22368, 7.23223, 8.498],
			"rotation": {"angle": 45, "axis": "z", "origin": [9.57723, 8, 8]},
			"faces": {
				"north": {"uv": [14.14286, 0.14286, 13.28571, 0.71429], "texture": "#0"},
				"south": {"uv": [1.57143, 13.28571, 0.71429, 13.85714], "texture": "#0"},
				"west": {"uv": [13.85714, 5.28571, 13.28571, 5.85714], "texture": "#0"},
				"down": {"uv": [13.28571, 0.71429, 14.14286, 1.28571], "texture": "#0"}
			}
		},
		{
			"from": [8.57723, 5.5, 7.5],
			"to": [9.57723, 7, 8.5],
			"rotation": {"angle": 0, "axis": "z", "origin": [9.57723, 8, 8]},
			"faces": {
				"north": {"uv": [11, 12.71429, 10.42857, 13.57143], "texture": "#0"},
				"east": {"uv": [13.28571, 12.14286, 12.71429, 13], "texture": "#0"},
				"south": {"uv": [13.28571, 11, 12.71429, 11.85714], "texture": "#0"},
				"west": {"uv": [11.57143, 12.71429, 11, 13.57143], "texture": "#0"},
				"up": {"uv": [13.28571, 4.71429, 13.85714, 4.14286], "texture": "#0"},
				"down": {"uv": [13.28571, 4.71429, 13.85714, 5.28571], "texture": "#0"}
			}
		},
		{
			"from": [8.67723, 7, 7.6],
			"to": [9.57723, 9, 8.4],
			"rotation": {"angle": 0, "axis": "z", "origin": [9.57723, 8, 8]},
			"faces": {
				"north": {"uv": [8.14286, 12.71429, 7.57143, 13.85714], "texture": "#0"},
				"south": {"uv": [8.71429, 12.71429, 8.14286, 13.85714], "texture": "#0"},
				"west": {"uv": [0.57143, 13.28571, 0.14286, 14.42857], "texture": "#0"}
			}
		},
		{
			"from": [9.80911, 9.82821, 7.302],
			"to": [10.30911, 11.82821, 8.702],
			"rotation": {"angle": -22.5, "axis": "z", "origin": [10.05911, 10.82821, 8.002]},
			"faces": {
				"north": {"uv": [13.28571, 5.85714, 13.57143, 7], "texture": "#0"},
				"east": {"uv": [5.28571, 12.71429, 6.14286, 13.85714], "texture": "#0"},
				"south": {"uv": [13.28571, 9.85714, 13.57143, 11], "texture": "#0"},
				"west": {"uv": [6.42857, 12.71429, 7.28571, 13.85714], "texture": "#0"},
				"up": {"uv": [13.57143, 11.85714, 13.28571, 11], "texture": "#0"},
				"down": {"uv": [11.85714, 13.28571, 11.57143, 14.14286], "texture": "#0"}
			}
		},
		{
			"from": [5.69089, 9.82821, 7.302],
			"to": [6.19089, 11.82821, 8.702],
			"rotation": {"angle": 22.5, "axis": "z", "origin": [5.94089, 10.82821, 8.002]},
			"faces": {
				"north": {"uv": [13.57143, 5.85714, 13.28571, 7], "texture": "#0"},
				"east": {"uv": [7.28571, 12.71429, 6.42857, 13.85714], "texture": "#0"},
				"south": {"uv": [13.57143, 9.85714, 13.28571, 11], "texture": "#0"},
				"west": {"uv": [6.14286, 12.71429, 5.28571, 13.85714], "texture": "#0"},
				"up": {"uv": [13.28571, 11.85714, 13.57143, 11], "texture": "#0"},
				"down": {"uv": [11.57143, 13.28571, 11.85714, 14.14286], "texture": "#0"}
			}
		},
		{
			"from": [6, 10.625, 7.985],
			"to": [10, 11.875, 8.015],
			"rotation": {"angle": -45, "axis": "x", "origin": [8, 11.25, 8]},
			"faces": {
				"north": {"uv": [3.57143, 11.57143, 5.85714, 12.28571], "texture": "#0"},
				"south": {"uv": [5.85714, 11.57143, 3.57143, 12.28571], "texture": "#0"}
			}
		},
		{
			"from": [6, 11.235, 7.375],
			"to": [10, 11.265, 8.625],
			"rotation": {"angle": -45, "axis": "x", "origin": [8, 11.25, 8]},
			"faces": {
				"up": {"uv": [8.14286, 12.28571, 5.85714, 11.57143], "texture": "#0"},
				"down": {"uv": [8.14286, 11.57143, 5.85714, 12.28571], "texture": "#0"}
			}
		},
		{
			"from": [5.69089, 4.17179, 7.302],
			"to": [6.19089, 6.17179, 8.702],
			"rotation": {"angle": -22.5, "axis": "z", "origin": [5.94089, 5.17179, 8.002]},
			"faces": {
				"north": {"uv": [13.57143, 7, 13.28571, 5.85714], "texture": "#0"},
				"east": {"uv": [7.28571, 13.85714, 6.42857, 12.71429], "texture": "#0"},
				"south": {"uv": [13.57143, 11, 13.28571, 9.85714], "texture": "#0"},
				"west": {"uv": [6.14286, 13.85714, 5.28571, 12.71429], "texture": "#0"},
				"up": {"uv": [11.57143, 14.14286, 11.85714, 13.28571], "texture": "#0"},
				"down": {"uv": [13.28571, 11, 13.57143, 11.85714], "texture": "#0"}
			}
		},
		{
			"from": [6, 4.125, 7.985],
			"to": [10, 5.375, 8.015],
			"rotation": {"angle": 45, "axis": "x", "origin": [8, 4.75, 8]},
			"faces": {
				"north": {"uv": [3.57143, 12.28571, 5.85714, 11.57143], "texture": "#0"},
				"south": {"uv": [5.85714, 12.28571, 3.57143, 11.57143], "texture": "#0"}
			}
		},
		{
			"from": [6, 4.735, 7.375],
			"to": [10, 4.765, 8.625],
			"rotation": {"angle": 45, "axis": "x", "origin": [8, 4.75, 8]},
			"faces": {
				"up": {"uv": [8.14286, 12.28571, 5.85714, 11.57143], "texture": "#0"},
				"down": {"uv": [8.14286, 11.57143, 5.85714, 12.28571], "texture": "#0"}
			}
		},
		{
			"from": [9.80911, 4.17179, 7.302],
			"to": [10.30911, 6.17179, 8.702],
			"rotation": {"angle": 22.5, "axis": "z", "origin": [10.05911, 5.17179, 8.002]},
			"faces": {
				"north": {"uv": [13.28571, 7, 13.57143, 5.85714], "texture": "#0"},
				"east": {"uv": [5.28571, 13.85714, 6.14286, 12.71429], "texture": "#0"},
				"south": {"uv": [13.28571, 11, 13.57143, 9.85714], "texture": "#0"},
				"west": {"uv": [6.42857, 13.85714, 7.28571, 12.71429], "texture": "#0"},
				"up": {"uv": [11.85714, 14.14286, 11.57143, 13.28571], "texture": "#0"},
				"down": {"uv": [13.57143, 11, 13.28571, 11.85714], "texture": "#0"}
			}
		},
		{
			"from": [10.8, -4.5, 11.55],
			"to": [17.8, 15.5, 11.58],
			"rotation": {"angle": -22.5, "axis": "y", "origin": [20.51571, 5.5, 8.99037]},
			"faces": {
				"north": {"uv": [8, 0, 12, 11.42857], "texture": "#0"},
				"south": {"uv": [12, 0, 8, 11.42857], "texture": "#0"}
			}
		},
		{
			"from": [17.01571, -4.5, 10.31362],
			"to": [24.01571, 15.5, 10.34362],
			"rotation": {"angle": 0, "axis": "y", "origin": [20.51571, 5.5, 8.99037]},
			"faces": {
				"north": {"uv": [4, 0, 8, 11.42857], "texture": "#0"},
				"south": {"uv": [8, 0, 4, 11.42857], "texture": "#0"}
			}
		},
		{
			"from": [23.23142, -4.5, 11.55],
			"to": [30.23142, 15.5, 11.58],
			"rotation": {"angle": 22.5, "axis": "y", "origin": [20.51571, 5.5, 8.99037]},
			"faces": {
				"north": {"uv": [0, 0, 4, 11.42857], "texture": "#0"},
				"south": {"uv": [4, 0, 0, 11.42857], "texture": "#0"}
			}
		},
		{
			"from": [-1.8, -4.5, 11.55],
			"to": [5.2, 15.5, 11.58],
			"rotation": {"angle": 22.5, "axis": "y", "origin": [-4.51571, 5.5, 8.99037]},
			"faces": {
				"north": {"uv": [12, 0, 8, 11.42857], "texture": "#0"},
				"south": {"uv": [8, 0, 12, 11.42857], "texture": "#0"}
			}
		},
		{
			"from": [-8.01571, -4.5, 10.31362],
			"to": [-1.01571, 15.5, 10.34362],
			"rotation": {"angle": 0, "axis": "y", "origin": [-4.51571, 5.5, 8.99037]},
			"faces": {
				"north": {"uv": [8, 0, 4, 11.42857], "texture": "#0"},
				"south": {"uv": [4, 0, 8, 11.42857], "texture": "#0"}
			}
		},
		{
			"from": [-14.23142, -4.5, 11.55],
			"to": [-7.23142, 15.5, 11.58],
			"rotation": {"angle": -22.5, "axis": "y", "origin": [-4.51571, 5.5, 8.99037]},
			"faces": {
				"north": {"uv": [4, 0, 0, 11.42857], "texture": "#0"},
				"south": {"uv": [0, 0, 4, 11.42857], "texture": "#0"}
			}
		}
	],
	"gui_light": "front",
	"display": {
		"thirdperson_righthand": {
			"rotation": [-139, 0, -180],
			"scale": [0.70117, 0.70117, 0.70117]
		},
		"thirdperson_lefthand": {
			"rotation": [68, 0, 0],
			"translation": [-5.5, -7.25, 10],
			"scale": [1.3, 1.3, 1.3]
		},
		"firstperson_righthand": {
			"rotation": [157.5, 0, -180],
			"translation": [1.25, 2, 0.5],
			"scale": [0.76953, 0.76953, 0.76953]
		},
		"firstperson_lefthand": {
			"rotation": [157.5, 0, -180],
			"translation": [1.25, 2, 0.5],
			"scale": [0, 0, 0]
		},
		"ground": {
			"rotation": [-45, 0, 0],
			"translation": [0, 7.25, 0]
		},
		"gui": {
			"rotation": [0, 180, 0],
			"translation": [0, 1, 0],
			"scale": [0.39453, 0.39453, 0.39453]
		},
		"head": {
			"translation": [0, -47.5, 7.75],
			"scale": [2, 2, 2]
		},
		"fixed": {
			"rotation": [0, 180, 0],
			"translation": [0, 0, -2.5],
			"scale": [2, 2, 2]
		}
	},
	"groups": [
		{
			"name": "wings",
			"origin": [-4.51571, 5.5, 8.99037],
			"color": 0,
			"children": [0, 1, 2, 3, 4, 5, 6, 7, 8, 9, 10, 11, 12, 13, 14, 15, 16, 17, 18, 19, 20, 21, 22, 23, 24, 25, 26, 27]
		}
	]
}