{"parent":"item/generated","textures":{"layer0":"item/bow"},"display":{"thirdperson_righthand":{"rotation":[-80,260,-40],"translation":[-1,-2,2.5],"scale":[0.9,0.9,0.9]},"thirdperson_lefthand":{"rotation":[-80,-280,40],"translation":[-1,-2,2.5],"scale":[0.9,0.9,0.9]},"firstperson_righthand":{"rotation":[0,-90,25],"translation":[1.13,3.2,1.13],"scale":[0.68,0.68,0.68]},"firstperson_lefthand":{"rotation":[0,90,-25],"translation":[1.13,3.2,1.13],"scale":[0.68,0.68,0.68]}},"overrides":[{"predicate":{"pulling":1},"model":"item/bow_pulling_0"},{"predicate":{"pulling":1,"pull":0.65},"model":"item/bow_pulling_1"},{"predicate":{"pulling":1,"pull":0.9},"model":"item/bow_pulling_2"},{"predicate":{"custom_model_data":1000},"model":"default/combat_bow"},{"predicate":{"pulling":1,"custom_model_data":1000},"model":"default/combat_bow_pulling_0"},{"predicate":{"pulling":1,"pull":0.65,"custom_model_data":1000},"model":"default/combat_bow_pulling_1"},{"predicate":{"pulling":1,"pull":0.9,"custom_model_data":1000},"model":"default/combat_bow_pulling_2"},{"predicate":{"custom_model_data":1001},"model":"fairyset/bow"},{"predicate":{"pulling":1,"custom_model_data":1001},"model":"fairyset/bow_0"},{"predicate":{"pulling":1,"pull":0.65,"custom_model_data":1001},"model":"fairyset/bow_1"},{"predicate":{"pulling":1,"pull":0.9,"custom_model_data":1001},"model":"fairyset/bow_2"},{"predicate":{"custom_model_data":1002},"model":"oceanset/bow"},{"predicate":{"pulling":1,"custom_model_data":1002},"model":"oceanset/bow_0"},{"predicate":{"pulling":1,"pull":0.65,"custom_model_data":1002},"model":"oceanset/bow_1"},{"predicate":{"pulling":1,"pull":0.9,"custom_model_data":1002},"model":"oceanset/bow_2"},{"predicate":{"custom_model_data":1003},"model":"protocalset/bow"},{"predicate":{"pulling":1,"custom_model_data":1003},"model":"protocalset/bow_0"},{"predicate":{"pulling":1,"pull":0.65,"custom_model_data":1003},"model":"protocalset/bow_1"},{"predicate":{"pulling":1,"pull":0.9,"custom_model_data":1003},"model":"protocalset/bow_2"},{"predicate":{"custom_model_data":1004},"model":"shogunset/bow"},{"predicate":{"pulling":1,"custom_model_data":1004},"model":"shogunset/bow_0"},{"predicate":{"pulling":1,"pull":0.65,"custom_model_data":1004},"model":"shogunset/bow_1"},{"predicate":{"pulling":1,"pull":0.9,"custom_model_data":1004},"model":"shogunset/bow_2"},{"predicate":{"custom_model_data":400001},"model":"beatsset/bow"},{"predicate":{"pulling":1,"custom_model_data":400001},"model":"beatsset/bow_0"},{"predicate":{"pulling":1,"pull":0.65,"custom_model_data":400001},"model":"beatsset/bow_1"},{"predicate":{"pulling":1,"pull":0.9,"custom_model_data":400001},"model":"beatsset/bow_2"},{"predicate":{"custom_model_data":413002},"model":"bonitaset/bow"},{"predicate":{"pulling":1,"custom_model_data":413002},"model":"bonitaset/bow_0"},{"predicate":{"pulling":1,"pull":0.65,"custom_model_data":413002},"model":"bonitaset/bow_1"},{"predicate":{"pulling":1,"pull":0.9,"custom_model_data":413002},"model":"bonitaset/bow_2"},{"predicate":{"custom_model_data":443002},"model":"mysticcyanset/bow"},{"predicate":{"pulling":1,"custom_model_data":443002},"model":"mysticcyanset/bow_0"},{"predicate":{"pulling":1,"pull":0.65,"custom_model_data":443002},"model":"mysticcyanset/bow_1"},{"predicate":{"pulling":1,"pull":0.9,"custom_model_data":443002},"model":"mysticcyanset/bow_2"},{"predicate":{"custom_model_data":493002},"model":"infernoset/bow"},{"predicate":{"pulling":1,"custom_model_data":493002},"model":"infernoset/bow_0"},{"predicate":{"pulling":1,"pull":0.65,"custom_model_data":493002},"model":"infernoset/bow_1"},{"predicate":{"pulling":1,"pull":0.9,"custom_model_data":493002},"model":"infernoset/bow_2"},{"predicate":{"custom_model_data":2100102},"model":"azureset/bow"},{"predicate":{"pulling":1,"custom_model_data":2100102},"model":"azureset/bow_0"},{"predicate":{"pulling":1,"pull":0.65,"custom_model_data":2100102},"model":"azureset/bow_1"},{"predicate":{"pulling":1,"pull":0.9,"custom_model_data":2100102},"model":"azureset/bow_2"}]}