{"parent":"item/generated","textures":{"layer0":"item/crossbow_standby"},"display":{"thirdperson_righthand":{"rotation":[-90,0,-60],"translation":[2,0.1,-3],"scale":[0.9,0.9,0.9]},"thirdperson_lefthand":{"rotation":[-90,0,30],"translation":[2,0.1,-3],"scale":[0.9,0.9,0.9]},"firstperson_righthand":{"rotation":[-90,0,-55],"translation":[1.13,3.2,1.13],"scale":[0.68,0.68,0.68]},"firstperson_lefthand":{"rotation":[-90,0,35],"translation":[1.13,3.2,1.13],"scale":[0.68,0.68,0.68]}},"overrides":[{"predicate":{"pulling":1},"model":"item/crossbow_pulling_0"},{"predicate":{"pulling":1,"pull":0.65},"model":"item/crossbow_pulling_1"},{"predicate":{"pulling":1,"pull":0.9},"model":"item/crossbow_pulling_2"},{"predicate":{"charged":1},"model":"item/crossbow_arrow"},{"predicate":{"charged":1,"firework":1},"model":"item/crossbow_firework"},{"predicate":{"custom_model_data":1},"model":"qualityarmory:gun/p30"},{"predicate":{"custom_model_data":2},"model":"qualityarmory:gun/pkp"},{"predicate":{"custom_model_data":3},"model":"qualityarmory:gun/mp5"},{"predicate":{"custom_model_data":4},"model":"qualityarmory:gun/ak47"},{"predicate":{"custom_model_data":5},"model":"qualityarmory:gun/ak47u"},{"predicate":{"custom_model_data":6},"model":"qualityarmory:gun/m16"},{"predicate":{"custom_model_data":7},"model":"qualityarmory:gun/remmington"},{"predicate":{"custom_model_data":8},"model":"qualityarmory:gun/fnfal"},{"predicate":{"custom_model_data":9},"model":"qualityarmory:gun/rpg"},{"predicate":{"custom_model_data":10},"model":"qualityarmory:gun/ump"},{"predicate":{"custom_model_data":11},"model":"qualityarmory:gun/sw1911"},{"predicate":{"custom_model_data":12},"model":"qualityarmory:gun/m40"},{"predicate":{"custom_model_data":13},"model":"qualityarmory:gun/enfield"},{"predicate":{"custom_model_data":14},"model":"qualityarmory:gun/mauser"},{"predicate":{"custom_model_data":15},"model":"qualityarmory:misc/grenade"},{"predicate":{"custom_model_data":16},"model":"qualityarmory:gun/dragunov"},{"predicate":{"custom_model_data":17},"model":"qualityarmory:gun/spas"},{"predicate":{"custom_model_data":18},"model":"qualityarmory:gun/aa12"},{"predicate":{"custom_model_data":19},"model":"qualityarmory:gun/magnum"},{"predicate":{"custom_model_data":20},"model":"qualityarmory:gun/awp"},{"predicate":{"custom_model_data":21},"model":"qualityarmory:misc/smokegrenade"},{"predicate":{"custom_model_data":22},"model":"qualityarmory:misc/flashbang"},{"predicate":{"custom_model_data":23},"model":"qualityarmory:gun/p30sil"},{"predicate":{"custom_model_data":24},"model":"qualityarmory:gun/awp2"},{"predicate":{"custom_model_data":25},"model":"qualityarmory:gun/m4a1s"},{"predicate":{"custom_model_data":26},"model":"qualityarmory:gun/rpk"},{"predicate":{"custom_model_data":27},"model":"qualityarmory:gun/sg553"},{"predicate":{"custom_model_data":28},"model":"qualityarmory:gun/dp27"},{"predicate":{"custom_model_data":29},"model":"qualityarmory:misc/incendarygrenade"},{"predicate":{"custom_model_data":30},"model":"qualityarmory:gun/homingrpg"},{"predicate":{"custom_model_data":31},"model":"qualityarmory:gun/musketpistol"},{"predicate":{"custom_model_data":32},"model":"qualityarmory:gun/lazerrifle"},{"predicate":{"custom_model_data":33},"model":"qualityarmory:gun/fatman"},{"predicate":{"custom_model_data":34},"model":"qualityarmory:gun/fo10mm"},{"predicate":{"custom_model_data":35},"model":"qualityarmory:gun/instituterifle"},{"predicate":{"custom_model_data":36},"model":"qualityarmory:gun/musketrifle"},{"predicate":{"custom_model_data":37},"model":"qualityarmory:gun/aliens"},{"predicate":{"custom_model_data":38},"model":"qualityarmory:gun/auto9"},{"predicate":{"custom_model_data":39},"model":"qualityarmory:gun/arcgun"},{"predicate":{"custom_model_data":40},"model":"qualityarmory:gun/halo"},{"predicate":{"custom_model_data":41},"model":"qualityarmory:gun/needler"},{"predicate":{"custom_model_data":42},"model":"qualityarmory:gun/thatgun"},{"predicate":{"custom_model_data":43},"model":"qualityarmory:gun/swblaster"},{"predicate":{"custom_model_data":44},"model":"qualityarmory:gun/overwatchpulsegun"},{"predicate":{"custom_model_data":45},"model":"qualityarmory:gun/vera"},{"predicate":{"custom_model_data":46},"model":"qualityarmory:melee/lightsaberblue"},{"predicate":{"custom_model_data":47},"model":"qualityarmory:melee/lightsaberred"},{"predicate":{"custom_model_data":48},"model":"qualityarmory:gun/mac10"},{"predicate":{"custom_model_data":49},"model":"qualityarmory:gun/uzi"},{"predicate":{"custom_model_data":50},"model":"qualityarmory:gun/skorpion"},{"predicate":{"custom_model_data":51},"model":"qualityarmory:gun/sks"},{"predicate":{"custom_model_data":52},"model":"qualityarmory:gun/barrett"},{"predicate":{"custom_model_data":53},"model":"qualityarmory:gun/makarov"},{"predicate":{"custom_model_data":54},"model":"qualityarmory:gun/ppsh41"},{"predicate":{"custom_model_data":55},"model":"qualityarmory:gun/m79"},{"predicate":{"custom_model_data":56},"model":"qualityarmory:gun/minigun"},{"predicate":{"custom_model_data":57},"model":"qualityarmory:gun/mark19"},{"predicate":{"custom_model_data":58},"model":"qualityarmory:gun/asval"},{"predicate":{"custom_model_data":59},"model":"qualityarmory:gun/fnp90"},{"predicate":{"custom_model_data":60},"model":"qualityarmory:gun/kar98k"},{"predicate":{"custom_model_data":61},"model":"qualityarmory:gun/mp40"},{"predicate":{"custom_model_data":62},"model":"qualityarmory:gun/stg44"},{"predicate":{"custom_model_data":63},"model":"qualityarmory:gun/sawshotgun"},{"predicate":{"custom_model_data":64},"model":"qualityarmory:gun/famas"},{"predicate":{"custom_model_data":65},"model":"qualityarmory:gun/flamer"},{"predicate":{"custom_model_data":66},"model":"qualityarmory:gun/stengun"},{"predicate":{"custom_model_data":67},"model":"qualityarmory:gun/m32a1"},{"predicate":{"custom_model_data":68},"model":"qualityarmory:misc/aiming"},{"predicate":{"custom_model_data":69},"model":"qualityarmory:gun/fivesevenfive"},{"predicate":{"custom_model_data":70},"model":"qualityarmory:melee/lightsaberblack"},{"predicate":{"custom_model_data":71},"model":"qualityarmory:melee/lightsaberwhite"},{"predicate":{"custom_model_data":72},"model":"qualityarmory:melee/lightsabergreen"},{"predicate":{"custom_model_data":73},"model":"qualityarmory:melee/lightsaberpurple"},{"predicate":{"custom_model_data":74},"model":"qualityarmory:melee/lightsaberorange"},{"predicate":{"custom_model_data":75},"model":"qualityarmory:gun/uzicorn"},{"predicate":{"custom_model_data":76},"model":"qualityarmory:gun/henry"},{"predicate":{"custom_model_data":77},"model":"qualityarmory:melee/spear"},{"predicate":{"custom_model_data":78},"model":"qualityarmory:gun/deagle"},{"predicate":{"custom_model_data":79},"model":"qualityarmory:gun/pancorjackhammer"},{"predicate":{"custom_model_data":80},"model":"qualityarmory:misc/molotov"},{"predicate":{"custom_model_data":81},"model":"qualityarmory:misc/proxymine"},{"predicate":{"custom_model_data":82},"model":"qualityarmory:gun/m1garand"},{"predicate":{"custom_model_data":83},"model":"qualityarmory:gun/galil"},{"predicate":{"custom_model_data":84},"model":"qualityarmory:gun/ctar21"},{"predicate":{"custom_model_data":85},"model":"qualityarmory:misc/ammobag"},{"predicate":{"custom_model_data":1000},"model":"fairyset/crossbow"},{"predicate":{"charged":1,"custom_model_data":1000},"model":"fairyset/crossbow_charged"},{"predicate":{"charged":1,"firework":1,"custom_model_data":1000},"model":"fairyset/crossbow_firework"},{"predicate":{"pulling":1,"custom_model_data":1000},"model":"fairyset/crossbow_0"},{"predicate":{"pulling":1,"pull":0.65,"custom_model_data":1000},"model":"fairyset/crossbow_1"},{"predicate":{"pulling":1,"pull":0.9,"custom_model_data":1000},"model":"fairyset/crossbow_2"},{"predicate":{"custom_model_data":1001},"model":"protocalset/crossbow"},{"predicate":{"charged":1,"custom_model_data":1001},"model":"protocalset/crossbow_charged"},{"predicate":{"pulling":1,"custom_model_data":1001},"model":"protocalset/crossbow_0"},{"predicate":{"pulling":1,"pull":0.65,"custom_model_data":1001},"model":"protocalset/crossbow_1"},{"predicate":{"pulling":1,"pull":0.9,"custom_model_data":1001},"model":"protocalset/crossbow_2"},{"predicate":{"custom_model_data":1002},"model":"shogunset/crossbow"},{"predicate":{"charged":1,"custom_model_data":1002},"model":"shogunset/crossbow_charged"},{"predicate":{"charged":1,"firework":1,"custom_model_data":1002},"model":"shogunset/crossbow_firework"},{"predicate":{"pulling":1,"custom_model_data":1002},"model":"shogunset/crossbow_0"},{"predicate":{"pulling":1,"pull":0.65,"custom_model_data":1002},"model":"shogunset/crossbow_1"},{"predicate":{"pulling":1,"pull":0.9,"custom_model_data":1002},"model":"shogunset/crossbow_2"},{"predicate":{"custom_model_data":400004},"model":"beatsset/crossbow"},{"predicate":{"charged":1,"custom_model_data":400004},"model":"beatsset/crossbow_charged"},{"predicate":{"charged":1,"firework":1,"custom_model_data":400004},"model":"beatsset/crossbow_firework"},{"predicate":{"pulling":1,"custom_model_data":400004},"model":"beatsset/crossbow_0"},{"predicate":{"pulling":1,"pull":0.65,"custom_model_data":400004},"model":"beatsset/crossbow_1"},{"predicate":{"pulling":1,"pull":0.9,"custom_model_data":400004},"model":"beatsset/crossbow_2"},{"predicate":{"custom_model_data":413004},"model":"bonitaset/crossbow"},{"predicate":{"charged":1,"custom_model_data":413004},"model":"bonitaset/crossbow_charged"},{"predicate":{"charged":1,"firework":1,"custom_model_data":413004},"model":"bonitaset/crossbow_firework"},{"predicate":{"pulling":1,"custom_model_data":413004},"model":"bonitaset/crossbow_0"},{"predicate":{"pulling":1,"pull":0.65,"custom_model_data":413004},"model":"bonitaset/crossbow_1"},{"predicate":{"pulling":1,"pull":0.9,"custom_model_data":413004},"model":"bonitaset/crossbow_2"},{"predicate":{"custom_model_data":443004},"model":"mysticcyanset/crossbow"},{"predicate":{"charged":1,"custom_model_data":443004},"model":"mysticcyanset/crossbow_charged"},{"predicate":{"charged":1,"firework":1,"custom_model_data":443004},"model":"mysticcyanset/crossbow_firework"},{"predicate":{"pulling":1,"custom_model_data":443004},"model":"mysticcyanset/crossbow_0"},{"predicate":{"pulling":1,"pull":0.65,"custom_model_data":443004},"model":"mysticcyanset/crossbow_1"},{"predicate":{"pulling":1,"pull":0.9,"custom_model_data":443004},"model":"mysticcyanset/crossbow_2"},{"predicate":{"custom_model_data":493004},"model":"infernoset/crossbow"},{"predicate":{"charged":1,"custom_model_data":493004},"model":"infernoset/crossbow_charged"},{"predicate":{"charged":1,"firework":1,"custom_model_data":493004},"model":"infernoset/crossbow_firework"},{"predicate":{"pulling":1,"custom_model_data":493004},"model":"infernoset/crossbow_0"},{"predicate":{"pulling":1,"pull":0.65,"custom_model_data":493004},"model":"infernoset/crossbow_1"},{"predicate":{"pulling":1,"pull":0.9,"custom_model_data":493004},"model":"infernoset/crossbow_2"},{"predicate":{"custom_model_data":2100105},"model":"azureset/crossbow"},{"predicate":{"charged":1,"custom_model_data":2100105},"model":"azureset/crossbow_charged"},{"predicate":{"charged":1,"firework":1,"custom_model_data":2100105},"model":"azureset/crossbow_firework"},{"predicate":{"pulling":1,"custom_model_data":2100105},"model":"azureset/crossbow_0"},{"predicate":{"pulling":1,"pull":0.65,"custom_model_data":2100105},"model":"azureset/crossbow_1"},{"predicate":{"pulling":1,"pull":0.9,"custom_model_data":2100105},"model":"azureset/crossbow_2"}]}