{"parent":"item/handheld_rod","textures":{"layer0":"item/fishing_rod"},"overrides":[{"predicate":{"cast":1},"model":"item/fishing_rod_cast"},{"predicate":{"custom_model_data":1000},"model":"fairyset/fishing_rod"},{"predicate":{"cast":1,"custom_model_data":1000},"model":"fairyset/fishing_rod_cast"},{"predicate":{"custom_model_data":1001},"model":"oceanset/fishing_rod"},{"predicate":{"cast":1,"custom_model_data":1001},"model":"oceanset/fishing_rod_cast"},{"predicate":{"custom_model_data":1002},"model":"protocalset/fishing_rod"},{"predicate":{"cast":1,"custom_model_data":1002},"model":"protocalset/fishing_rod_cast"},{"predicate":{"custom_model_data":1003},"model":"shogunset/fishing_rod"},{"predicate":{"cast":1,"custom_model_data":1003},"model":"shogunset/fishing_rod_cast"},{"predicate":{"custom_model_data":400005},"model":"beatsset/fishing_rod"},{"predicate":{"cast":1,"custom_model_data":400005},"model":"beatsset/fishing_rod_cast"},{"predicate":{"custom_model_data":413005},"model":"bonitaset/fishing_rod"},{"predicate":{"cast":1,"custom_model_data":413005},"model":"bonitaset/fishing_rod_cast"},{"predicate":{"custom_model_data":443005},"model":"mysticcyanset/fishing_rod"},{"predicate":{"cast":1,"custom_model_data":443005},"model":"mysticcyanset/fishing_rod_cast"},{"predicate":{"custom_model_data":493005},"model":"infernoset/fishing_rod"},{"predicate":{"cast":1,"custom_model_data":493005},"model":"infernoset/fishing_rod_cast"},{"predicate":{"custom_model_data":2100106},"model":"azureset/fishing_rod"},{"predicate":{"cast":1,"custom_model_data":2100106},"model":"azureset/fishing_rod_cast"}]}