{"parent":"item/handheld","textures":{"layer0":"item/iron_pickaxe"},"overrides":[{"predicate":{"custom_model_data":1000},"model":"obsidian_pickaxe"},{"predicate":{"custom_model_data":1001},"model":"fairyset/pickaxe"},{"predicate":{"custom_model_data":1002},"model":"oceanset/pickaxe"},{"predicate":{"custom_model_data":1003},"model":"protocalset/pickaxe"},{"predicate":{"custom_model_data":1004},"model":"shogunset/pickaxe"},{"predicate":{"custom_model_data":400011},"model":"beatsset/pickaxe"},{"predicate":{"custom_model_data":413011},"model":"bonitaset/pickaxe"},{"predicate":{"custom_model_data":443011},"model":"mysticcyanset/pickaxe"},{"predicate":{"custom_model_data":493011},"model":"infernoset/pickaxe"},{"predicate":{"custom_model_data":2100112},"model":"azureset/pickaxe"}]}