{"parent":"item/handheld","textures":{"layer0":"item/iron_sword"},"overrides":[{"predicate":{"custom_model_data":1000},"model":"fairyset/greatsword"},{"predicate":{"custom_model_data":1001},"model":"fairyset/hammer"},{"predicate":{"custom_model_data":1002},"model":"fairyset/scythe"},{"predicate":{"custom_model_data":1003},"model":"fairyset/spear"},{"predicate":{"custom_model_data":1004},"model":"fairyset/staff"},{"predicate":{"custom_model_data":1005},"model":"fairyset/sword"},{"predicate":{"custom_model_data":1006},"model":"fairyset/trident"},{"predicate":{"custom_model_data":1007},"model":"oceanset/hammer"},{"predicate":{"custom_model_data":1008},"model":"oceanset/mace"},{"predicate":{"custom_model_data":1009},"model":"oceanset/spear"},{"predicate":{"custom_model_data":1010},"model":"oceanset/staff"},{"predicate":{"custom_model_data":1011},"model":"oceanset/sword"},{"predicate":{"custom_model_data":1012},"model":"oceanset/trident"},{"predicate":{"custom_model_data":1013},"model":"protocalset/greatsword"},{"predicate":{"custom_model_data":1014},"model":"protocalset/hammer"},{"predicate":{"custom_model_data":1015},"model":"protocalset/scythe"},{"predicate":{"custom_model_data":1016},"model":"protocalset/spear"},{"predicate":{"custom_model_data":1017},"model":"protocalset/staff"},{"predicate":{"custom_model_data":1018},"model":"protocalset/sword"},{"predicate":{"custom_model_data":1019},"model":"protocalset/trident"},{"predicate":{"custom_model_data":1020},"model":"shogunset/hammer"},{"predicate":{"custom_model_data":1021},"model":"shogunset/scythe"},{"predicate":{"custom_model_data":1022},"model":"shogunset/spear"},{"predicate":{"custom_model_data":1023},"model":"shogunset/staff"},{"predicate":{"custom_model_data":1024},"model":"shogunset/sword"},{"predicate":{"custom_model_data":1025},"model":"shogunset/tanto"},{"predicate":{"custom_model_data":1026},"model":"shogunset/trident"},{"predicate":{"custom_model_data":400006},"model":"beatsset/greatsword"},{"predicate":{"custom_model_data":400007},"model":"beatsset/hammer"},{"predicate":{"custom_model_data":400012},"model":"beatsset/scythe"},{"predicate":{"custom_model_data":400015},"model":"beatsset/spear"},{"predicate":{"custom_model_data":400016},"model":"beatsset/staff"},{"predicate":{"custom_model_data":400017},"model":"beatsset/sword"},{"predicate":{"custom_model_data":400018},"model":"beatsset/trident"},{"predicate":{"custom_model_data":413006},"model":"bonitaset/greatsword"},{"predicate":{"custom_model_data":413007},"model":"bonitaset/hammer"},{"predicate":{"custom_model_data":413012},"model":"bonitaset/scythe"},{"predicate":{"custom_model_data":413015},"model":"bonitaset/spear"},{"predicate":{"custom_model_data":413016},"model":"bonitaset/staff"},{"predicate":{"custom_model_data":413017},"model":"bonitaset/sword"},{"predicate":{"custom_model_data":413018},"model":"bonitaset/trident"},{"predicate":{"custom_model_data":443006},"model":"mysticcyanset/greatsword"},{"predicate":{"custom_model_data":443007},"model":"mysticcyanset/hammer"},{"predicate":{"custom_model_data":443012},"model":"mysticcyanset/scythe"},{"predicate":{"custom_model_data":443015},"model":"mysticcyanset/spear"},{"predicate":{"custom_model_data":443016},"model":"mysticcyanset/staff"},{"predicate":{"custom_model_data":443017},"model":"mysticcyanset/sword"},{"predicate":{"custom_model_data":443018},"model":"mysticcyanset/trident"},{"predicate":{"custom_model_data":493006},"model":"infernoset/hammer"},{"predicate":{"custom_model_data":493010},"model":"infernoset/knife"},{"predicate":{"custom_model_data":493012},"model":"infernoset/scythe"},{"predicate":{"custom_model_data":493015},"model":"infernoset/spear"},{"predicate":{"custom_model_data":493016},"model":"infernoset/staff"},{"predicate":{"custom_model_data":493017},"model":"infernoset/sword"},{"predicate":{"custom_model_data":493018},"model":"infernoset/trident"},{"predicate":{"custom_model_data":2100107},"model":"azureset/greatsword"},{"predicate":{"custom_model_data":2100108},"model":"azureset/hammer"},{"predicate":{"custom_model_data":2100113},"model":"azureset/scythe"},{"predicate":{"custom_model_data":2100116},"model":"azureset/spear"},{"predicate":{"custom_model_data":2100117},"model":"azureset/staff"},{"predicate":{"custom_model_data":2100118},"model":"azureset/sword"},{"predicate":{"custom_model_data":2100119},"model":"azureset/trident"}]}