{"parent":"item/handheld","textures":{"layer0":"item/iron_hoe"},"overrides":[{"predicate":{"custom_model_data":1000},"model":"fairyset/hoe"},{"predicate":{"custom_model_data":1001},"model":"oceanset/hoe"},{"predicate":{"custom_model_data":1002},"model":"protocalset/hoe"},{"predicate":{"custom_model_data":1003},"model":"shogunset/hoe"},{"predicate":{"custom_model_data":400009},"model":"beatsset/hoe"},{"predicate":{"custom_model_data":413009},"model":"bonitaset/hoe"},{"predicate":{"custom_model_data":443009},"model":"mysticcyanset/hoe"},{"predicate":{"custom_model_data":493008},"model":"infernoset/hoe"},{"predicate":{"custom_model_data":2100110},"model":"azureset/hoe"}]}