{"parent":"item/handheld","textures":{"layer0":"item/iron_shovel"},"overrides":[{"predicate":{"custom_model_data":1000},"model":"fairyset/shovel"},{"predicate":{"custom_model_data":1001},"model":"oceanset/shovel"},{"predicate":{"custom_model_data":1002},"model":"protocalset/shovel"},{"predicate":{"custom_model_data":1003},"model":"shogunset/shovel"},{"predicate":{"custom_model_data":400014},"model":"beatsset/shovel"},{"predicate":{"custom_model_data":413014},"model":"bonitaset/shovel"},{"predicate":{"custom_model_data":443014},"model":"mysticcyanset/shovel"},{"predicate":{"custom_model_data":493014},"model":"infernoset/shovel"},{"predicate":{"custom_model_data":2100115},"model":"azureset/shovel"}]}