{"parent":"item/handheld","textures":{"layer0":"item/iron_axe"},"overrides":[{"predicate":{"custom_model_data":1000},"model":"fairyset/axe"},{"predicate":{"custom_model_data":1001},"model":"oceanset/axe"},{"predicate":{"custom_model_data":1002},"model":"protocalset/axe"},{"predicate":{"custom_model_data":1003},"model":"shogunset/axe"},{"predicate":{"custom_model_data":400000},"model":"beatsset/axe"},{"predicate":{"custom_model_data":413000},"model":"bonitaset/axe"},{"predicate":{"custom_model_data":443000},"model":"mysticcyanset/axe"},{"predicate":{"custom_model_data":493000},"model":"infernoset/axe"},{"predicate":{"custom_model_data":2100101},"model":"azureset/axe"}]}