{"parent":"item/generated","textures":{"layer0":"item/leather_boots","layer1":"item/leather_boots_overlay"},"overrides":[{"predicate":{"custom_model_data":1000},"model":"emerald_boots"},{"predicate":{"custom_model_data":1001},"model":"obsidian_boots"},{"predicate":{"custom_model_data":1002},"model":"ruby_boots"},{"predicate":{"custom_model_data":1003},"model":"fairyset_boots"},{"predicate":{"custom_model_data":1004},"model":"protocalset_boots"},{"predicate":{"custom_model_data":1005},"model":"shogun_boots"},{"predicate":{"custom_model_data":400020},"model":"beatsset_boots"},{"predicate":{"custom_model_data":413020},"model":"bonitaset_boots"},{"predicate":{"custom_model_data":443020},"model":"mysticcyan_boots"},{"predicate":{"custom_model_data":493020},"model":"inferno_boots"},{"predicate":{"custom_model_data":2100121},"model":"azureset_boots"}]}