{"parent":"item/generated","textures":{"layer0":"item/leather_chestplate","layer1":"item/leather_chestplate_overlay"},"overrides":[{"predicate":{"custom_model_data":1000},"model":"emerald_chestplate"},{"predicate":{"custom_model_data":1001},"model":"obsidian_chestplate"},{"predicate":{"custom_model_data":1002},"model":"ruby_chestplate"},{"predicate":{"custom_model_data":1003},"model":"fairyset_chestplate"},{"predicate":{"custom_model_data":1004},"model":"protocalset_chestplate"},{"predicate":{"custom_model_data":1005},"model":"shogun_chestplate"},{"predicate":{"custom_model_data":400021},"model":"beatsset_chestplate"},{"predicate":{"custom_model_data":413021},"model":"bonitaset_chestplate"},{"predicate":{"custom_model_data":443021},"model":"mysticcyan_chestplate"},{"predicate":{"custom_model_data":493021},"model":"inferno_chestplate"},{"predicate":{"custom_model_data":2100122},"model":"azureset_chestplate"}]}