{"parent":"item/generated","textures":{"layer0":"item/leather_helmet","layer1":"item/leather_helmet_overlay"},"overrides":[{"predicate":{"custom_model_data":1000},"model":"emerald_helmet"},{"predicate":{"custom_model_data":1001},"model":"obsidian_helmet"},{"predicate":{"custom_model_data":1002},"model":"ruby_helmet"},{"predicate":{"custom_model_data":1003},"model":"fairyset_helmet"},{"predicate":{"custom_model_data":1004},"model":"protocalset_helmet"},{"predicate":{"custom_model_data":1005},"model":"shogun_helmet"},{"predicate":{"custom_model_data":400022},"model":"beatsset_helmet"},{"predicate":{"custom_model_data":413022},"model":"bonitaset_helmet"},{"predicate":{"custom_model_data":443008},"model":"mysticcyan_helmet"},{"predicate":{"custom_model_data":493022},"model":"inferno_helmet"},{"predicate":{"custom_model_data":2100123},"model":"azureset_helmet"}]}