{"parent":"item/generated","textures":{"layer0":"item/leather_leggings","layer1":"item/leather_leggings_overlay"},"overrides":[{"predicate":{"custom_model_data":1000},"model":"emerald_leggings"},{"predicate":{"custom_model_data":1001},"model":"obsidian_leggings"},{"predicate":{"custom_model_data":1002},"model":"ruby_leggings"},{"predicate":{"custom_model_data":1003},"model":"fairyset_leggings"},{"predicate":{"custom_model_data":1004},"model":"protocalset_leggings"},{"predicate":{"custom_model_data":1005},"model":"shogun_leggings"},{"predicate":{"custom_model_data":400023},"model":"beatsset_leggings"},{"predicate":{"custom_model_data":413023},"model":"bonitaset_leggings"},{"predicate":{"custom_model_data":443022},"model":"mysticcyan_leggings"},{"predicate":{"custom_model_data":493023},"model":"inferno_leggings"},{"predicate":{"custom_model_data":2100124},"model":"azureset_leggings"}]}