{"parent":"item/generated","textures":{"layer0":"item/paper"},"overrides":[{"predicate":{"custom_model_data":1000},"model":"default/caveblock"},{"predicate":{"custom_model_data":1001},"model":"amethyst_ore"},{"predicate":{"custom_model_data":1002},"model":"ruby_ore"},{"predicate":{"custom_model_data":1003},"model":"onyx_ore"},{"predicate":{"custom_model_data":1004},"model":"orax_ore"},{"predicate":{"custom_model_data":1005},"model":"brunnera"},{"predicate":{"custom_model_data":1006},"model":"daffodil"},{"predicate":{"custom_model_data":1007},"model":"dailily"},{"predicate":{"custom_model_data":1008},"model":"default/table"},{"predicate":{"custom_model_data":1009},"model":"default/cart"},{"predicate":{"custom_model_data":1010},"model":"default/chair"},{"predicate":{"custom_model_data":1011},"model":"default/coach"},{"predicate":{"custom_model_data":1012},"model":"default/shelf"},{"predicate":{"custom_model_data":1013},"model":"arrow_next_icon"},{"predicate":{"custom_model_data":1014},"model":"arrow_previous_icon"},{"predicate":{"custom_model_data":1015},"model":"exit_icon"},{"predicate":{"custom_model_data":1016},"model":"default/anubis_head"},{"predicate":{"custom_model_data":1017},"model":"default/crown"},{"predicate":{"custom_model_data":1018},"model":"default/pharaoh_head"},{"predicate":{"custom_model_data":1019},"model":"default/witch_hat"},{"predicate":{"custom_model_data":1020},"model":"default/space_helmet"},{"predicate":{"custom_model_data":1021},"model":"amethyst"},{"predicate":{"custom_model_data":1022},"model":"ruby"},{"predicate":{"custom_model_data":1023},"model":"onyx"},{"predicate":{"custom_model_data":1024},"model":"orax"},{"predicate":{"custom_model_data":1025},"model":"block/fire_floor0"},{"predicate":{"custom_model_data":1026},"model":"weed_seed"},{"predicate":{"custom_model_data":1027},"model":"default/weed/stage0"},{"predicate":{"custom_model_data":1028},"model":"default/weed/stage1"},{"predicate":{"custom_model_data":1029},"model":"default/weed/stage2"},{"predicate":{"custom_model_data":1030},"model":"default/weed/stage3"},{"predicate":{"custom_model_data":1031},"model":"grape_seeds"},{"predicate":{"custom_model_data":1032},"model":"default/grape/stage0"},{"predicate":{"custom_model_data":1033},"model":"default/grape/stage1"},{"predicate":{"custom_model_data":1034},"model":"default/grape/stage2"},{"predicate":{"custom_model_data":1035},"model":"default/grape/stage3"},{"predicate":{"custom_model_data":1036},"model":"default/grape/stage4"},{"predicate":{"custom_model_data":1037},"model":"iron_cog"},{"predicate":{"custom_model_data":1038},"model":"gold_cog"},{"predicate":{"custom_model_data":1039},"model":"diamond_cog"},{"predicate":{"custom_model_data":1040},"model":"fairyset/chest"},{"predicate":{"custom_model_data":1041},"model":"fairyset/chest_opening"},{"predicate":{"custom_model_data":1042},"model":"fairyset/helmet"},{"predicate":{"custom_model_data":1043},"model":"fairyset/key"},{"predicate":{"custom_model_data":1044},"model":"fairyset/wings"},{"predicate":{"custom_model_data":1045},"model":"oceanset/backpack"},{"predicate":{"custom_model_data":1046},"model":"oceanset/chest"},{"predicate":{"custom_model_data":1047},"model":"oceanset/chest_opening"},{"predicate":{"custom_model_data":1048},"model":"oceanset/flag"},{"predicate":{"custom_model_data":1049},"model":"oceanset/helmet"},{"predicate":{"custom_model_data":1050},"model":"oceanset/key"},{"predicate":{"custom_model_data":1051},"model":"protocalset/chest"},{"predicate":{"custom_model_data":1052},"model":"protocalset/chest_opening"},{"predicate":{"custom_model_data":1053},"model":"protocalset/helmet"},{"predicate":{"custom_model_data":1054},"model":"protocalset/key"},{"predicate":{"custom_model_data":1055},"model":"protocalset/wings"},{"predicate":{"custom_model_data":1056},"model":"shogunset/chest"},{"predicate":{"custom_model_data":1057},"model":"shogunset/flag_backpack"},{"predicate":{"custom_model_data":1058},"model":"shogunset/helmet"},{"predicate":{"custom_model_data":1059},"model":"shogunset/katana_sheath"},{"predicate":{"custom_model_data":1060},"model":"shogunset/key"},{"predicate":{"custom_model_data":400002},"model":"beatsset/chest"},{"predicate":{"custom_model_data":400003},"model":"beatsset/chest_opening"},{"predicate":{"custom_model_data":400008},"model":"beatsset/helmet"},{"predicate":{"custom_model_data":400010},"model":"beatsset/key"},{"predicate":{"custom_model_data":400019},"model":"beatsset/wings"},{"predicate":{"custom_model_data":413001},"model":"bonitaset/backpack"},{"predicate":{"custom_model_data":413003},"model":"bonitaset/chest"},{"predicate":{"custom_model_data":413008},"model":"bonitaset/helmet"},{"predicate":{"custom_model_data":413010},"model":"bonitaset/key"},{"predicate":{"custom_model_data":413019},"model":"bonitaset/wings"},{"predicate":{"custom_model_data":443001},"model":"mysticcyanset/backpack"},{"predicate":{"custom_model_data":443003},"model":"mysticcyanset/chest"},{"predicate":{"custom_model_data":443010},"model":"mysticcyanset/key"},{"predicate":{"custom_model_data":443019},"model":"mysticcyanset/wings"},{"predicate":{"custom_model_data":493001},"model":"infernoset/backpack"},{"predicate":{"custom_model_data":493003},"model":"infernoset/chest"},{"predicate":{"custom_model_data":493007},"model":"infernoset/helmet"},{"predicate":{"custom_model_data":493009},"model":"infernoset/key"},{"predicate":{"custom_model_data":493019},"model":"infernoset/wings"},{"predicate":{"custom_model_data":2100103},"model":"azureset/chest"},{"predicate":{"custom_model_data":2100104},"model":"azureset/chest_opening"},{"predicate":{"custom_model_data":2100109},"model":"azureset/helmet"},{"predicate":{"custom_model_data":2100111},"model":"azureset/key"},{"predicate":{"custom_model_data":2100120},"model":"azureset/wings"}]}