{"parent":"item/generated","textures":{"layer0":"item/potion_overlay","layer1":"item/potion"},"overrides":[{"predicate":{"custom_model_data":1500001},"model":"protocalset/wings_cosmeticscore"},{"predicate":{"custom_model_data":1500002},"model":"protocalset/wings_cosmeticscore_self"},{"predicate":{"custom_model_data":1500003},"model":"protocalset/helmet"},{"predicate":{"custom_model_data":2000001},"model":"fairyset/wings_cosmeticscore"},{"predicate":{"custom_model_data":2000002},"model":"fairyset/wings_cosmeticscore_self"},{"predicate":{"custom_model_data":2000003},"model":"fairyset/helmet"},{"predicate":{"custom_model_data":2100001},"model":"azureset/wings_cosmeticscore"},{"predicate":{"custom_model_data":2100002},"model":"azureset/wings_cosmeticscore_self"},{"predicate":{"custom_model_data":2100003},"model":"azureset/helmet"},{"predicate":{"custom_model_data":2200001},"model":"beatsset/wings_cosmeticscore"},{"predicate":{"custom_model_data":2200002},"model":"beatsset/wings_cosmeticscore_self"},{"predicate":{"custom_model_data":2200003},"model":"beatsset/helmet"},{"predicate":{"custom_model_data":2500001},"model":"bonitaset/wings_cosmeticscore"},{"predicate":{"custom_model_data":2500002},"model":"bonitaset/wings_cosmeticscore_self"},{"predicate":{"custom_model_data":2500003},"model":"bonitaset/helmet"},{"predicate":{"custom_model_data":2500004},"model":"bonitaset/backpack_cosmeticscore"},{"predicate":{"custom_model_data":2500005},"model":"bonitaset/backpack_cosmeticscore_self"},{"predicate":{"custom_model_data":2800001},"model":"mysticcyanset/wings_cosmeticscore"},{"predicate":{"custom_model_data":2800002},"model":"mysticcyanset/wings_cosmeticscore_self"},{"predicate":{"custom_model_data":2800003},"model":"mysticcyanset/helmet"},{"predicate":{"custom_model_data":2800004},"model":"mysticcyanset/backpack_cosmeticscore"},{"predicate":{"custom_model_data":2800005},"model":"mysticcyanset/backpack_cosmeticscore_self"},{"predicate":{"custom_model_data":3400001},"model":"infernoset/wings_cosmetics"},{"predicate":{"custom_model_data":3400002},"model":"infernoset/wings_cosmetics_self"},{"predicate":{"custom_model_data":3400003},"model":"infernoset/helmet"},{"predicate":{"custom_model_data":3400004},"model":"infernoset/backpack_cosmetics"},{"predicate":{"custom_model_data":3400005},"model":"infernoset/backpack_cosmetics_self"},{"predicate":{"custom_model_data":7850000},"model":"shogunset/helmet"},{"predicate":{"custom_model_data":7850001},"model":"shogunset/katana_sheath_cosmetics"},{"predicate":{"custom_model_data":7850002},"model":"shogunset/katana_sheath_cosmetics_self"},{"predicate":{"custom_model_data":7850003},"model":"shogunset/katana_sheath_cosmetics_self_2"},{"predicate":{"custom_model_data":7850004},"model":"shogunset/katana_sheath_cosmetics_normal_2"},{"predicate":{"custom_model_data":7850005},"model":"shogunset/flag_backpack_cosmetics"},{"predicate":{"custom_model_data":7850006},"model":"shogunset/flag_backpack_cosmetics_self"},{"predicate":{"custom_model_data":7850007},"model":"shogunset/flag_backpack_cosmetics_self_2"},{"predicate":{"custom_model_data":7850008},"model":"shogunset/flag_backpack_cosmetics_normal_2"}]}