{"parent":"builtin/entity","textures":{"layer0":"item/shield"},"gui_light":"front","display":{"thirdperson_righthand":{"rotation":[0,90,0],"translation":[10,6,-4],"scale":[1,1,1]},"thirdperson_lefthand":{"rotation":[0,90,0],"translation":[10,6,12],"scale":[1,1,1]},"firstperson_righthand":{"rotation":[0,180,5],"translation":[-10,2,-10],"scale":[1.25,1.25,1.25]},"firstperson_lefthand":{"rotation":[0,180,5],"translation":[10,0,-10],"scale":[1.25,1.25,1.25]},"gui":{"rotation":[15,-25,-5],"translation":[2,3,0],"scale":[0.65,0.65,0.65]},"fixed":{"rotation":[0,180,0],"translation":[-2,4,-5],"scale":[0.5,0.5,0.5]},"ground":{"rotation":[0,0,0],"translation":[4,4,2],"scale":[0.25,0.25,0.25]}},"overrides":[{"predicate":{"blocking":1},"model":"item/shield_blocking"},{"predicate":{"custom_model_data":1000},"model":"default/divine_shield"},{"predicate":{"blocking":1,"custom_model_data":1000},"model":"default/divine_shield_blocking"},{"predicate":{"custom_model_data":1001},"model":"fairyset/shield"},{"predicate":{"blocking":1,"custom_model_data":1001},"model":"fairyset/shield_blocking"},{"predicate":{"custom_model_data":1002},"model":"oceanset/shield"},{"predicate":{"blocking":1,"custom_model_data":1002},"model":"oceanset/shield_blocking"},{"predicate":{"custom_model_data":1003},"model":"protocalset/shield"},{"predicate":{"blocking":1,"custom_model_data":1003},"model":"protocalset/shield_blocking"},{"predicate":{"custom_model_data":1004},"model":"shogunset/shield"},{"predicate":{"blocking":1,"custom_model_data":1004},"model":"shogunset/shield_blocking"},{"predicate":{"custom_model_data":400013},"model":"beatsset/shield"},{"predicate":{"blocking":1,"custom_model_data":400013},"model":"beatsset/shield_blocking"},{"predicate":{"custom_model_data":413013},"model":"bonitaset/shield"},{"predicate":{"blocking":1,"custom_model_data":413013},"model":"bonitaset/shield_blocking"},{"predicate":{"custom_model_data":443013},"model":"mysticcyanset/shield"},{"predicate":{"blocking":1,"custom_model_data":443013},"model":"mysticcyanset/shield_blocking"},{"predicate":{"custom_model_data":493013},"model":"infernoset/shield"},{"predicate":{"blocking":1,"custom_model_data":493013},"model":"infernoset/shield_blocking"},{"predicate":{"custom_model_data":2100114},"model":"azureset/shield"},{"predicate":{"blocking":1,"custom_model_data":2100114},"model":"azureset/shield_blocking"}]}