{
	"credit": "Made by PolygonMC",
	"texture_size": [28, 28],
	"textures": {
		"3": "fairyset/animations/animations_02",
		"4": "fairyset/animations/animations_03",
		"5": "fairyset/shield",
		"6": "fairyset/animations/animations_04",
		"particle": "fairyset/animations/animations_04"
	},
	"elements": [
		{
			"from": [7.5, 2.95, 9.4],
			"to": [8.5, 8.95, 10.4],
			"rotation": {"angle": 0, "axis": "y", "origin": [8, 8, 8]},
			"faces": {
				"north": {"uv": [8.57143, 0, 9.14286, 3.42857], "texture": "#5"},
				"east": {"uv": [5.71429, 7.42857, 6.28571, 10.85714], "texture": "#5"},
				"south": {"uv": [8, 4, 8.57143, 7.42857], "texture": "#5"},
				"west": {"uv": [8, 7.42857, 8.57143, 10.85714], "texture": "#5"}
			}
		},
		{
			"from": [7.4, 3.95, 9.3],
			"to": [8.6, 4.45, 10.5],
			"rotation": {"angle": 0, "axis": "y", "origin": [8, 8, 8]},
			"faces": {
				"north": {"uv": [14.28571, 1.71429, 15, 2], "texture": "#5"},
				"east": {"uv": [14.14286, 10.42857, 14.85714, 10.71429], "texture": "#5"},
				"south": {"uv": [15.28571, 10.42857, 16, 10.71429], "texture": "#5"},
				"west": {"uv": [14.28571, 1.14286, 15, 1.42857], "texture": "#5"},
				"up": {"uv": [12.14286, 9.85714, 11.42857, 9.14286], "rotation": 90, "texture": "#5"},
				"down": {"uv": [12.14286, 11.42857, 11.42857, 12.14286], "rotation": 270, "texture": "#5"}
			}
		},
		{
			"from": [7.4, 7.7, 9.3],
			"to": [8.6, 8.2, 10.5],
			"rotation": {"angle": 0, "axis": "y", "origin": [8, 8, 8]},
			"faces": {
				"north": {"uv": [14.28571, 3.42857, 15, 3.71429], "texture": "#5"},
				"east": {"uv": [14.28571, 2.28571, 15, 2.57143], "texture": "#5"},
				"south": {"uv": [14.28571, 2.85714, 15, 3.14286], "texture": "#5"},
				"west": {"uv": [3.71429, 14.28571, 4.42857, 14.57143], "texture": "#5"},
				"up": {"uv": [16, 4.57143, 15.28571, 3.85714], "rotation": 90, "texture": "#5"},
				"down": {"uv": [12.71429, 1.14286, 12, 1.85714], "rotation": 270, "texture": "#5"}
			}
		},
		{
			"from": [7.4, 5.45, 9.3],
			"to": [8.6, 6.7, 10.5],
			"rotation": {"angle": 0, "axis": "y", "origin": [8, 8, 8]},
			"faces": {
				"north": {"uv": [12, 5.71429, 12.71429, 6.42857], "texture": "#5"},
				"east": {"uv": [12, 2.28571, 12.71429, 3], "texture": "#5"},
				"south": {"uv": [3.71429, 12, 4.42857, 12.71429], "texture": "#5"},
				"west": {"uv": [12, 3.42857, 12.71429, 4.14286], "texture": "#5"},
				"up": {"uv": [7.57143, 12.71429, 6.85714, 12], "rotation": 90, "texture": "#5"},
				"down": {"uv": [12.71429, 8, 12, 8.71429], "rotation": 270, "texture": "#5"}
			}
		},
		{
			"from": [11.16535, 3.63465, 9.3],
			"to": [12.36535, 4.83465, 10.5],
			"rotation": {"angle": -45, "axis": "z", "origin": [8, 8, 8]},
			"faces": {
				"north": {"uv": [4.57143, 12.57143, 5.28571, 13.28571], "texture": "#5"},
				"east": {"uv": [12, 10.28571, 12.71429, 11], "texture": "#5"},
				"south": {"uv": [15.28571, 4.71429, 16, 5.42857], "texture": "#5"},
				"west": {"uv": [12.57143, 0, 13.28571, 0.71429], "texture": "#5"},
				"up": {"uv": [13.28571, 5.28571, 12.57143, 4.57143], "rotation": 90, "texture": "#5"},
				"down": {"uv": [13.28571, 6.85714, 12.57143, 7.57143], "rotation": 270, "texture": "#5"}
			}
		},
		{
			"from": [11.36535, 3.83465, 9.1],
			"to": [12.16535, 4.63465, 10.7],
			"rotation": {"angle": -45, "axis": "z", "origin": [8, 8, 8]},
			"faces": {
				"north": {"uv": [4.57143, 14.28571, 5, 14.71429], "texture": "#5"},
				"east": {"uv": [13.14286, 5.71429, 14, 6.14286], "texture": "#5"},
				"south": {"uv": [14.28571, 4, 14.71429, 4.42857], "texture": "#5"},
				"west": {"uv": [6.28571, 13.14286, 7.14286, 13.57143], "texture": "#5"},
				"up": {"uv": [14, 6.71429, 13.14286, 6.28571], "rotation": 90, "texture": "#5"},
				"down": {"uv": [14, 8, 13.14286, 8.42857], "rotation": 270, "texture": "#5"}
			}
		},
		{
			"from": [3.34176, 10.45824, 5.65],
			"to": [5.54176, 12.65824, 6.85],
			"rotation": {"angle": -45, "axis": "z", "origin": [8, 8, 8]},
			"faces": {
				"north": {"uv": [9.14286, 1.71429, 10.42857, 3], "texture": "#5"},
				"east": {"uv": [15.28571, 0, 16, 1.28571], "texture": "#5"},
				"south": {"uv": [9.14286, 0, 10.42857, 1.28571], "texture": "#5"},
				"west": {"uv": [6.85714, 10.28571, 7.57143, 11.57143], "texture": "#5"},
				"up": {"uv": [11, 8.14286, 10.28571, 6.85714], "rotation": 90, "texture": "#5"},
				"down": {"uv": [11, 8.57143, 10.28571, 9.85714], "rotation": 270, "texture": "#5"}
			}
		},
		{
			"from": [3.59176, 10.70824, 5.4],
			"to": [5.29176, 12.40824, 7.1],
			"rotation": {"angle": -45, "axis": "z", "origin": [8, 8, 8]},
			"faces": {
				"north": {"uv": [9.14286, 8.57143, 10.14286, 9.57143], "texture": "#5"},
				"east": {"uv": [6.85714, 4, 7.85714, 5], "texture": "#5"},
				"south": {"uv": [6.85714, 9.14286, 7.85714, 10.14286], "texture": "#5"},
				"west": {"uv": [9.14286, 7.42857, 10.14286, 8.42857], "texture": "#5"},
				"up": {"uv": [10.71429, 4.42857, 9.71429, 3.42857], "rotation": 90, "texture": "#5"},
				"down": {"uv": [10.71429, 4.57143, 9.71429, 5.57143], "rotation": 270, "texture": "#5"}
			}
		},
		{
			"from": [8.65325, 12.49575, 5.75],
			"to": [10.65325, 13.49575, 6.75],
			"rotation": {"angle": 0, "axis": "x", "origin": [8, 8, 8]},
			"faces": {
				"north": {"uv": [10.85714, 6.28571, 12, 6.85714], "texture": "#5"},
				"east": {"uv": [9.71429, 6.85714, 10.28571, 7.42857], "texture": "#5"},
				"south": {"uv": [10.85714, 5.71429, 12, 6.28571], "texture": "#5"},
				"down": {"uv": [9.71429, 10.85714, 9.14286, 12], "rotation": 270, "texture": "#5"}
			}
		},
		{
			"from": [6.80561, 12.26814, 5.845],
			"to": [8.42561, 13.07814, 6.655],
			"rotation": {"angle": -22.5, "axis": "z", "origin": [8, 8, 8]},
			"faces": {
				"north": {"uv": [9.71429, 13.14286, 10.57143, 13.57143], "texture": "#5"},
				"east": {"uv": [14.28571, 4.57143, 14.71429, 5], "texture": "#5"},
				"south": {"uv": [13.14286, 8.57143, 14, 9], "texture": "#5"},
				"down": {"uv": [7.85714, 13.14286, 7.42857, 14], "rotation": 270, "texture": "#5"}
			}
		},
		{
			"from": [10.65275, 12.04919, 5.68],
			"to": [12.93275, 13.18919, 6.82],
			"rotation": {"angle": 22.5, "axis": "z", "origin": [8, 8, 8]},
			"faces": {
				"north": {"uv": [10.85714, 0, 12.14286, 0.71429], "texture": "#5"},
				"east": {"uv": [8, 12.57143, 8.71429, 13.28571], "texture": "#5"},
				"south": {"uv": [10.28571, 10.28571, 11.57143, 11], "texture": "#5"},
				"west": {"uv": [12.57143, 9.14286, 13.28571, 9.85714], "texture": "#5"},
				"up": {"uv": [11.57143, 2.42857, 10.85714, 1.14286], "rotation": 90, "texture": "#5"},
				"down": {"uv": [11.57143, 2.85714, 10.85714, 4.14286], "rotation": 270, "texture": "#5"}
			}
		},
		{
			"from": [5.75, -0.075, 9.885],
			"to": [10.25, 3.925, 9.915],
			"rotation": {"angle": 0, "axis": "y", "origin": [8, 8, 8]},
			"faces": {
				"north": {"uv": [3.57143, 5.14286, 6.14286, 7.42857], "texture": "#5"},
				"south": {"uv": [6.14286, 5.14286, 3.57143, 7.42857], "texture": "#5"}
			}
		},
		{
			"from": [5.75, 8.225, 9.885],
			"to": [10.25, 12.225, 9.915],
			"rotation": {"angle": 0, "axis": "y", "origin": [8, 8, 8]},
			"faces": {
				"north": {"uv": [3.57143, 7.42857, 6.14286, 5.14286], "texture": "#5"},
				"south": {"uv": [6.14286, 7.42857, 3.57143, 5.14286], "texture": "#5"}
			}
		},
		{
			"from": [6.75, 5.4705, 6],
			"to": [9.25, 12.4705, 6.5],
			"rotation": {"angle": 0, "axis": "x", "origin": [8, 8, 8]},
			"faces": {
				"north": {"uv": [6.85714, 0, 8.28571, 4], "texture": "#5"},
				"east": {"uv": [9.14286, 3.42857, 9.42857, 7.42857], "texture": "#5"},
				"south": {"uv": [6.28571, 5.14286, 7.71429, 9.14286], "texture": "#5"},
				"west": {"uv": [6.28571, 9.14286, 6.57143, 13.14286], "texture": "#5"}
			}
		},
		{
			"from": [7.25, 0.925, 5.75],
			"to": [8.75, 6.925, 6.75],
			"rotation": {"angle": 0, "axis": "y", "origin": [8, 8, 8]},
			"faces": {
				"north": {"uv": [4.57143, 7.42857, 5.42857, 10.85714], "texture": "#5"},
				"east": {"uv": [8.57143, 3.42857, 9.14286, 6.85714], "texture": "#5"},
				"south": {"uv": [3.57143, 7.42857, 4.42857, 10.85714], "texture": "#5"},
				"west": {"uv": [8.57143, 6.85714, 9.14286, 10.28571], "texture": "#5"}
			}
		},
		{
			"from": [6, 8.4705, 6],
			"to": [6.75, 12.4705, 6.5],
			"rotation": {"angle": 0, "axis": "x", "origin": [8, 8, 8]},
			"faces": {
				"north": {"uv": [15.57143, 1.42857, 16, 3.71429], "texture": "#5"},
				"south": {"uv": [15, 1.42857, 15.42857, 3.71429], "texture": "#5"},
				"west": {"uv": [9.71429, 10.85714, 10, 13.14286], "texture": "#5"},
				"up": {"uv": [7.71429, 14.71429, 7.42857, 14.28571], "rotation": 90, "texture": "#5"},
				"down": {"uv": [14.57143, 7.42857, 14.28571, 7.85714], "rotation": 270, "texture": "#5"}
			}
		},
		{
			"from": [8.90113, 4.32387, 6.001],
			"to": [9.65113, 5.32387, 6.499],
			"rotation": {"angle": -45, "axis": "z", "origin": [8, 8, 8]},
			"faces": {
				"north": {"uv": [12.57143, 13.71429, 13, 14.28571], "texture": "#5"},
				"east": {"uv": [14.28571, 5.71429, 14.57143, 6.28571], "texture": "#5"},
				"south": {"uv": [13.71429, 9.71429, 14.14286, 10.28571], "texture": "#5"},
				"west": {"uv": [6.28571, 14.28571, 6.57143, 14.85714], "texture": "#5"},
				"down": {"uv": [8.28571, 14.28571, 8, 14.71429], "rotation": 270, "texture": "#5"}
			}
		},
		{
			"from": [10.6689, 2.5561, 6.001],
			"to": [11.6689, 3.3061, 6.499],
			"rotation": {"angle": -45, "axis": "z", "origin": [8, 8, 8]},
			"faces": {
				"north": {"uv": [13.14286, 13.71429, 13.71429, 14.14286], "texture": "#5"},
				"east": {"uv": [14.28571, 8, 14.57143, 8.42857], "texture": "#5"},
				"south": {"uv": [13.71429, 12.57143, 14.28571, 13], "texture": "#5"},
				"up": {"uv": [14.57143, 6.85714, 14.28571, 6.28571], "rotation": 90, "texture": "#5"},
				"down": {"uv": [7.14286, 14.28571, 6.85714, 14.85714], "rotation": 270, "texture": "#5"}
			}
		},
		{
			"from": [6.03778, 2.26339, 6],
			"to": [6.78778, 4.76339, 6.5],
			"rotation": {"angle": 0, "axis": "x", "origin": [8, 8, 8]},
			"faces": {
				"north": {"uv": [10.85714, 11.42857, 11.28571, 12.85714], "texture": "#5"},
				"east": {"uv": [9.14286, 12, 9.42857, 13.42857], "texture": "#5"},
				"south": {"uv": [10.28571, 11.42857, 10.71429, 12.85714], "texture": "#5"},
				"west": {"uv": [5.71429, 12.57143, 6, 14], "texture": "#5"},
				"up": {"uv": [8.85714, 14.71429, 8.57143, 14.28571], "rotation": 90, "texture": "#5"},
				"down": {"uv": [14.57143, 8.57143, 14.28571, 9], "rotation": 270, "texture": "#5"}
			}
		},
		{
			"from": [6.2531, 6.91848, 6.001],
			"to": [7.3281, 7.66848, 6.499],
			"rotation": {"angle": -45, "axis": "z", "origin": [8, 8, 8]},
			"faces": {
				"north": {"uv": [13.71429, 13.71429, 14.28571, 14.14286], "texture": "#5"},
				"south": {"uv": [13.71429, 13.14286, 14.28571, 13.57143], "texture": "#5"},
				"down": {"uv": [14.57143, 6.85714, 14.28571, 7.42857], "rotation": 270, "texture": "#5"}
			}
		},
		{
			"from": [9.25, 8.4705, 6],
			"to": [10, 12.4705, 6.5],
			"rotation": {"angle": 0, "axis": "x", "origin": [8, 8, 8]},
			"faces": {
				"north": {"uv": [16, 1.42857, 15.57143, 3.71429], "texture": "#5"},
				"east": {"uv": [10, 10.85714, 9.71429, 13.14286], "texture": "#5"},
				"south": {"uv": [15.42857, 1.42857, 15, 3.71429], "texture": "#5"},
				"up": {"uv": [7.71429, 14.28571, 7.42857, 14.71429], "rotation": 90, "texture": "#5"},
				"down": {"uv": [14.57143, 7.85714, 14.28571, 7.42857], "rotation": 270, "texture": "#5"}
			}
		},
		{
			"from": [8.6719, 6.91848, 6.001],
			"to": [9.7469, 7.66848, 6.499],
			"rotation": {"angle": 45, "axis": "z", "origin": [8, 8, 8]},
			"faces": {
				"north": {"uv": [14.28571, 13.71429, 13.71429, 14.14286], "texture": "#5"},
				"south": {"uv": [14.28571, 13.14286, 13.71429, 13.57143], "texture": "#5"},
				"down": {"uv": [14.57143, 7.42857, 14.28571, 6.85714], "rotation": 270, "texture": "#5"}
			}
		},
		{
			"from": [6.34887, 4.32387, 6.001],
			"to": [7.09887, 5.32387, 6.499],
			"rotation": {"angle": 45, "axis": "z", "origin": [8, 8, 8]},
			"faces": {
				"north": {"uv": [13, 13.71429, 12.57143, 14.28571], "texture": "#5"},
				"east": {"uv": [6.57143, 14.28571, 6.28571, 14.85714], "texture": "#5"},
				"south": {"uv": [14.14286, 9.71429, 13.71429, 10.28571], "texture": "#5"},
				"west": {"uv": [14.57143, 5.71429, 14.28571, 6.28571], "texture": "#5"},
				"down": {"uv": [8.28571, 14.71429, 8, 14.28571], "rotation": 270, "texture": "#5"}
			}
		},
		{
			"from": [9.21222, 2.26339, 6],
			"to": [9.96222, 4.76339, 6.5],
			"rotation": {"angle": 0, "axis": "x", "origin": [8, 8, 8]},
			"faces": {
				"north": {"uv": [11.28571, 11.42857, 10.85714, 12.85714], "texture": "#5"},
				"east": {"uv": [6, 12.57143, 5.71429, 14], "texture": "#5"},
				"south": {"uv": [10.71429, 11.42857, 10.28571, 12.85714], "texture": "#5"},
				"west": {"uv": [9.42857, 12, 9.14286, 13.42857], "texture": "#5"},
				"up": {"uv": [8.85714, 14.28571, 8.57143, 14.71429], "rotation": 90, "texture": "#5"},
				"down": {"uv": [14.57143, 9, 14.28571, 8.57143], "rotation": 270, "texture": "#5"}
			}
		},
		{
			"from": [4.3311, 2.5561, 6.001],
			"to": [5.3311, 3.3061, 6.499],
			"rotation": {"angle": 45, "axis": "z", "origin": [8, 8, 8]},
			"faces": {
				"north": {"uv": [13.71429, 13.71429, 13.14286, 14.14286], "texture": "#5"},
				"south": {"uv": [14.28571, 12.57143, 13.71429, 13], "texture": "#5"},
				"west": {"uv": [14.57143, 8, 14.28571, 8.42857], "texture": "#5"},
				"up": {"uv": [14.57143, 6.28571, 14.28571, 6.85714], "rotation": 90, "texture": "#5"},
				"down": {"uv": [7.14286, 14.85714, 6.85714, 14.28571], "rotation": 270, "texture": "#5"}
			}
		},
		{
			"from": [8.90113, 5.32387, 5.9975],
			"to": [10.67613, 7.09887, 6.5025],
			"rotation": {"angle": -45, "axis": "z", "origin": [8, 8, 8]},
			"faces": {
				"north": {"uv": [9.14286, 9.71429, 10.14286, 10.71429], "texture": "#5"},
				"east": {"uv": [10.28571, 13.71429, 10.57143, 14.71429], "texture": "#5"},
				"south": {"uv": [9.71429, 5.71429, 10.71429, 6.71429], "texture": "#5"},
				"west": {"uv": [11.42857, 13.71429, 11.71429, 14.71429], "texture": "#5"},
				"up": {"uv": [14, 12.42857, 13.71429, 11.42857], "rotation": 90, "texture": "#5"},
				"down": {"uv": [12.28571, 13.71429, 12, 14.71429], "rotation": 270, "texture": "#5"}
			}
		},
		{
			"from": [8.22864, 6.70836, 5.7475],
			"to": [9.29164, 7.77136, 6.7525],
			"rotation": {"angle": -45, "axis": "z", "origin": [8, 8, 8]},
			"faces": {
				"north": {"uv": [13.71429, 5.14286, 14.28571, 5.71429], "texture": "#5"},
				"east": {"uv": [8.57143, 10.28571, 9.14286, 10.85714], "texture": "#5"},
				"south": {"uv": [4.57143, 12, 5.14286, 12.57143], "texture": "#5"},
				"west": {"uv": [13.71429, 4.57143, 14.28571, 5.14286], "texture": "#5"},
				"up": {"uv": [6.85714, 14.28571, 6.28571, 13.71429], "rotation": 90, "texture": "#5"},
				"down": {"uv": [7.42857, 13.71429, 6.85714, 14.28571], "rotation": 270, "texture": "#5"}
			}
		},
		{
			"from": [12.47128, 2.46572, 5.7475],
			"to": [13.53428, 3.52872, 6.7525],
			"rotation": {"angle": -45, "axis": "z", "origin": [8, 8, 8]},
			"faces": {
				"north": {"uv": [8.57143, 13.71429, 9.14286, 14.28571], "texture": "#5"},
				"east": {"uv": [13.71429, 6.85714, 14.28571, 7.42857], "texture": "#5"},
				"south": {"uv": [13.71429, 7.42857, 14.28571, 8], "texture": "#5"},
				"west": {"uv": [8, 13.71429, 8.57143, 14.28571], "texture": "#5"},
				"up": {"uv": [9.71429, 14.28571, 9.14286, 13.71429], "rotation": 90, "texture": "#5"},
				"down": {"uv": [14.28571, 9.14286, 13.71429, 9.71429], "rotation": 270, "texture": "#5"}
			}
		},
		{
			"from": [9.25, 10.575, 6.22],
			"to": [16.75, 19.075, 6.28],
			"rotation": {"angle": 0, "axis": "y", "origin": [8, 8, 8]},
			"faces": {
				"north": {"uv": [2.28571, 0, 6.57143, 4.85714], "texture": "#5"},
				"south": {"uv": [6.57143, 0, 2.28571, 4.85714], "texture": "#5"}
			}
		},
		{
			"from": [3.06725, 12.04919, 5.68],
			"to": [5.34725, 13.18919, 6.82],
			"rotation": {"angle": -22.5, "axis": "z", "origin": [8, 8, 8]},
			"faces": {
				"north": {"uv": [10.85714, 4.57143, 12.14286, 5.28571], "texture": "#5"},
				"east": {"uv": [11.42857, 12.57143, 12.14286, 13.28571], "texture": "#5"},
				"south": {"uv": [3.71429, 11, 5, 11.71429], "texture": "#5"},
				"west": {"uv": [12.57143, 11.42857, 13.28571, 12.14286], "texture": "#5"},
				"up": {"uv": [5.85714, 12.14286, 5.14286, 10.85714], "rotation": 90, "texture": "#5"},
				"down": {"uv": [8.71429, 10.85714, 8, 12.14286], "rotation": 270, "texture": "#5"}
			}
		},
		{
			"from": [5.34675, 12.49575, 5.75],
			"to": [7.34675, 13.49575, 6.75],
			"rotation": {"angle": 0, "axis": "x", "origin": [8, 8, 8]},
			"faces": {
				"north": {"uv": [11.42857, 7.42857, 12.57143, 8], "texture": "#5"},
				"south": {"uv": [11.42857, 6.85714, 12.57143, 7.42857], "texture": "#5"},
				"west": {"uv": [9.71429, 13.71429, 10.28571, 14.28571], "texture": "#5"},
				"down": {"uv": [12, 8, 11.42857, 9.14286], "rotation": 270, "texture": "#5"}
			}
		},
		{
			"from": [7.57439, 12.26814, 5.845],
			"to": [9.19439, 13.07814, 6.655],
			"rotation": {"angle": 22.5, "axis": "z", "origin": [8, 8, 8]},
			"faces": {
				"north": {"uv": [13.14286, 10.85714, 14, 11.28571], "texture": "#5"},
				"south": {"uv": [13.14286, 10.28571, 14, 10.71429], "texture": "#5"},
				"west": {"uv": [5.14286, 14.28571, 5.57143, 14.71429], "texture": "#5"},
				"down": {"uv": [11.28571, 13.14286, 10.85714, 14], "rotation": 270, "texture": "#5"}
			}
		},
		{
			"from": [8.30156, 8.30156, 9.3],
			"to": [9.50156, 9.50156, 10.5],
			"rotation": {"angle": 45, "axis": "z", "origin": [8, 8, 8]},
			"faces": {
				"north": {"uv": [13.14286, 2.28571, 13.85714, 3], "texture": "#5"},
				"east": {"uv": [12.57143, 12.57143, 13.28571, 13.28571], "texture": "#5"},
				"south": {"uv": [15.28571, 5.57143, 16, 6.28571], "texture": "#5"},
				"west": {"uv": [13.14286, 1.14286, 13.85714, 1.85714], "texture": "#5"},
				"up": {"uv": [4.42857, 13.85714, 3.71429, 13.14286], "rotation": 90, "texture": "#5"},
				"down": {"uv": [13.85714, 3.42857, 13.14286, 4.14286], "rotation": 270, "texture": "#5"}
			}
		},
		{
			"from": [8.50156, 8.50156, 9.1],
			"to": [9.30156, 9.30156, 10.7],
			"rotation": {"angle": 45, "axis": "z", "origin": [8, 8, 8]},
			"faces": {
				"north": {"uv": [5.71429, 14.28571, 6.14286, 14.71429], "texture": "#5"},
				"east": {"uv": [15.14286, 6.42857, 16, 6.85714], "texture": "#5"},
				"south": {"uv": [14.28571, 5.14286, 14.71429, 5.57143], "texture": "#5"},
				"west": {"uv": [13.71429, 0, 14.57143, 0.42857], "texture": "#5"},
				"up": {"uv": [14.57143, 1, 13.71429, 0.57143], "rotation": 90, "texture": "#5"},
				"down": {"uv": [5.42857, 13.71429, 4.57143, 14.14286], "rotation": 270, "texture": "#5"}
			}
		},
		{
			"from": [8.50156, 8.50156, 6.5],
			"to": [9.30156, 9.30156, 9.1],
			"rotation": {"angle": 45, "axis": "z", "origin": [8, 8, 8]},
			"faces": {
				"east": {"uv": [14.85714, 8.14286, 16, 7.71429], "texture": "#5"},
				"west": {"uv": [14.85714, 7.71429, 16, 8.14286], "texture": "#5"},
				"up": {"uv": [16, 8.14286, 14.85714, 7.71429], "rotation": 90, "texture": "#5"},
				"down": {"uv": [16, 8.14286, 14.85714, 7.71429], "rotation": 270, "texture": "#5"}
			}
		},
		{
			"from": [3.83465, 3.83465, 6.5],
			"to": [4.63465, 4.63465, 9.1],
			"rotation": {"angle": 45, "axis": "z", "origin": [8, 8, 8]},
			"faces": {
				"east": {"uv": [14.85714, 8.14286, 16, 7.71429], "texture": "#5"},
				"west": {"uv": [14.85714, 7.71429, 16, 8.14286], "texture": "#5"},
				"up": {"uv": [16, 8.14286, 14.85714, 7.71429], "rotation": 90, "texture": "#5"},
				"down": {"uv": [16, 8.14286, 14.85714, 7.71429], "rotation": 270, "texture": "#5"}
			}
		},
		{
			"from": [9, -5.675, 6.35],
			"to": [13, 12.325, 6.38],
			"rotation": {"angle": 0, "axis": "y", "origin": [8, 8, 8]},
			"faces": {
				"north": {"uv": [1.14286, 5.14286, 3.42857, 15.42857], "texture": "#5"},
				"south": {"uv": [3.42857, 5.14286, 1.14286, 15.42857], "texture": "#5"}
			}
		},
		{
			"from": [11.98797, -5.675, 4.56218],
			"to": [13.98797, 12.325, 4.59218],
			"rotation": {"angle": -22.5, "axis": "y", "origin": [8, 8, 8]},
			"faces": {
				"north": {"uv": [0, 5.14286, 1.14286, 15.42857], "texture": "#5"},
				"south": {"uv": [1.14286, 5.14286, 0, 15.42857], "texture": "#5"}
			}
		},
		{
			"from": [3, -5.675, 6.35],
			"to": [7, 12.325, 6.38],
			"rotation": {"angle": 0, "axis": "y", "origin": [8, 8, 8]},
			"faces": {
				"north": {"uv": [3.42857, 5.14286, 1.14286, 15.42857], "texture": "#5"},
				"south": {"uv": [1.14286, 5.14286, 3.42857, 15.42857], "texture": "#5"}
			}
		},
		{
			"from": [2.01203, -5.675, 4.56218],
			"to": [4.01203, 12.325, 4.59218],
			"rotation": {"angle": 22.5, "axis": "y", "origin": [8, 8, 8]},
			"faces": {
				"north": {"uv": [1.14286, 5.14286, 0, 15.42857], "texture": "#5"},
				"south": {"uv": [0, 5.14286, 1.14286, 15.42857], "texture": "#5"}
			}
		},
		{
			"from": [-0.75, 10.575, 6.22],
			"to": [6.75, 19.075, 6.28],
			"rotation": {"angle": 0, "axis": "y", "origin": [8, 8, 8]},
			"faces": {
				"north": {"uv": [6.57143, 0, 2.28571, 4.85714], "texture": "#5"},
				"south": {"uv": [2.28571, 0, 6.57143, 4.85714], "texture": "#5"}
			}
		},
		{
			"from": [5.5, -0.825, 9.6],
			"to": [10.5, 4.175, 9.6],
			"rotation": {"angle": 0, "axis": "y", "origin": [8, 8, 8]},
			"faces": {
				"north": {"uv": [0, 0, 10, 10], "texture": "#4"}
			}
		},
		{
			"from": [5.5, -0.825, 10.15],
			"to": [10.5, 4.175, 10.15],
			"rotation": {"angle": 0, "axis": "y", "origin": [8, 8, 8]},
			"faces": {
				"south": {"uv": [10, 0, 0, 10], "texture": "#4"}
			}
		},
		{
			"from": [5.5, 7.475, 10.15],
			"to": [10.5, 12.475, 10.15],
			"rotation": {"angle": 0, "axis": "y", "origin": [8, 8, 8]},
			"faces": {
				"south": {"uv": [10, 10, 0, 0], "texture": "#4"}
			}
		},
		{
			"from": [5.5, 7.475, 9.6],
			"to": [10.5, 12.475, 9.6],
			"rotation": {"angle": 0, "axis": "y", "origin": [8, 8, 8]},
			"faces": {
				"north": {"uv": [0, 10, 10, 0], "texture": "#4"}
			}
		},
		{
			"from": [10.25, 10.825, 5.85],
			"to": [17.25, 19.325, 5.85],
			"rotation": {"angle": 0, "axis": "y", "origin": [8, 8, 8]},
			"faces": {
				"north": {"uv": [0, 0, 9.33333, 11.33333], "texture": "#3"}
			}
		},
		{
			"from": [-1.25, 10.825, 5.85],
			"to": [5.75, 19.325, 5.85],
			"rotation": {"angle": 0, "axis": "y", "origin": [8, 8, 8]},
			"faces": {
				"north": {"uv": [9.33333, 0, 0, 11.33333], "texture": "#3"}
			}
		},
		{
			"from": [10.4, -5.925, 6.05],
			"to": [16.4, 17.575, 6.05],
			"rotation": {"angle": 0, "axis": "y", "origin": [8, 8, 8]},
			"faces": {
				"north": {"uv": [0, 0, 3.66607, 15.66607], "texture": "#6"}
			}
		},
		{
			"from": [-0.4, -5.925, 6.05],
			"to": [5.6, 17.575, 6.05],
			"rotation": {"angle": 0, "axis": "y", "origin": [8, 8, 8]},
			"faces": {
				"north": {"uv": [3.66607, 0, 0, 15.66607], "texture": "#6"}
			}
		}
	],
	"gui_light": "front",
	"display": {
		"thirdperson_righthand": {
			"rotation": [0, -90, 0],
			"translation": [2, 0, 1.25]
		},
		"thirdperson_lefthand": {
			"rotation": [0, -90, 0],
			"translation": [2, 0, 1.25]
		},
		"firstperson_righthand": {
			"rotation": [0, 0, 7],
			"translation": [0, 1.5, 0.5]
		},
		"firstperson_lefthand": {
			"rotation": [0, 0, 7],
			"translation": [0, 1.5, 0.5]
		},
		"ground": {
			"rotation": [45, 0, 0],
			"translation": [0, 9.5, 0]
		},
		"gui": {
			"rotation": [0, 180, -45],
			"translation": [0.25, -0.25, 0],
			"scale": [0.69531, 0.69531, 0.69531]
		},
		"fixed": {
			"translation": [0, 4, -0.5],
			"scale": [2, 2, 2]
		}
	}
}