{
	"credit": "Made by PolygonMC",
	"texture_size": [24, 24],
	"textures": {
		"3": "fairyset/animations/animations_pickaxe",
		"4": "fairyset/animations/animations_03",
		"5": "fairyset/staff",
		"particle": "fairyset/animations/animations_pickaxe"
	},
	"elements": [
		{
			"from": [7.5, 0.8, 7.5],
			"to": [8.5, 6.8, 8.5],
			"rotation": {"angle": 0, "axis": "y", "origin": [7.5, 0, 7.5]},
			"faces": {
				"north": {"uv": [2.66667, 6, 3.33333, 10], "texture": "#5"},
				"east": {"uv": [3.33333, 6.66667, 4, 10.66667], "texture": "#5"},
				"south": {"uv": [4, 6.66667, 4.66667, 10.66667], "texture": "#5"},
				"west": {"uv": [4.66667, 6.66667, 5.33333, 10.66667], "texture": "#5"}
			}
		},
		{
			"from": [7.5, 11.8, 7.5],
			"to": [8.5, 15.8, 8.5],
			"rotation": {"angle": 0, "axis": "y", "origin": [8, 11.55, 8]},
			"faces": {
				"north": {"uv": [8, 8, 8.66667, 10.66667], "texture": "#5"},
				"east": {"uv": [8, 8, 8.66667, 10.66667], "texture": "#5"},
				"south": {"uv": [8, 8, 8.66667, 10.66667], "texture": "#5"},
				"west": {"uv": [8, 8, 8.66667, 10.66667], "texture": "#5"}
			}
		},
		{
			"from": [7.4, 1.8, 7.4],
			"to": [8.6, 2.3, 8.6],
			"rotation": {"angle": 0, "axis": "y", "origin": [7.5, 0, 7.5]},
			"faces": {
				"north": {"uv": [10.66667, 13.33333, 11.5, 13.66667], "texture": "#5"},
				"east": {"uv": [12, 13.33333, 12.83333, 13.66667], "texture": "#5"},
				"south": {"uv": [13.33333, 12, 14.16667, 12.33333], "texture": "#5"},
				"west": {"uv": [13.33333, 12.66667, 14.16667, 13], "texture": "#5"},
				"up": {"uv": [11.5, 7.5, 10.66667, 6.66667], "texture": "#5"},
				"down": {"uv": [8.16667, 10.66667, 7.33333, 11.5], "texture": "#5"}
			}
		},
		{
			"from": [7.4, 5.55, 7.4],
			"to": [8.6, 6.05, 8.6],
			"rotation": {"angle": 0, "axis": "y", "origin": [7.5, 0, 7.5]},
			"faces": {
				"north": {"uv": [13.33333, 13.33333, 14.16667, 13.66667], "texture": "#5"},
				"east": {"uv": [0, 14, 0.83333, 14.33333], "texture": "#5"},
				"south": {"uv": [14, 0, 14.83333, 0.33333], "texture": "#5"},
				"west": {"uv": [14, 0.66667, 14.83333, 1], "texture": "#5"},
				"up": {"uv": [9.5, 11.5, 8.66667, 10.66667], "texture": "#5"},
				"down": {"uv": [0.83333, 11.33333, 0, 12.16667], "texture": "#5"}
			}
		},
		{
			"from": [7.4, 3.3, 7.4],
			"to": [8.6, 4.55, 8.6],
			"rotation": {"angle": 0, "axis": "y", "origin": [7.5, 0, 7.5]},
			"faces": {
				"north": {"uv": [11.33333, 0, 12.16667, 0.83333], "texture": "#5"},
				"east": {"uv": [1.33333, 11.33333, 2.16667, 12.16667], "texture": "#5"},
				"south": {"uv": [4, 11.33333, 4.83333, 12.16667], "texture": "#5"},
				"west": {"uv": [11.33333, 4.66667, 12.16667, 5.5], "texture": "#5"},
				"up": {"uv": [12.16667, 10.16667, 11.33333, 9.33333], "texture": "#5"},
				"down": {"uv": [10.83333, 11.33333, 10, 12.16667], "texture": "#5"}
			}
		},
		{
			"from": [7.4, 6.8, 7.4],
			"to": [8.6, 11.8, 8.6],
			"rotation": {"angle": 0, "axis": "y", "origin": [8, 11.55, 8]},
			"faces": {
				"north": {"uv": [0, 6, 0.83333, 9.33333], "texture": "#5"},
				"east": {"uv": [1.33333, 6, 2.16667, 9.33333], "texture": "#5"},
				"south": {"uv": [6, 2.66667, 6.83333, 6], "texture": "#5"},
				"west": {"uv": [6, 6, 6.83333, 9.33333], "texture": "#5"},
				"up": {"uv": [0.83333, 13.5, 0, 12.66667], "texture": "#5"},
				"down": {"uv": [13.5, 0, 12.66667, 0.83333], "texture": "#5"}
			}
		},
		{
			"from": [7.4, -0.1, 7.4],
			"to": [8.6, 1.1, 8.6],
			"rotation": {"angle": -45, "axis": "x", "origin": [8, 0.5, 8]},
			"faces": {
				"north": {"uv": [11.33333, 10.66667, 12.16667, 11.5], "texture": "#5"},
				"east": {"uv": [12, 1.33333, 12.83333, 2.16667], "texture": "#5"},
				"south": {"uv": [12, 2.66667, 12.83333, 3.5], "texture": "#5"},
				"west": {"uv": [12, 6, 12.83333, 6.83333], "texture": "#5"},
				"up": {"uv": [8.16667, 12.83333, 7.33333, 12], "texture": "#5"},
				"down": {"uv": [12.83333, 7.33333, 12, 8.16667], "texture": "#5"}
			}
		},
		{
			"from": [7.2, 0.1, 7.6],
			"to": [8.8, 0.9, 8.4],
			"rotation": {"angle": -45, "axis": "x", "origin": [8, 0.5, 8]},
			"faces": {
				"north": {"uv": [12.66667, 5.33333, 13.66667, 5.83333], "texture": "#5"},
				"east": {"uv": [14, 2.66667, 14.5, 3.16667], "texture": "#5"},
				"south": {"uv": [12.66667, 9.33333, 13.66667, 9.83333], "texture": "#5"},
				"west": {"uv": [3.33333, 14, 3.83333, 14.5], "texture": "#5"},
				"up": {"uv": [11, 13.16667, 10, 12.66667], "texture": "#5"},
				"down": {"uv": [13.66667, 10, 12.66667, 10.5], "texture": "#5"}
			}
		},
		{
			"from": [7.3, 21.325, 7.4],
			"to": [8.7, 23.525, 9.6],
			"rotation": {"angle": -45, "axis": "x", "origin": [8, 21.925, 8]},
			"faces": {
				"north": {"uv": [0, 9.33333, 1, 10.83333], "texture": "#5"},
				"east": {"uv": [7.33333, 4, 8.83333, 5.5], "texture": "#5"},
				"south": {"uv": [1.33333, 9.33333, 2.33333, 10.83333], "texture": "#5"},
				"west": {"uv": [7.33333, 6, 8.83333, 7.5], "texture": "#5"},
				"up": {"uv": [10.33333, 4.16667, 9.33333, 2.66667], "texture": "#5"},
				"down": {"uv": [10.33333, 4.66667, 9.33333, 6.16667], "texture": "#5"}
			}
		},
		{
			"from": [7.05, 21.575, 7.65],
			"to": [8.95, 23.275, 9.35],
			"rotation": {"angle": -45, "axis": "x", "origin": [8, 21.925, 8]},
			"faces": {
				"north": {"uv": [8, 2.66667, 9.33333, 3.83333], "texture": "#5"},
				"east": {"uv": [6, 9.33333, 7.16667, 10.5], "texture": "#5"},
				"south": {"uv": [8.66667, 0, 10, 1.16667], "texture": "#5"},
				"west": {"uv": [9.33333, 6.66667, 10.5, 7.83333], "texture": "#5"},
				"up": {"uv": [10, 2.5, 8.66667, 1.33333], "texture": "#5"},
				"down": {"uv": [10, 8, 8.66667, 9.16667], "texture": "#5"}
			}
		},
		{
			"from": [7.4, 22.09575, 5.34675],
			"to": [8.6, 23.09575, 7.34675],
			"rotation": {"angle": 0, "axis": "x", "origin": [8, 22.69176, 6.41522]},
			"faces": {
				"north": {"uv": [12, 8.66667, 12.83333, 9.33333], "texture": "#5"},
				"east": {"uv": [4, 10.66667, 5.33333, 11.33333], "texture": "#5"},
				"west": {"uv": [10.66667, 4, 12, 4.66667], "texture": "#5"},
				"down": {"uv": [11.5, 2.66667, 10.66667, 4], "texture": "#5"}
			}
		},
		{
			"from": [7.495, 21.64926, 5.50522],
			"to": [8.505, 22.45926, 7.12522],
			"rotation": {"angle": -22.5, "axis": "x", "origin": [8, 22.69176, 6.41522]},
			"faces": {
				"north": {"uv": [13.33333, 4.66667, 14, 5.16667], "texture": "#5"},
				"east": {"uv": [12.66667, 10.66667, 13.66667, 11.16667], "texture": "#5"},
				"west": {"uv": [12.66667, 11.33333, 13.66667, 11.83333], "texture": "#5"},
				"down": {"uv": [2, 12.66667, 1.33333, 13.66667], "texture": "#5"}
			}
		},
		{
			"from": [7.33, 22.64325, 4.89515],
			"to": [8.67, 23.78325, 7.17515],
			"rotation": {"angle": 22.5, "axis": "x", "origin": [8, 22.69176, 6.41522]},
			"faces": {
				"north": {"uv": [8.66667, 12, 9.5, 12.83333], "texture": "#5"},
				"east": {"uv": [10, 1.33333, 11.5, 2.16667], "texture": "#5"},
				"south": {"uv": [11.33333, 12, 12.16667, 12.83333], "texture": "#5"},
				"west": {"uv": [10, 8, 11.5, 8.83333], "texture": "#5"},
				"up": {"uv": [10.83333, 10.83333, 10, 9.33333], "texture": "#5"},
				"down": {"uv": [3.5, 10.66667, 2.66667, 12.16667], "texture": "#5"}
			}
		},
		{
			"from": [7.985, -2.25, 5.75],
			"to": [8.015, 1.75, 10.25],
			"rotation": {"angle": 0, "axis": "y", "origin": [7.985, -1.25, 6.5]},
			"faces": {
				"east": {"uv": [6.33333, 0, 3.33333, 2.66667], "texture": "#5"},
				"west": {"uv": [3.33333, 0, 6.33333, 2.66667], "texture": "#5"}
			}
		},
		{
			"from": [7.5, 16, 7.25],
			"to": [8.5, 22, 8.75],
			"rotation": {"angle": 0, "axis": "y", "origin": [7.75, 11, 6.75]},
			"faces": {
				"north": {"uv": [5.33333, 6.66667, 6, 10.66667], "texture": "#5"},
				"east": {"uv": [3.33333, 2.66667, 4.33333, 6.66667], "texture": "#5"},
				"south": {"uv": [7.33333, 0, 8, 4], "texture": "#5"},
				"west": {"uv": [4.66667, 2.66667, 5.66667, 6.66667], "texture": "#5"}
			}
		},
		{
			"from": [7.601, 18.17938, 5.22084],
			"to": [8.399, 19.17938, 5.97084],
			"rotation": {"angle": -45, "axis": "x", "origin": [8.001, 20.17938, 5.59584]},
			"faces": {
				"north": {"uv": [7.33333, 13.33333, 7.83333, 14], "texture": "#5"},
				"east": {"uv": [13.33333, 7.33333, 13.83333, 8], "texture": "#5"},
				"south": {"uv": [8, 13.33333, 8.5, 14], "texture": "#5"},
				"west": {"uv": [13.33333, 8, 13.83333, 8.66667], "texture": "#5"},
				"up": {"uv": [14.5, 3.83333, 14, 3.33333], "texture": "#5"}
			}
		},
		{
			"from": [7.601, 21.4205, 6.1565],
			"to": [8.399, 22.1705, 7.1565],
			"rotation": {"angle": -45, "axis": "x", "origin": [8.001, 21.7955, 6.6565]},
			"faces": {
				"east": {"uv": [8.66667, 13.33333, 9.33333, 13.83333], "texture": "#5"},
				"south": {"uv": [4, 14, 4.5, 14.5], "texture": "#5"},
				"west": {"uv": [13.33333, 8.66667, 14, 9.16667], "texture": "#5"},
				"up": {"uv": [9.83333, 14, 9.33333, 13.33333], "texture": "#5"},
				"down": {"uv": [10.5, 13.33333, 10, 14], "texture": "#5"}
			}
		},
		{
			"from": [7.6, 19.20711, 6.03778],
			"to": [8.4, 21.70711, 6.78778],
			"rotation": {"angle": 0, "axis": "x", "origin": [8, 19.95711, 6.41278]},
			"faces": {
				"north": {"uv": [10.66667, 4.66667, 11.16667, 6.33333], "texture": "#5"},
				"east": {"uv": [5.33333, 10.66667, 5.83333, 12.33333], "texture": "#5"},
				"south": {"uv": [6, 10.66667, 6.5, 12.33333], "texture": "#5"},
				"west": {"uv": [6.66667, 10.66667, 7.16667, 12.33333], "texture": "#5"},
				"up": {"uv": [14.5, 4.5, 14, 4], "texture": "#5"},
				"down": {"uv": [5.16667, 14, 4.66667, 14.5], "texture": "#5"}
			}
		},
		{
			"from": [7.5975, 17.24489, 8],
			"to": [8.4025, 19.01989, 9.775],
			"rotation": {"angle": -45, "axis": "x", "origin": [7.7475, 17.24489, 8]},
			"faces": {
				"north": {"uv": [12.66667, 4, 13.16667, 5.16667], "texture": "#5"},
				"east": {"uv": [8.66667, 9.33333, 9.83333, 10.5], "texture": "#5"},
				"south": {"uv": [4.66667, 12.66667, 5.16667, 13.83333], "texture": "#5"},
				"west": {"uv": [10, 0, 11.16667, 1.16667], "texture": "#5"},
				"up": {"uv": [5.83333, 13.83333, 5.33333, 12.66667], "texture": "#5"},
				"down": {"uv": [6.5, 12.66667, 6, 13.83333], "texture": "#5"}
			}
		},
		{
			"from": [7.4975, 15.24835, 8],
			"to": [8.5025, 16.31135, 9.063],
			"rotation": {"angle": -45, "axis": "x", "origin": [8.2525, 15.24835, 8]},
			"faces": {
				"north": {"uv": [2.66667, 10, 3.33333, 10.66667], "texture": "#5"},
				"east": {"uv": [11.33333, 6, 12, 6.66667], "texture": "#5"},
				"south": {"uv": [12, 4, 12.66667, 4.66667], "texture": "#5"},
				"west": {"uv": [6.66667, 12.66667, 7.33333, 13.33333], "texture": "#5"},
				"up": {"uv": [13.33333, 12.66667, 12.66667, 12], "texture": "#5"},
				"down": {"uv": [13.33333, 12.66667, 12.66667, 13.33333], "texture": "#5"}
			}
		},
		{
			"from": [7.5, 23.47654, 6.07178],
			"to": [8.5, 24.97654, 7.07178],
			"rotation": {"angle": -22.5, "axis": "x", "origin": [8, 25.21485, 6.90852]},
			"faces": {
				"north": {"uv": [2, 12.66667, 2.66667, 13.66667], "texture": "#5"},
				"east": {"uv": [2.66667, 12.66667, 3.33333, 13.66667], "texture": "#5"},
				"south": {"uv": [3.33333, 12.66667, 4, 13.66667], "texture": "#5"},
				"west": {"uv": [4, 12.66667, 4.66667, 13.66667], "texture": "#5"},
				"up": {"uv": [14, 2, 13.33333, 1.33333], "texture": "#5"}
			}
		},
		{
			"from": [7.605, 24.67718, 6.28869],
			"to": [8.395, 25.86218, 7.07869],
			"rotation": {"angle": 0, "axis": "x", "origin": [8, 25.21485, 6.90852]},
			"faces": {
				"north": {"uv": [13.33333, 2, 13.83333, 2.83333], "texture": "#5"},
				"east": {"uv": [13.33333, 3.33333, 13.83333, 4.16667], "texture": "#5"},
				"south": {"uv": [13.33333, 6, 13.83333, 6.83333], "texture": "#5"},
				"west": {"uv": [6.66667, 13.33333, 7.16667, 14.16667], "texture": "#5"},
				"up": {"uv": [14.5, 5.16667, 14, 4.66667], "texture": "#5"}
			}
		},
		{
			"from": [7.68795, 25.55871, 6.13574],
			"to": [8.31205, 26.74486, 6.75984],
			"rotation": {"angle": 22.5, "axis": "x", "origin": [8, 25.21485, 6.90852]},
			"faces": {
				"north": {"uv": [1.33333, 14, 1.66667, 14.83333], "texture": "#5"},
				"east": {"uv": [14, 1.33333, 14.33333, 2.16667], "texture": "#5"},
				"south": {"uv": [2, 14, 2.33333, 14.83333], "texture": "#5"},
				"west": {"uv": [2.66667, 14, 3, 14.83333], "texture": "#5"},
				"up": {"uv": [5.66667, 14.33333, 5.33333, 14], "texture": "#5"}
			}
		},
		{
			"from": [7.4, 22.09575, 8.65325],
			"to": [8.6, 23.09575, 10.65325],
			"rotation": {"angle": 0, "axis": "x", "origin": [8, 22.69176, 9.58478]},
			"faces": {
				"east": {"uv": [5.33333, 10.66667, 4, 11.33333], "texture": "#5"},
				"south": {"uv": [12.83333, 8.66667, 12, 9.33333], "texture": "#5"},
				"west": {"uv": [12, 4, 10.66667, 4.66667], "texture": "#5"},
				"down": {"uv": [11.5, 4, 10.66667, 2.66667], "texture": "#5"}
			}
		},
		{
			"from": [7.495, 21.64926, 8.87478],
			"to": [8.505, 22.45926, 10.49478],
			"rotation": {"angle": 22.5, "axis": "x", "origin": [8, 22.69176, 9.58478]},
			"faces": {
				"east": {"uv": [13.66667, 10.66667, 12.66667, 11.16667], "texture": "#5"},
				"south": {"uv": [14, 4.66667, 13.33333, 5.16667], "texture": "#5"},
				"west": {"uv": [13.66667, 11.33333, 12.66667, 11.83333], "texture": "#5"},
				"down": {"uv": [2, 13.66667, 1.33333, 12.66667], "texture": "#5"}
			}
		},
		{
			"from": [7.33, 22.64325, 8.82485],
			"to": [8.67, 23.78325, 11.10485],
			"rotation": {"angle": -22.5, "axis": "x", "origin": [8, 22.69176, 9.58478]},
			"faces": {
				"north": {"uv": [12.16667, 12, 11.33333, 12.83333], "texture": "#5"},
				"east": {"uv": [11.5, 1.33333, 10, 2.16667], "texture": "#5"},
				"south": {"uv": [9.5, 12, 8.66667, 12.83333], "texture": "#5"},
				"west": {"uv": [11.5, 8, 10, 8.83333], "texture": "#5"},
				"up": {"uv": [10.83333, 9.33333, 10, 10.83333], "texture": "#5"},
				"down": {"uv": [3.5, 12.16667, 2.66667, 10.66667], "texture": "#5"}
			}
		},
		{
			"from": [7.601, 18.17938, 10.02916],
			"to": [8.399, 19.17938, 10.77916],
			"rotation": {"angle": 45, "axis": "x", "origin": [8.001, 20.17938, 10.40416]},
			"faces": {
				"north": {"uv": [8.5, 13.33333, 8, 14], "texture": "#5"},
				"east": {"uv": [13.83333, 7.33333, 13.33333, 8], "texture": "#5"},
				"south": {"uv": [7.83333, 13.33333, 7.33333, 14], "texture": "#5"},
				"west": {"uv": [13.83333, 8, 13.33333, 8.66667], "texture": "#5"},
				"up": {"uv": [14.5, 3.33333, 14, 3.83333], "texture": "#5"}
			}
		},
		{
			"from": [7.601, 21.4205, 8.8435],
			"to": [8.399, 22.1705, 9.8435],
			"rotation": {"angle": 45, "axis": "x", "origin": [8.001, 21.7955, 9.3435]},
			"faces": {
				"north": {"uv": [4.5, 14, 4, 14.5], "texture": "#5"},
				"east": {"uv": [9.33333, 13.33333, 8.66667, 13.83333], "texture": "#5"},
				"west": {"uv": [14, 8.66667, 13.33333, 9.16667], "texture": "#5"},
				"up": {"uv": [9.83333, 13.33333, 9.33333, 14], "texture": "#5"},
				"down": {"uv": [10.5, 14, 10, 13.33333], "texture": "#5"}
			}
		},
		{
			"from": [7.6, 19.20711, 9.21222],
			"to": [8.4, 21.70711, 9.96222],
			"rotation": {"angle": 0, "axis": "x", "origin": [8, 19.95711, 9.58722]},
			"faces": {
				"north": {"uv": [6.5, 10.66667, 6, 12.33333], "texture": "#5"},
				"east": {"uv": [5.83333, 10.66667, 5.33333, 12.33333], "texture": "#5"},
				"south": {"uv": [11.16667, 4.66667, 10.66667, 6.33333], "texture": "#5"},
				"west": {"uv": [7.16667, 10.66667, 6.66667, 12.33333], "texture": "#5"},
				"up": {"uv": [14.5, 4, 14, 4.5], "texture": "#5"},
				"down": {"uv": [5.16667, 14.5, 4.66667, 14], "texture": "#5"}
			}
		},
		{
			"from": [7.5, 23.47654, 8.92822],
			"to": [8.5, 24.97654, 9.92822],
			"rotation": {"angle": 22.5, "axis": "x", "origin": [8, 25.21485, 9.09148]},
			"faces": {
				"north": {"uv": [4, 12.66667, 3.33333, 13.66667], "texture": "#5"},
				"east": {"uv": [3.33333, 12.66667, 2.66667, 13.66667], "texture": "#5"},
				"south": {"uv": [2.66667, 12.66667, 2, 13.66667], "texture": "#5"},
				"west": {"uv": [4.66667, 12.66667, 4, 13.66667], "texture": "#5"},
				"up": {"uv": [14, 1.33333, 13.33333, 2], "texture": "#5"}
			}
		},
		{
			"from": [7.605, 24.67718, 8.92131],
			"to": [8.395, 25.86218, 9.71131],
			"rotation": {"angle": 0, "axis": "x", "origin": [8, 25.21485, 9.09148]},
			"faces": {
				"north": {"uv": [13.83333, 6, 13.33333, 6.83333], "texture": "#5"},
				"east": {"uv": [13.83333, 3.33333, 13.33333, 4.16667], "texture": "#5"},
				"south": {"uv": [13.83333, 2, 13.33333, 2.83333], "texture": "#5"},
				"west": {"uv": [7.16667, 13.33333, 6.66667, 14.16667], "texture": "#5"},
				"up": {"uv": [14.5, 4.66667, 14, 5.16667], "texture": "#5"}
			}
		},
		{
			"from": [7.68795, 25.55871, 9.24016],
			"to": [8.31205, 26.74486, 9.86426],
			"rotation": {"angle": -22.5, "axis": "x", "origin": [8, 25.21485, 9.09148]},
			"faces": {
				"north": {"uv": [2.33333, 14, 2, 14.83333], "texture": "#5"},
				"east": {"uv": [14.33333, 1.33333, 14, 2.16667], "texture": "#5"},
				"south": {"uv": [1.66667, 14, 1.33333, 14.83333], "texture": "#5"},
				"west": {"uv": [3, 14, 2.66667, 14.83333], "texture": "#5"},
				"up": {"uv": [5.66667, 14, 5.33333, 14.33333], "texture": "#5"}
			}
		},
		{
			"from": [5.04621, 23.98889, 7.68795],
			"to": [5.67031, 25.17504, 8.31205],
			"rotation": {"angle": 22.5, "axis": "z", "origin": [5.74614, 23.61484, 8]},
			"faces": {
				"north": {"uv": [3, 14, 2.66667, 14.83333], "texture": "#5"},
				"east": {"uv": [2.33333, 14, 2, 14.83333], "texture": "#5"},
				"south": {"uv": [14.33333, 1.33333, 14, 2.16667], "texture": "#5"},
				"west": {"uv": [1.66667, 14, 1.33333, 14.83333], "texture": "#5"},
				"up": {"uv": [5.66667, 14, 5.33333, 14.33333], "rotation": 90, "texture": "#5"}
			}
		},
		{
			"from": [5.0988, 23.07388, 7.605],
			"to": [6.2838, 23.86388, 8.395],
			"rotation": {"angle": -45, "axis": "z", "origin": [5.74614, 23.61484, 8]},
			"faces": {
				"north": {"uv": [7.16667, 13.33333, 6.66667, 14.16667], "rotation": 90, "texture": "#5"},
				"south": {"uv": [13.83333, 3.33333, 13.33333, 4.16667], "rotation": 270, "texture": "#5"},
				"west": {"uv": [14.5, 4.66667, 14, 5.16667], "texture": "#5"},
				"up": {"uv": [13.83333, 6, 13.33333, 6.83333], "rotation": 270, "texture": "#5"},
				"down": {"uv": [13.83333, 2, 13.33333, 2.83333], "rotation": 270, "texture": "#5"}
			}
		},
		{
			"from": [6.01462, 22.85097, 7.5],
			"to": [7.51462, 23.85097, 8.5],
			"rotation": {"angle": -22.5, "axis": "z", "origin": [5.74614, 23.61484, 8]},
			"faces": {
				"north": {"uv": [4.66667, 12.66667, 4, 13.66667], "rotation": 90, "texture": "#5"},
				"south": {"uv": [3.33333, 12.66667, 2.66667, 13.66667], "rotation": 270, "texture": "#5"},
				"west": {"uv": [14, 1.33333, 13.33333, 2], "texture": "#5"},
				"up": {"uv": [4, 12.66667, 3.33333, 13.66667], "rotation": 270, "texture": "#5"},
				"down": {"uv": [2.66667, 12.66667, 2, 13.66667], "rotation": 270, "texture": "#5"}
			}
		},
		{
			"from": [10.32969, 23.98889, 7.68795],
			"to": [10.95379, 25.17504, 8.31205],
			"rotation": {"angle": -22.5, "axis": "z", "origin": [10.25386, 23.61484, 8]},
			"faces": {
				"north": {"uv": [2.66667, 14, 3, 14.83333], "texture": "#5"},
				"east": {"uv": [1.33333, 14, 1.66667, 14.83333], "texture": "#5"},
				"south": {"uv": [14, 1.33333, 14.33333, 2.16667], "texture": "#5"},
				"west": {"uv": [2, 14, 2.33333, 14.83333], "texture": "#5"},
				"up": {"uv": [5.66667, 14.33333, 5.33333, 14], "rotation": 90, "texture": "#5"}
			}
		},
		{
			"from": [9.7162, 23.07388, 7.605],
			"to": [10.9012, 23.86388, 8.395],
			"rotation": {"angle": 45, "axis": "z", "origin": [10.25386, 23.61484, 8]},
			"faces": {
				"north": {"uv": [7.16667, 14.16667, 6.66667, 13.33333], "rotation": 90, "texture": "#5"},
				"east": {"uv": [14, 4.66667, 14.5, 5.16667], "texture": "#5"},
				"south": {"uv": [13.83333, 4.16667, 13.33333, 3.33333], "rotation": 270, "texture": "#5"},
				"up": {"uv": [13.83333, 6.83333, 13.33333, 6], "rotation": 270, "texture": "#5"},
				"down": {"uv": [13.83333, 2.83333, 13.33333, 2], "rotation": 270, "texture": "#5"}
			}
		},
		{
			"from": [8.48538, 22.85097, 7.5],
			"to": [9.98538, 23.85097, 8.5],
			"rotation": {"angle": 22.5, "axis": "z", "origin": [10.25386, 23.61484, 8]},
			"faces": {
				"north": {"uv": [4.66667, 13.66667, 4, 12.66667], "rotation": 90, "texture": "#5"},
				"east": {"uv": [13.33333, 1.33333, 14, 2], "texture": "#5"},
				"south": {"uv": [3.33333, 13.66667, 2.66667, 12.66667], "rotation": 270, "texture": "#5"},
				"up": {"uv": [4, 13.66667, 3.33333, 12.66667], "rotation": 270, "texture": "#5"},
				"down": {"uv": [2.66667, 13.66667, 2, 12.66667], "rotation": 270, "texture": "#5"}
			}
		},
		{
			"from": [7.6, -2.5, 5.5],
			"to": [7.6, 2.5, 10.5],
			"rotation": {"angle": 0, "axis": "y", "origin": [7.6, -7, 6.5]},
			"faces": {
				"west": {"uv": [0, 0, 10, 10], "texture": "#4"}
			}
		},
		{
			"from": [8.4, -2.5, 5.5],
			"to": [8.4, 2.5, 10.5],
			"rotation": {"angle": 0, "axis": "y", "origin": [8.4, -7, 6.5]},
			"faces": {
				"east": {"uv": [10, 0, 0, 10], "texture": "#4"}
			}
		},
		{
			"from": [8, 23.725, 3.125],
			"to": [8.03, 30.725, 6.875],
			"rotation": {"angle": -22.5, "axis": "x", "origin": [8.015, 27.225, 5]},
			"faces": {
				"east": {"uv": [14, 7.5, 0, 0], "rotation": 270, "texture": "#3"},
				"west": {"uv": [0, 7.5, 14, 0], "rotation": 90, "texture": "#3"}
			}
		},
		{
			"from": [8, 23.725, 9.125],
			"to": [8.03, 30.725, 12.875],
			"rotation": {"angle": 22.5, "axis": "x", "origin": [8.015, 27.225, 11]},
			"faces": {
				"east": {"uv": [14, 0, 0, 7.5], "rotation": 270, "texture": "#3"},
				"west": {"uv": [0, 0, 14, 7.5], "rotation": 90, "texture": "#3"}
			}
		},
		{
			"from": [3.36836, 24.87305, 7.985],
			"to": [7.11836, 31.87305, 8.015],
			"rotation": {"angle": 22.5, "axis": "z", "origin": [8.015, 27.225, 8]},
			"faces": {
				"north": {"uv": [0, 0, 14, 7.5], "rotation": 90, "texture": "#3"},
				"south": {"uv": [14, 0, 0, 7.5], "rotation": 270, "texture": "#3"}
			}
		},
		{
			"from": [8.91164, 24.87305, 7.985],
			"to": [12.66164, 31.87305, 8.015],
			"rotation": {"angle": -22.5, "axis": "z", "origin": [8.015, 27.225, 8]},
			"faces": {
				"north": {"uv": [0, 7.5, 14, 0], "rotation": 90, "texture": "#3"},
				"south": {"uv": [14, 7.5, 0, 0], "rotation": 270, "texture": "#3"}
			}
		},
		{
			"from": [6.5, 26, 6.5],
			"to": [9.5, 29, 9.5],
			"rotation": {"angle": -45, "axis": "x", "origin": [8, 27.5, 8]},
			"faces": {
				"north": {"uv": [0.66667, 3.5, 2.66667, 5.5], "texture": "#5"},
				"east": {"uv": [0.66667, 3.5, 2.66667, 5.5], "texture": "#5"},
				"south": {"uv": [0.66667, 3.5, 2.66667, 5.5], "texture": "#5"},
				"west": {"uv": [0.66667, 3.5, 2.66667, 5.5], "texture": "#5"},
				"up": {"uv": [0.66667, 3.5, 2.66667, 5.5], "texture": "#5"},
				"down": {"uv": [0.66667, 3.5, 2.66667, 5.5], "texture": "#5"}
			}
		}
	],
	"gui_light": "front",
	"display": {
		"thirdperson_righthand": {
			"translation": [0, -3.25, 1]
		},
		"thirdperson_lefthand": {
			"translation": [0, -3.25, 1]
		},
		"firstperson_righthand": {
			"rotation": [-10, 0, 0],
			"translation": [0, -5.25, 1.5]
		},
		"firstperson_lefthand": {
			"rotation": [-10, 0, 0],
			"translation": [0, -5.25, 1.5]
		},
		"ground": {
			"rotation": [-45, 0, 0],
			"translation": [0, 9.5, 0]
		},
		"gui": {
			"rotation": [-90, 45, 90],
			"translation": [2.75, -2.75, 0],
			"scale": [0.67969, 0.67969, 0.67969]
		},
		"head": {
			"rotation": [-90, 90, 90]
		},
		"fixed": {
			"rotation": [0, -90, 0],
			"translation": [0, -11, -1.75],
			"scale": [2, 2, 2]
		}
	}
}