{
	"credit": "Made by PolygonMC",
	"texture_size": [28, 28],
	"textures": {
		"1": "fairyset/wings",
		"2": "fairyset/animations/animations_04",
		"particle": "fairyset/animations/animations_04"
	},
	"elements": [
		{
			"from": [6.25, -11.4875, 7.5],
			"to": [9.75, -7.9875, 8.5],
			"rotation": {"angle": -45, "axis": "z", "origin": [8, -9.7375, 8]},
			"faces": {
				"north": {"uv": [0.28571, 12.85714, 2.28571, 14.85714], "texture": "#1"},
				"east": {"uv": [7.14286, 12.85714, 7.71429, 14.85714], "texture": "#1"},
				"south": {"uv": [12.85714, 0.28571, 14.85714, 2.28571], "texture": "#1"},
				"west": {"uv": [12.85714, 7.14286, 13.42857, 9.14286], "texture": "#1"},
				"up": {"uv": [9.71429, 13.42857, 7.71429, 12.85714], "texture": "#1"},
				"down": {"uv": [14.85714, 9.42857, 12.85714, 10], "texture": "#1"}
			}
		},
		{
			"from": [6.75, -10.9875, 7.25],
			"to": [9.25, -8.4875, 8.75],
			"rotation": {"angle": -45, "axis": "z", "origin": [8, -9.7375, 8]},
			"faces": {
				"north": {"uv": [2.57143, 12.85714, 4, 14.28571], "texture": "#1"},
				"east": {"uv": [4.28571, 12.85714, 5.14286, 14.28571], "texture": "#1"},
				"south": {"uv": [12.85714, 2.57143, 14.28571, 4], "texture": "#1"},
				"west": {"uv": [12.85714, 4.28571, 13.71429, 5.71429], "texture": "#1"},
				"up": {"uv": [6.85714, 13.71429, 5.42857, 12.85714], "texture": "#1"},
				"down": {"uv": [14.28571, 6, 12.85714, 6.85714], "texture": "#1"}
			}
		},
		{
			"from": [9.05, -15.1375, 8],
			"to": [16.3, 6.6125, 8.03],
			"rotation": {"angle": 0, "axis": "y", "origin": [9.05, -8.3875, 8]},
			"faces": {
				"north": {"uv": [8.42857, 0, 12.57143, 12.42857], "texture": "#1"},
				"south": {"uv": [12.57143, 0, 8.42857, 12.42857], "texture": "#1"}
			}
		},
		{
			"from": [16.3, -15.1375, 8],
			"to": [23.05, 6.6125, 8.03],
			"rotation": {"angle": -22.5, "axis": "y", "origin": [16.3, -15.1375, 8]},
			"faces": {
				"north": {"uv": [4.57143, 0, 8.42857, 12.42857], "texture": "#1"},
				"south": {"uv": [8.42857, 0, 4.57143, 12.42857], "texture": "#1"}
			}
		},
		{
			"from": [22.50619, -15.1375, 10.58311],
			"to": [22.53619, 6.6125, 18.08311],
			"rotation": {"angle": 45, "axis": "y", "origin": [22.53619, -15.1375, 10.58311]},
			"faces": {
				"east": {"uv": [0.28571, 0, 4.57143, 12.42857], "texture": "#1"},
				"west": {"uv": [4.57143, 0, 0.28571, 12.42857], "texture": "#1"}
			}
		},
		{
			"from": [-0.3, -15.1375, 8],
			"to": [6.95, 6.6125, 8.03],
			"rotation": {"angle": 0, "axis": "y", "origin": [6.95, -8.3875, 8]},
			"faces": {
				"north": {"uv": [12.57143, 0, 8.42857, 12.42857], "texture": "#1"},
				"south": {"uv": [8.42857, 0, 12.57143, 12.42857], "texture": "#1"}
			}
		},
		{
			"from": [-7.05, -15.1375, 8],
			"to": [-0.3, 6.6125, 8.03],
			"rotation": {"angle": 22.5, "axis": "y", "origin": [-0.3, -15.1375, 8]},
			"faces": {
				"north": {"uv": [8.42857, 0, 4.57143, 12.42857], "texture": "#1"},
				"south": {"uv": [4.57143, 0, 8.42857, 12.42857], "texture": "#1"}
			}
		},
		{
			"from": [-6.53619, -15.1375, 10.58311],
			"to": [-6.50619, 6.6125, 18.08311],
			"rotation": {"angle": -45, "axis": "y", "origin": [-6.53619, -15.1375, 10.58311]},
			"faces": {
				"east": {"uv": [0.28571, 0, 4.57143, 12.42857], "texture": "#1"},
				"west": {"uv": [4.57143, 0, 0.28571, 12.42857], "texture": "#1"}
			}
		},
		{
			"from": [9.59011, -11, 7.70509],
			"to": [16.39011, -6.2, 7.70509],
			"rotation": {"angle": 0, "axis": "z", "origin": [19.39011, -8.6, 10.10509]},
			"faces": {
				"north": {"uv": [0, 10, 3.9994, 15.66607], "rotation": 270, "texture": "#2"},
				"south": {"uv": [0, 15.66607, 3.9994, 10], "rotation": 270, "texture": "#2"}
			}
		},
		{
			"from": [16.1313, -11, 9.00621],
			"to": [22.9313, -6.2, 9.00621],
			"rotation": {"angle": -22.5, "axis": "y", "origin": [19.5313, -8.6, 9.00621]},
			"faces": {
				"north": {"uv": [0, 4.33333, 3.9994, 9.99941], "rotation": 270, "texture": "#2"},
				"south": {"uv": [0, 9.99941, 3.9994, 4.33333], "rotation": 270, "texture": "#2"}
			}
		},
		{
			"from": [21.91097, -11, 12.14582],
			"to": [27.11097, -6.2, 12.14582],
			"rotation": {"angle": -45, "axis": "y", "origin": [24.51097, -8.6, 12.14582]},
			"faces": {
				"north": {"uv": [0, 0, 3.9994, 4.33274], "rotation": 270, "texture": "#2"},
				"south": {"uv": [0, 4.33274, 3.9994, 0], "rotation": 270, "texture": "#2"}
			}
		},
		{
			"from": [-0.00989, -10.4, 11.95509],
			"to": [4.79011, -3.6, 11.95509],
			"rotation": {"angle": 22.5, "axis": "x", "origin": [8, -1.23957, 14.17546]},
			"faces": {
				"north": {"uv": [0, 10, 3.9994, 15.66607], "texture": "#2"},
				"south": {"uv": [0, 15.66607, 3.9994, 10], "rotation": 180, "texture": "#2"}
			}
		},
		{
			"from": [-0.00989, -4.27002, 13.0274],
			"to": [4.79011, 2.52998, 13.0274],
			"rotation": {"angle": 45, "axis": "x", "origin": [8, -1.23957, 14.17546]},
			"faces": {
				"north": {"uv": [0, 4.33333, 3.9994, 9.99941], "texture": "#2"},
				"south": {"uv": [0, 9.99941, 3.9994, 4.33333], "rotation": 180, "texture": "#2"}
			}
		},
		{
			"from": [-0.00989, 1.26363, 17.21873],
			"to": [4.79011, 1.26363, 22.41873],
			"rotation": {"angle": -22.5, "axis": "x", "origin": [8, -1.23957, 14.17546]},
			"faces": {
				"up": {"uv": [0, 0, 3.9994, 4.33274], "rotation": 180, "texture": "#2"},
				"down": {"uv": [0, 4.33274, 3.9994, 0], "rotation": 180, "texture": "#2"}
			}
		},
		{
			"from": [11.20989, -10.4, 11.95509],
			"to": [16.00989, -3.6, 11.95509],
			"rotation": {"angle": 22.5, "axis": "x", "origin": [8, -1.23957, 14.17546]},
			"faces": {
				"north": {"uv": [3.9994, 10, 0, 15.66607], "texture": "#2"},
				"south": {"uv": [3.9994, 15.66607, 0, 10], "rotation": 180, "texture": "#2"}
			}
		},
		{
			"from": [11.20989, -4.27002, 13.0274],
			"to": [16.00989, 2.52998, 13.0274],
			"rotation": {"angle": 45, "axis": "x", "origin": [8, -1.23957, 14.17546]},
			"faces": {
				"north": {"uv": [3.9994, 4.33333, 0, 9.99941], "texture": "#2"},
				"south": {"uv": [3.9994, 9.99941, 0, 4.33333], "rotation": 180, "texture": "#2"}
			}
		},
		{
			"from": [11.20989, 1.26363, 17.21873],
			"to": [16.00989, 1.26363, 22.41873],
			"rotation": {"angle": -22.5, "axis": "x", "origin": [8, -1.23957, 14.17546]},
			"faces": {
				"up": {"uv": [3.9994, 0, 0, 4.33274], "rotation": 180, "texture": "#2"},
				"down": {"uv": [3.9994, 4.33274, 0, 0], "rotation": 180, "texture": "#2"}
			}
		},
		{
			"from": [-6.9313, -11, 9.00621],
			"to": [-0.1313, -6.2, 9.00621],
			"rotation": {"angle": 22.5, "axis": "y", "origin": [-3.5313, -8.6, 9.00621]},
			"faces": {
				"north": {"uv": [0, 9.99941, 3.9994, 4.33333], "rotation": 270, "texture": "#2"},
				"south": {"uv": [0, 4.33333, 3.9994, 9.99941], "rotation": 270, "texture": "#2"}
			}
		},
		{
			"from": [-0.39011, -11, 7.70509],
			"to": [6.40989, -6.2, 7.70509],
			"rotation": {"angle": 0, "axis": "z", "origin": [-3.39011, -8.6, 10.10509]},
			"faces": {
				"north": {"uv": [0, 15.66607, 3.9994, 10], "rotation": 270, "texture": "#2"},
				"south": {"uv": [0, 10, 3.9994, 15.66607], "rotation": 270, "texture": "#2"}
			}
		},
		{
			"from": [-11.11097, -11, 12.14582],
			"to": [-5.91097, -6.2, 12.14582],
			"rotation": {"angle": 45, "axis": "y", "origin": [-8.51097, -8.6, 12.14582]},
			"faces": {
				"north": {"uv": [0, 4.33274, 3.9994, 0], "rotation": 270, "texture": "#2"},
				"south": {"uv": [0, 0, 3.9994, 4.33274], "rotation": 270, "texture": "#2"}
			}
		}
	],
	"gui_light": "front",
	"display": {
		"thirdperson_righthand": {
			"rotation": [30.5, 0, 0],
			"translation": [0, 1.25, 0],
			"scale": [0.5332, 0.5332, 0.5332]
		},
		"thirdperson_lefthand": {
			"rotation": [67, 0, 0],
			"translation": [-5.5, -5.75, 12],
			"scale": [1.3, 1.3, 1.3]
		},
		"firstperson_righthand": {
			"rotation": [149.25, 0, -180],
			"translation": [0, 3.75, 1.25],
			"scale": [0.72266, 0.72266, 0.72266]
		},
		"firstperson_lefthand": {
			"scale": [0, 0, 0]
		},
		"ground": {
			"rotation": [-45, 0, 0],
			"translation": [0, 7, -1.5]
		},
		"gui": {
			"rotation": [0, 180, 0],
			"translation": [0, -0.25, 0],
			"scale": [0.45313, 0.45313, 0.45313]
		},
		"head": {
			"translation": [0, -70.5, 7.5],
			"scale": [2.2, 2.2, 2.2]
		},
		"fixed": {
			"rotation": [0, 180, 0],
			"translation": [0, 4.25, -1.5],
			"scale": [2.31641, 2.31641, 2.31641]
		}
	}
}